path,bub_id,frame,n_vertices_prepared,n_vertices_unit,n_triangles,t_mesh_load_s,t_feat_s,t_inference_gpu_s,t_inference_gpu_fwd_s,t_inference_cpu_s,t_nn8_total_gpu_s,t_nn8_total_cpu_s,t_bem_assemble_s,t_bem_solve_s,t_bem_s,f_hz_bem,f_hz_nn8_unit
<bubblegym-data>/selected-dataMR3D_single_bubble_dx2p00mm_v6_rollL/selected-dataMR3D_single_bubble_dx2p00mm_v6_rollL/ppm_ve_home_test_phi_iter/mc_surface_per_bubble_smoothed_lap3/bub_1/frame_00000.obj,1,00000,2622,2622,5240,0.00960970000596717,0.048486399988178164,0.00030236000020522624,0.00018710200005443765,0.00015719299990450962,0.04878875998838339,0.04864359298808267,17.81293790001655,0.3218310000083875,18.134768900024937,5.293385806984718,5.293950863395551
<bubblegym-data>/selected-dataMR3D_single_bubble_dx2p00mm_v6_rollL/selected-dataMR3D_single_bubble_dx2p00mm_v6_rollL/ppm_ve_home_test_phi_iter/mc_surface_per_bubble_smoothed_lap3/bub_1/frame_00400.obj,1,00400,2622,2622,5240,0.009262300009140745,0.0502103999897372,0.00029362100001890213,0.00019495399988954886,0.00027669100003549827,0.0505040209897561,0.05048709098977269,17.369998600013787,0.32530970001243986,17.695308300026227,5.293385806984718,5.293950863395551
<bubblegym-data>/selected-dataMR3D_single_bubble_dx2p00mm_v6_rollL/selected-dataMR3D_single_bubble_dx2p00mm_v6_rollL/ppm_ve_home_test_phi_iter/mc_surface_per_bubble_smoothed_lap3/bub_1/frame_00450.obj,1,00450,2854,2854,5704,0.010206200007814914,0.05193019998841919,0.0003920670002116822,0.00020834700000705198,0.0001738939998904243,0.05232226698863087,0.05210409398830961,19.894920899998397,0.3984838000033051,20.2934047000017,5.295911253145447,5.295639293313194
<bubblegym-data>/selected-dataMR3D_single_bubble_dx2p00mm_v6_rollL/selected-dataMR3D_single_bubble_dx2p00mm_v6_rollL/ppm_ve_home_test_phi_iter/mc_surface_per_bubble_smoothed_lap3/bub_1/frame_00500.obj,1,00500,2882,2882,5760,0.010844899981748313,0.05035240002325736,0.00029671700001927093,0.00019361100014066322,0.00023100499995052815,0.05064911702327663,0.050583405023207885,22.31451530000777,0.4054011999978684,22.71991650000564,5.2954299684611765,5.295299039259167
<bubblegym-data>/selected-dataMR3D_single_bubble_dx2p00mm_v6_rollL/selected-dataMR3D_single_bubble_dx2p00mm_v6_rollL/ppm_ve_home_test_phi_iter/mc_surface_per_bubble_smoothed_lap3/bub_1/frame_00550.obj,1,00550,3002,3002,6000,0.010677500016754493,0.050863999989815056,0.0002963219999219291,0.00018907799996668474,0.0002423619999899529,0.05116032198973699,0.05110636198980501,22.382257500023115,0.460156300017843,22.84241380004096,5.3019121776167575,5.301596331635397
<bubblegym-data>/selected-dataMR3D_single_bubble_dx2p00mm_v6_rollL/selected-dataMR3D_single_bubble_dx2p00mm_v6_rollL/ppm_ve_home_test_phi_iter/mc_surface_per_bubble_smoothed_lap3/bub_1/frame_00600.obj,1,00600,3056,3056,6108,0.011068199994042516,0.05183960002614185,0.0003532470000209287,0.00019011099997442215,0.0002487799999653362,0.05219284702616278,0.05208838002610719,22.646411499998067,0.5379554999817628,23.18436699997983,5.301532160208118,5.302471091147336
<bubblegym-data>/selected-dataMR3D_single_bubble_dx2p00mm_v6_rollL/selected-dataMR3D_single_bubble_dx2p00mm_v6_rollL/ppm_ve_home_test_phi_iter/mc_surface_per_bubble_smoothed_lap3/bub_1/frame_00650.obj,1,00650,2962,2962,5920,0.011582300008740276,0.05127070000162348,0.0003556089999619871,0.00018956200015963988,0.00020657400018535553,0.05162630900158547,0.051477274001808834,22.407659399992554,0.43737810000311583,22.84503749999567,5.300438338971295,5.301026298704824
<bubblegym-data>/selected-dataMR3D_single_bubble_dx2p00mm_v6_rollL/selected-dataMR3D_single_bubble_dx2p00mm_v6_rollL/ppm_ve_home_test_phi_iter/mc_surface_per_bubble_smoothed_lap3/bub_1/frame_00700.obj,1,00700,2934,2934,5864,0.010982500010868534,0.05194350000238046,0.0004422119999071583,0.00019118199998047203,0.0001873309997608885,0.052385712002287615,0.05213083100214135,21.358944299980067,0.43003869999665767,21.788982999976724,5.299371479239919,5.298942597990056
<bubblegym-data>/selected-dataMR3D_single_bubble_dx2p00mm_v6_rollL/selected-dataMR3D_single_bubble_dx2p00mm_v6_rollL/ppm_ve_home_test_phi_iter/mc_surface_per_bubble_smoothed_lap3/bub_1/frame_00750.obj,1,00750,2902,2902,5800,0.010295299987774342,0.050366600014967844,0.0002962520002620295,0.00022949100006371736,0.00020211199996992947,0.050662852015229874,0.050568712014937775,20.288024100009352,0.4180785000207834,20.706102600030135,5.3017060270599226,5.3001682050792365
<bubblegym-data>/selected-dataMR3D_single_bubble_dx2p00mm_v6_rollL/selected-dataMR3D_single_bubble_dx2p00mm_v6_rollL/ppm_ve_home_test_phi_iter/mc_surface_per_bubble_smoothed_lap3/bub_1/frame_00800.obj,1,00800,2898,2898,5792,0.010124899999937043,0.048210800014203414,0.0003206129997852258,0.00021836500003701075,0.0002660640000249259,0.04853141301398864,0.04847686401422834,22.100862499995856,0.5025611000019126,22.603423599997768,5.308077624964639,5.306335917443189
<bubblegym-data>/selected-dataMR3D_single_bubble_dx2p00mm_v6_rollL/selected-dataMR3D_single_bubble_dx2p00mm_v6_rollL/ppm_ve_home_test_phi_iter/mc_surface_per_bubble_smoothed_lap3/bub_1/frame_00850.obj,1,00850,2964,2964,5924,0.010932400007732213,0.05193789998884313,0.0003035370001452975,0.0001916590001201257,0.00017395300004864112,0.05224143698898843,0.05211185298889177,21.812403399992036,0.4461645999981556,22.25856799999019,5.3104453988455065,5.307784055231168
<bubblegym-data>/selected-dataMR3D_single_bubble_dx2p00mm_v6_rollL/selected-dataMR3D_single_bubble_dx2p00mm_v6_rollL/ppm_ve_home_test_phi_iter/mc_surface_per_bubble_smoothed_lap3/bub_1/frame_00900.obj,1,00900,2930,2930,5856,0.010599600005662069,0.049095199996372685,0.000424625999876298,0.00019749900005990639,0.00018044799973722546,0.04951982599624898,0.04927564799610991,20.747390600008657,0.4262888999946881,21.173679500003345,5.321955095089445,5.318592071274823
<bubblegym-data>/selected-dataMR3D_single_bubble_dx2p00mm_v6_rollL/selected-dataMR3D_single_bubble_dx2p00mm_v6_rollL/ppm_ve_home_test_phi_iter/mc_surface_per_bubble_smoothed_lap3/bub_1/frame_00950.obj,1,00950,2988,2988,5972,0.01084519998403266,0.050552900007460266,0.00036244999995687976,0.00021941299986792727,0.00026734799990663305,0.05091535000741715,0.0508202480073669,23.773311299999477,0.44819870000355877,24.221510000003036,5.330466111761471,5.328516845929232
<bubblegym-data>/selected-dataMR3D_single_bubble_dx2p00mm_v6_rollL/selected-dataMR3D_single_bubble_dx2p00mm_v6_rollL/ppm_ve_home_test_phi_iter/mc_surface_per_bubble_smoothed_lap3/bub_1/frame_01000.obj,1,01000,3120,3120,6236,0.011065500002587214,0.053465800010599196,0.00029495499999029564,0.00018581700016511604,0.00023986500018509106,0.053760755010589495,0.05370566501078429,24.47462550000637,0.4772018000076059,24.951827300013974,5.3427795010559445,5.342078630246028
<bubblegym-data>/selected-dataMR3D_single_bubble_dx2p00mm_v6_rollL/selected-dataMR3D_single_bubble_dx2p00mm_v6_rollL/ppm_ve_home_test_phi_iter/mc_surface_per_bubble_smoothed_lap3/bub_1/frame_01050.obj,1,01050,3202,3202,6400,0.011382099997717887,0.05308610000065528,0.00029204499995103103,0.00021994000009726734,0.0002065940000466071,0.05337814500060631,0.053292694000701885,24.71355770001537,0.501592900021933,25.215150600037305,5.355859679956774,5.3593836717492636
<bubblegym-data>/selected-dataMR3D_single_bubble_dx2p00mm_v6_rollL/selected-dataMR3D_single_bubble_dx2p00mm_v6_rollL/ppm_ve_home_test_phi_iter/mc_surface_per_bubble_smoothed_lap3/bub_1/frame_01100.obj,1,01100,3284,3284,6564,0.014154900010908023,0.054055700020398945,0.0003118049999466166,0.00024322800018126146,0.00015293900010874496,0.05436750502034556,0.05420863902050769,28.470014999998966,0.5337037999997847,29.00371879999875,5.370293312200057,5.3758616034403675
<bubblegym-data>/selected-dataMR3D_single_bubble_dx2p00mm_v6_rollL/selected-dataMR3D_single_bubble_dx2p00mm_v6_rollL/ppm_ve_home_test_phi_iter/mc_surface_per_bubble_smoothed_lap3/bub_1/frame_01150.obj,1,01150,3368,3368,6732,0.011951099993893877,0.054908799997065216,0.00029308299999684093,0.0001871269999537617,0.00025958699989132584,0.05520188299706206,0.055168386996956545,28.87318110000342,0.5675123000110034,29.440693400014425,5.385355901642285,5.390286648796018
<bubblegym-data>/selected-dataMR3D_single_bubble_dx2p00mm_v6_rollL/selected-dataMR3D_single_bubble_dx2p00mm_v6_rollL/ppm_ve_home_test_phi_iter/mc_surface_per_bubble_smoothed_lap3/bub_1/frame_01200.obj,1,01200,3454,3454,6904,0.012658599996939301,0.0578862999973353,0.00031336499989265576,0.0001922960000229068,0.0001905609999084845,0.05819966499722796,0.05807686099724378,32.1390195999993,0.6201153000001796,32.75913489999948,5.399508838332418,5.401154490507578
<bubblegym-data>/selected-dataMR3D_single_bubble_dx2p00mm_v6_rollL/selected-dataMR3D_single_bubble_dx2p00mm_v6_rollL/ppm_ve_home_test_phi_iter/mc_surface_per_bubble_smoothed_lap3/bub_1/frame_01250.obj,1,01250,3602,3602,7200,0.013036200019996613,0.05939170002238825,0.0003699419999611564,0.00019087900000158697,0.00013463900017086417,0.059761642022349404,0.05952633902255911,33.19134930000291,0.6260758000134956,33.81742510001641,5.418313407584537,5.413676759874691
<bubblegym-data>/selected-dataMR3D_single_bubble_dx2p00mm_v6_rollL/selected-dataMR3D_single_bubble_dx2p00mm_v6_rollL/ppm_ve_home_test_phi_iter/mc_surface_per_bubble_smoothed_lap3/bub_1/frame_01300.obj,1,01300,3794,3794,7584,0.013375600014114752,0.05939569999463856,0.0002983069999027066,0.00019252199999755248,0.00025055099977180364,0.05969400699454127,0.059646250994410364,41.875660199992126,1.102074000024004,42.97773420001613,5.435295865191296,5.422295950646541
<bubblegym-data>/selected-dataMR3D_single_bubble_dx2p00mm_v6_rollL/selected-dataMR3D_single_bubble_dx2p00mm_v6_rollL/ppm_ve_home_test_phi_iter/mc_surface_per_bubble_smoothed_lap3/bub_1/frame_01350.obj,1,01350,3960,3960,7916,0.014302199997473508,0.06178089999593794,0.00029844500008039174,0.00018947300006402656,0.0002571870002429932,0.06207934499601833,0.062038086996180936,45.179334499989636,0.7937718000030145,45.97310629999265,5.453102989031524,5.431172298465156
<bubblegym-data>/selected-dataMR3D_single_bubble_dx2p00mm_v6_rollL/selected-dataMR3D_single_bubble_dx2p00mm_v6_rollL/ppm_ve_home_test_phi_iter/mc_surface_per_bubble_smoothed_lap3/bub_1/frame_01400.obj,1,01400,4106,4106,8216,0.02022830001078546,0.0633938999962993,0.000293017000076361,0.0002115580000099726,0.000245887000055518,0.06368691699637566,0.06363978699635481,48.61193029998685,0.9112909999967087,49.52322129998356,5.4668948626782194,5.4406403779639545
<bubblegym-data>/selected-dataMR3D_single_bubble_dx2p00mm_v6_rollL/selected-dataMR3D_single_bubble_dx2p00mm_v6_rollL/ppm_ve_home_test_phi_iter/mc_surface_per_bubble_smoothed_lap3/bub_1/frame_01450.obj,1,01450,4148,4148,8296,0.01465009999810718,0.06299249999574386,0.0003000830000382848,0.00019275099999504163,0.00011364000005414709,0.06329258299578214,0.063106139995798,49.72178110000095,1.0973482999834232,50.81912939998438,5.485699752359097,5.4804678513471785
<bubblegym-data>/selected-dataMR3D_single_bubble_dx2p00mm_v6_rollL/selected-dataMR3D_single_bubble_dx2p00mm_v6_rollL/ppm_ve_home_test_phi_iter/mc_surface_per_bubble_smoothed_lap3/bub_1/frame_01500.obj,1,01500,4156,4156,8312,0.014963399997213855,0.06250790000194684,0.0002968720000353642,0.00019162300013704227,0.00025989699992351234,0.0628047720019822,0.06276779700187035,51.15809149999404,1.003789800015511,52.161881300009554,5.492749843937654,5.489889667375658
<bubblegym-data>/selected-dataMR3D_single_bubble_dx2p00mm_v6_rollL/selected-dataMR3D_single_bubble_dx2p00mm_v6_rollL/ppm_ve_home_test_phi_iter/mc_surface_per_bubble_smoothed_lap3/bub_1/frame_01550.obj,1,01550,4114,4114,8228,0.01468569997814484,0.06550530000822619,0.00029278700007125737,0.00018779200006974862,0.00019094300019787625,0.06579808700829744,0.06569624300842407,48.38625390001107,1.0599837999907322,49.4462377000018,5.508891484864222,5.500914391589283
<bubblegym-data>/selected-dataMR3D_single_bubble_dx2p00mm_v6_rollL/selected-dataMR3D_single_bubble_dx2p00mm_v6_rollL/ppm_ve_home_test_phi_iter/mc_surface_per_bubble_smoothed_lap3/bub_1/frame_01600.obj,1,01600,4240,4240,8480,0.01515390002168715,0.06450619999668561,0.0003021860000444576,0.00018352999992202968,0.0002578729999368079,0.06480838599673007,0.06476407299662242,52.77989850001177,0.9260364999936428,53.70593500000541,5.517223643333392,5.510369387885525
<bubblegym-data>/selected-dataMR3D_single_bubble_dx2p00mm_v6_rollL/selected-dataMR3D_single_bubble_dx2p00mm_v6_rollL/ppm_ve_home_test_phi_iter/mc_surface_per_bubble_smoothed_lap3/bub_1/frame_01650.obj,1,01650,4220,4220,8440,0.015475899999728426,0.06776529998751357,0.00029462999984389174,0.00019146199978422373,0.0002683219997561537,0.06805992998735746,0.06803362198726973,51.90484469998046,1.094386700016912,52.99923139999737,5.5258394375512685,5.516915870226096
<bubblegym-data>/selected-dataMR3D_single_bubble_dx2p00mm_v6_rollL/selected-dataMR3D_single_bubble_dx2p00mm_v6_rollL/ppm_ve_home_test_phi_iter/mc_surface_per_bubble_smoothed_lap3/bub_1/frame_01700.obj,1,01700,4230,4230,8460,0.015901600010693073,0.060529999987920746,0.0003028060001088306,0.00019113800022751092,0.0002632699999958277,0.06083280598802958,0.06079326998791657,52.08593699999619,1.1167714999755844,53.20270849997178,5.532691940083259,5.518389900248989
<bubblegym-data>/selected-dataMR3D_single_bubble_dx2p00mm_v6_rollL/selected-dataMR3D_single_bubble_dx2p00mm_v6_rollL/ppm_ve_home_test_phi_iter/mc_surface_per_bubble_smoothed_lap3/bub_1/frame_01750.obj,1,01750,4280,4280,8560,0.017868900002213195,0.061348000017460436,0.00029454900010023266,0.00020075200009159744,0.00016746000008424744,0.061642549017560666,0.06151546001754468,52.87217450002208,1.0417947000241838,53.91396920004627,5.541412674742691,5.5256078688497405
<bubblegym-data>/selected-dataMR3D_single_bubble_dx2p00mm_v6_rollL/selected-dataMR3D_single_bubble_dx2p00mm_v6_rollL/ppm_ve_home_test_phi_iter/mc_surface_per_bubble_smoothed_lap3/bub_1/frame_01800.obj,1,01800,4388,4388,8776,0.021662000013748184,0.07575319998431951,0.0002951769999344833,0.00018925200012745336,0.00024456400016788395,0.07604837698425398,0.07599776398448739,57.61572829997749,1.1493341000168584,58.76506239999435,5.550812049860005,5.525327926831222
<bubblegym-data>/selected-dataMR3D_single_bubble_dx2p00mm_v6_rollL/selected-dataMR3D_single_bubble_dx2p00mm_v6_rollL/ppm_ve_home_test_phi_iter/mc_surface_per_bubble_smoothed_lap3/bub_1/frame_01850.obj,1,01850,4522,4522,9044,0.016523699974641204,0.06422160001238808,0.0003007510001771152,0.0001853080000728369,0.00027195500006200747,0.06452235101256519,0.06449355501245009,59.788554400001885,1.4544896000006702,61.243044000002556,5.5566325505967935,5.527312198339639
<bubblegym-data>/selected-dataMR3D_single_bubble_dx2p00mm_v6_rollL/selected-dataMR3D_single_bubble_dx2p00mm_v6_rollL/ppm_ve_home_test_phi_iter/mc_surface_per_bubble_smoothed_lap3/bub_1/frame_01900.obj,1,01900,4576,4576,9152,0.026807400019606575,0.0649332000175491,0.00029618000000482427,0.00018451899988576769,0.0002583330002380535,0.06522938001755392,0.06519153301778716,62.230698200000916,1.5136623999860603,63.744360599986976,5.567251034881321,5.526563730713293
<bubblegym-data>/selected-dataMR3D_single_bubble_dx2p00mm_v6_rollL/selected-dataMR3D_single_bubble_dx2p00mm_v6_rollL/ppm_ve_home_test_phi_iter/mc_surface_per_bubble_smoothed_lap3/bub_1/frame_01950.obj,1,01950,4742,4742,9484,0.017620300000999123,0.06803289998788387,0.0002952080001705326,0.00018296700000064448,0.0002699170002597384,0.0683281079880544,0.06830281698814361,67.51997100000153,1.611160899978131,69.13113189997966,5.57588227889718,5.524229373798542
<bubblegym-data>/selected-dataMR3D_single_bubble_dx2p00mm_v6_rollL/selected-dataMR3D_single_bubble_dx2p00mm_v6_rollL/ppm_ve_home_test_phi_iter/mc_surface_per_bubble_smoothed_lap3/bub_1/frame_02000.obj,1,02000,4914,4914,9828,0.0178650000016205,0.07082059999811463,0.000300617000029888,0.0001876900001661852,0.0002639040001668036,0.07112121699814451,0.07108450399828144,72.90646820000256,1.7933785000059288,74.6998467000085,5.581670396330989,5.513347862328438
<bubblegym-data>/selected-dataMR3D_single_bubble_dx2p00mm_v6_rollL/selected-dataMR3D_single_bubble_dx2p00mm_v6_rollL/ppm_ve_home_test_phi_iter/mc_surface_per_bubble_smoothed_lap3/bub_1/frame_02050.obj,1,02050,5156,5156,10312,0.018668600008822978,0.07094420000794344,0.0003188510000472888,0.00019096200005151332,0.00026284699997631834,0.07126305100799073,0.07120704700791976,75.26233980001416,1.656505200022366,76.91884500003653,5.586712132554314,5.508802277858616
<bubblegym-data>/selected-dataMR3D_single_bubble_dx2p00mm_v6_rollL/selected-dataMR3D_single_bubble_dx2p00mm_v6_rollL/ppm_ve_home_test_phi_iter/mc_surface_per_bubble_smoothed_lap3/bub_1/frame_02100.obj,1,02100,5490,5490,10988,0.020327900012489408,0.07362090001697652,0.00029559800022980196,0.00018591100000776351,0.0002717270000721328,0.07391649801720632,0.07389262701704866,94.79401149999467,2.437408300000243,97.23141979999491,5.590609988633242,5.490038883056576
<bubblegym-data>/selected-dataMR3D_single_bubble_dx2p00mm_v6_rollL/selected-dataMR3D_single_bubble_dx2p00mm_v6_rollL/ppm_ve_home_test_phi_iter/mc_surface_per_bubble_smoothed_lap3/bub_1/frame_02150.obj,1,02150,5662,5662,11344,0.11819710000418127,0.0784230999997817,0.00029265700024552646,0.0001888139999937266,0.0002592970000114292,0.07871575700002723,0.07868239699979312,103.6648114999989,3.01555839998764,106.68036989998654,5.592150094563705,5.477946605923701
<bubblegym-data>/selected-dataMR3D_single_bubble_dx2p00mm_v6_rollL/selected-dataMR3D_single_bubble_dx2p00mm_v6_rollL/ppm_ve_home_test_phi_iter/mc_surface_per_bubble_smoothed_lap3/bub_1/frame_02200.obj,1,02200,5886,5886,11792,0.021564299997407943,0.07836650000535883,0.00029383599990978837,0.00019001899985596538,0.0002728199999546632,0.07866033600526862,0.0786393200053135,114.67513749998761,6.05672650001361,120.73186400000122,5.6063722943099705,5.5438213386838715
<bubblegym-data>/selected-dataMR3D_single_bubble_dx2p00mm_v6_rollL/selected-dataMR3D_single_bubble_dx2p00mm_v6_rollL/ppm_ve_home_test_phi_iter/mc_surface_per_bubble_smoothed_lap3/bub_1/frame_02250.obj,1,02250,5962,5962,11964,0.02153060000273399,0.078223499993328,0.00032339299999875945,0.0001920320000499487,0.0002748449999489821,0.07854689299332676,0.07849834499327699,118.27077380000264,3.2795659999828786,121.55033979998552,5.608629612408811,5.556166992268354
<bubblegym-data>/selected-dataMR3D_single_bubble_dx2p00mm_v6_rollL/selected-dataMR3D_single_bubble_dx2p00mm_v6_rollL/ppm_ve_home_test_phi_iter/mc_surface_per_bubble_smoothed_lap3/bub_1/frame_02300.obj,1,02300,5974,5974,12004,0.13075280000339262,0.08079589999397285,0.0002968549999059178,0.00018769800022710114,0.0002537999997730367,0.08109275499387877,0.0810496999937459,118.57056900000316,2.647504199994728,121.21807319999789,5.600582490520753,5.5559762396875625
<bubblegym-data>/selected-dataMR3D_single_bubble_dx2p00mm_v6_rollL/selected-dataMR3D_single_bubble_dx2p00mm_v6_rollL/ppm_ve_home_test_phi_iter/mc_surface_per_bubble_smoothed_lap3/bub_1/frame_02350.obj,1,02350,5864,5864,11760,0.020616800000425428,0.07541260001016781,0.00029728699999395755,0.00018922100018244236,0.00018551299988757818,0.07570988701016176,0.07559811301005538,114.2751619000046,3.1180443999764975,117.3932062999811,5.5990254745072745,5.568525534592683
<bubblegym-data>/selected-dataMR3D_single_bubble_dx2p00mm_v6_rollL/selected-dataMR3D_single_bubble_dx2p00mm_v6_rollL/ppm_ve_home_test_phi_iter/mc_surface_per_bubble_smoothed_lap3/bub_1/frame_02400.obj,1,02400,5858,5858,11744,0.020636700006434694,0.07695550000062212,0.00031570400024065747,0.00019227300013881178,0.00026962799980537964,0.07727120400086278,0.07722512800042751,113.13913739999407,3.3656366000068374,116.50477400000091,5.584840363411151,5.53311296242747
<bubblegym-data>/selected-dataMR3D_single_bubble_dx2p00mm_v6_rollL/selected-dataMR3D_single_bubble_dx2p00mm_v6_rollL/ppm_ve_home_test_phi_iter/mc_surface_per_bubble_smoothed_lap3/bub_1/frame_02450.obj,1,02450,5576,5576,11200,0.020224200008669868,0.07314309998764656,0.0003024269998422824,0.000191896999895107,0.00023055700003169478,0.07344552698748885,0.07337365698767825,99.11080400002538,2.956713200022932,102.06751720004831,5.60745828697933,5.5846817435184555
<bubblegym-data>/selected-dataMR3D_single_bubble_dx2p00mm_v6_rollL/selected-dataMR3D_single_bubble_dx2p00mm_v6_rollL/ppm_ve_home_test_phi_iter/mc_surface_per_bubble_smoothed_lap3/bub_1/frame_02500.obj,1,02500,5368,5368,10764,0.01939739999943413,0.07049410001491196,0.000301274000084959,0.00018340299982810393,0.0001961339998524636,0.07079537401499693,0.07069023401476443,84.67017660001875,2.266881299990928,86.93705790000968,5.618708639466742,5.581888972074987
<bubblegym-data>/selected-dataMR3D_single_bubble_dx2p00mm_v6_rollL/selected-dataMR3D_single_bubble_dx2p00mm_v6_rollL/ppm_ve_home_test_phi_iter/mc_surface_per_bubble_smoothed_lap3/bub_1/frame_02550.obj,1,02550,5310,5310,10660,0.029499500000383705,0.07261659999494441,0.00029445300024235623,0.00019439099996816368,0.0002614299999549985,0.07291105299518677,0.07287802999489941,80.16516889998456,2.7718641000101343,82.9370329999947,5.6177078725624385,5.583943480069089
<bubblegym-data>/selected-dataMR3D_single_bubble_dx2p00mm_v6_rollL/selected-dataMR3D_single_bubble_dx2p00mm_v6_rollL/ppm_ve_home_test_phi_iter/mc_surface_per_bubble_smoothed_lap3/bub_1/frame_02600.obj,1,02600,5184,5184,10404,0.01847290000296198,0.06716430000960827,0.0002938759999233298,0.0002015610001399182,0.00018818800017470494,0.06745817600953159,0.06735248800978297,76.32211740000639,2.6110093999886885,78.93312679999508,5.621047931240764,5.587868246586252
<bubblegym-data>/selected-dataMR3D_single_bubble_dx2p00mm_v6_rollL/selected-dataMR3D_single_bubble_dx2p00mm_v6_rollL/ppm_ve_home_test_phi_iter/mc_surface_per_bubble_smoothed_lap3/bub_1/frame_02650.obj,1,02650,5140,5140,10316,0.018551699991803616,0.06782490000477992,0.0003061339998384938,0.00018589000013889744,0.0002111410000361502,0.06813103400461841,0.06803604100481607,76.06941299999016,2.101603699993575,78.17101669998374,5.625315968988136,5.595989553221735
<bubblegym-data>/selected-dataMR3D_single_bubble_dx2p00mm_v6_rollL/selected-dataMR3D_single_bubble_dx2p00mm_v6_rollL/ppm_ve_home_test_phi_iter/mc_surface_per_bubble_smoothed_lap3/bub_1/frame_02700.obj,1,02700,5036,5036,10080,0.018125300004612654,0.0634956999856513,0.0003112750002765097,0.00018678899999940768,0.00024354499997571112,0.06380697498592781,0.06373924498562701,65.9446988000127,2.545816099998774,68.49051490001148,5.6332779072840795,5.595423219126996
<bubblegym-data>/selected-dataMR3D_single_bubble_dx2p00mm_v6_rollL/selected-dataMR3D_single_bubble_dx2p00mm_v6_rollL/ppm_ve_home_test_phi_iter/mc_surface_per_bubble_smoothed_lap3/bub_1/frame_02750.obj,1,02750,4986,4986,9976,0.023291599994990975,0.08614840000518598,0.00034406599996145815,0.0002461210000910796,0.00013676200003828853,0.08649246600514743,0.08628516200522426,75.80044960000669,1.7724083999928553,77.57285799999954,5.643031888911947,5.59811465082205
<bubblegym-data>/selected-dataMR3D_single_bubble_dx2p00mm_v6_rollL/selected-dataMR3D_single_bubble_dx2p00mm_v6_rollL/ppm_ve_home_test_phi_iter/mc_surface_per_bubble_smoothed_lap3/bub_1/frame_02800.obj,1,02800,5004,5004,10008,0.018669300014153123,0.06670490000396967,0.00036627699999371545,0.00019352399976924062,0.00013260700012324378,0.06707117700396338,0.06683750700409291,63.08309780000127,1.356332499999553,64.43943030000082,5.654971868520699,5.604610370779214
<bubblegym-data>/selected-dataMR3D_single_bubble_dx2p00mm_v6_rollL/selected-dataMR3D_single_bubble_dx2p00mm_v6_rollL/ppm_ve_home_test_phi_iter/mc_surface_per_bubble_smoothed_lap3/bub_1/frame_02850.obj,1,02850,4988,4988,9980,0.027099200000520796,0.09461040000314824,0.00035442899999907243,0.00025729200016940014,0.00014320299989776687,0.09496482900314732,0.09475360300304601,74.93515559998923,1.995692800002871,76.9308483999921,5.674427054376996,5.611235368535086
<bubblegym-data>/selected-dataMR3D_single_bubble_dx2p00mm_v6_rollL/selected-dataMR3D_single_bubble_dx2p00mm_v6_rollL/ppm_ve_home_test_phi_iter/mc_surface_per_bubble_smoothed_lap3/bub_1/frame_02900.obj,1,02900,5012,5012,10024,0.01740729997982271,0.06516960001317784,0.0004247070002020337,0.00018768100009765475,0.00013564699998823925,0.06559430701337987,0.06530524701316608,64.77997919998597,1.9439487000054214,66.7239278999914,5.688298979863556,5.622967612959957
<bubblegym-data>/selected-dataMR3D_single_bubble_dx2p00mm_v6_rollL/selected-dataMR3D_single_bubble_dx2p00mm_v6_rollL/ppm_ve_home_test_phi_iter/mc_surface_per_bubble_smoothed_lap3/bub_1/frame_02950.obj,1,02950,4882,4882,9764,0.02244040000368841,0.09064900001976639,0.0004584279999835417,0.0002532559999963269,0.00014109699986875057,0.09110742801974993,0.09079009701963514,72.05700819997583,1.425035399995977,73.4820435999718,5.702575992673654,5.632586735641646
<bubblegym-data>/selected-dataMR3D_single_bubble_dx2p00mm_v6_rollL/selected-dataMR3D_single_bubble_dx2p00mm_v6_rollL/ppm_ve_home_test_phi_iter/mc_surface_per_bubble_smoothed_lap3/bub_1/frame_03000.obj,1,03000,4832,4832,9664,0.017173799977172166,0.06812290000380017,0.00029554399981861933,0.00019399700016947463,0.00024535800010198726,0.0684184440036188,0.06836825800390216,69.98797300001024,2.543120199989062,72.5310931999993,5.694001167587716,5.6204049317697935
<bubblegym-data>/selected-dataMR3D_single_bubble_dx2p00mm_v6_rollL/selected-dataMR3D_single_bubble_dx2p00mm_v6_rollL/ppm_ve_home_test_phi_iter/mc_surface_per_bubble_smoothed_lap3/bub_1/frame_03050.obj,1,03050,4740,4740,9484,0.0196091000107117,0.0685347999969963,0.00029489199980162087,0.00018839099997421726,0.00026315199997043235,0.06882969199679792,0.06879795199696673,66.98999259999255,2.209565700002713,69.19955829999526,5.685983588103623,5.621387914289845
<bubblegym-data>/selected-dataMR3D_single_bubble_dx2p00mm_v6_rollL/selected-dataMR3D_single_bubble_dx2p00mm_v6_rollL/ppm_ve_home_test_phi_iter/mc_surface_per_bubble_smoothed_lap3/bub_1/frame_03100.obj,1,03100,4512,4512,9024,0.016393199999583885,0.06261870000162162,0.0003781760000856593,0.0002426989999366924,0.00012637300009373575,0.06299687600170728,0.06274507300171535,57.78450499998871,1.4416916999907698,59.22619669997948,5.672318620693916,5.62887547494689
<bubblegym-data>/selected-dataMR3D_single_bubble_dx2p00mm_v6_rollL/selected-dataMR3D_single_bubble_dx2p00mm_v6_rollL/ppm_ve_home_test_phi_iter/mc_surface_per_bubble_smoothed_lap3/bub_1/frame_03150.obj,1,03150,4308,4308,8616,0.015314899996155873,0.06614539999281988,0.00029305200005183,0.00018488200003048406,0.00012124900007620454,0.06643845199287171,0.06626664899289608,53.21107650001068,1.0068330000212882,54.217909500031965,5.668947500710489,5.631825355249832
<bubblegym-data>/selected-dataMR3D_single_bubble_dx2p00mm_v6_rollL/selected-dataMR3D_single_bubble_dx2p00mm_v6_rollL/ppm_ve_home_test_phi_iter/mc_surface_per_bubble_smoothed_lap3/bub_1/frame_03200.obj,1,03200,4428,4428,8856,0.01575960000627674,0.06297699999413453,0.00029417999990982935,0.00021662199986167253,0.00022482300002593547,0.06327117999404436,0.06320182299416047,56.244703799980925,1.4728620999958366,57.71756589997676,5.658182456136844,5.6176960866528
<bubblegym-data>/selected-dataMR3D_single_bubble_dx2p00mm_v6_rollL/selected-dataMR3D_single_bubble_dx2p00mm_v6_rollL/ppm_ve_home_test_phi_iter/mc_surface_per_bubble_smoothed_lap3/bub_1/frame_03250.obj,1,03250,4462,4462,8924,0.01603389999945648,0.061183599987998605,0.0002929400000721216,0.0001873929999419488,0.00026351300009991974,0.061476539988070726,0.061447112988098525,57.12945900001796,1.5602607999753673,58.68971979999333,5.6545610414974075,5.611658136453898
<bubblegym-data>/selected-dataMR3D_single_bubble_dx2p00mm_v6_rollL/selected-dataMR3D_single_bubble_dx2p00mm_v6_rollL/ppm_ve_home_test_phi_iter/mc_surface_per_bubble_smoothed_lap3/bub_1/frame_03300.obj,1,03300,4434,4434,8868,0.015659700002288446,0.0712360999896191,0.00029204399994341656,0.00019186399993486702,0.0002602160000242293,0.07152814398956252,0.07149631598964333,56.16403019998688,1.2735928999900352,57.43762309997692,5.656251466361508,5.6121946694486144
<bubblegym-data>/selected-dataMR3D_single_bubble_dx2p00mm_v6_rollL/selected-dataMR3D_single_bubble_dx2p00mm_v6_rollL/ppm_ve_home_test_phi_iter/mc_surface_per_bubble_smoothed_lap3/bub_1/frame_03350.obj,1,03350,4486,4486,8972,0.10952649998944253,0.06582869999692775,0.0003097399999387562,0.00018767900008242577,0.00012923100002808495,0.06613843999686651,0.06595793099695584,57.54298879997805,1.37610650001443,58.91909529999248,5.667025336072162,5.616021462723367
<bubblegym-data>/selected-dataMR3D_single_bubble_dx2p00mm_v6_rollL/selected-dataMR3D_single_bubble_dx2p00mm_v6_rollL/ppm_ve_home_test_phi_iter/mc_surface_per_bubble_smoothed_lap3/bub_1/frame_03400.obj,1,03400,4536,4536,9072,0.017101699981139973,0.07154070000979118,0.0002920809999341145,0.00018524999992223457,0.000259782999928575,0.07183278100972529,0.07180048300971975,60.090575600013835,1.1073405000206549,61.19791610003449,5.683272381116845,5.624795845408108
<bubblegym-data>/selected-dataMR3D_single_bubble_dx2p00mm_v6_rollL/selected-dataMR3D_single_bubble_dx2p00mm_v6_rollL/ppm_ve_home_test_phi_iter/mc_surface_per_bubble_smoothed_lap3/bub_1/frame_03450.obj,1,03450,4692,4692,9384,0.017115900001954287,0.06577660000766627,0.0002998170000500977,0.00018520199984777718,0.00023663200001465158,0.06607641700771637,0.06601323200768093,63.702426300005754,1.412447600014275,65.11487390002003,5.707621302710732,5.6407905185935405
<bubblegym-data>/selected-dataMR3D_single_bubble_dx2p00mm_v6_rollL/selected-dataMR3D_single_bubble_dx2p00mm_v6_rollL/ppm_ve_home_test_phi_iter/mc_surface_per_bubble_smoothed_lap3/bub_1/frame_03500.obj,1,03500,4892,4892,9784,0.017018199985614046,0.0723637999908533,0.0002899980000802316,0.00018705900001805275,0.0002520820000790991,0.07265379799093352,0.0726158819909324,71.80753979997826,1.9608811000071,73.76842089998536,5.729756124009433,5.657758651498834
<bubblegym-data>/selected-dataMR3D_single_bubble_dx2p00mm_v6_rollL/selected-dataMR3D_single_bubble_dx2p00mm_v6_rollL/ppm_ve_home_test_phi_iter/mc_surface_per_bubble_smoothed_lap3/bub_1/frame_03550.obj,1,03550,5044,5044,10088,0.01816440001130104,0.07105889997910708,0.00029641500004800035,0.00018587200000183657,0.0001313720000325702,0.07135531497915508,0.07119027197913966,67.94488369999453,1.7608513000013772,69.70573499999591,5.75649730475622,5.676875321320073
<bubblegym-data>/selected-dataMR3D_single_bubble_dx2p00mm_v6_rollL/selected-dataMR3D_single_bubble_dx2p00mm_v6_rollL/ppm_ve_home_test_phi_iter/mc_surface_per_bubble_smoothed_lap3/bub_1/frame_03600.obj,1,03600,5032,5032,10064,0.02223750000121072,0.06722580001223832,0.0004174059999058954,0.0001907379998010583,0.0002650159999029711,0.06764320601214421,0.0674908160121413,68.30100889998721,1.7169279000081588,70.01793679999537,5.791183794579393,5.708705184585363
<bubblegym-data>/selected-dataMR3D_single_bubble_dx2p00mm_v6_rollL/selected-dataMR3D_single_bubble_dx2p00mm_v6_rollL/ppm_ve_home_test_phi_iter/mc_surface_per_bubble_smoothed_lap3/bub_1/frame_03650.obj,1,03650,5098,5098,10196,0.018775200005620718,0.06811870000092313,0.00029769500019028784,0.0001772579998942092,0.00025290100020356474,0.06841639500111342,0.06837160100112669,69.8854673000169,1.7000700999924447,71.58553740000934,5.812149372392402,5.725977952267706
<bubblegym-data>/selected-dataMR3D_single_bubble_dx2p00mm_v6_rollL/selected-dataMR3D_single_bubble_dx2p00mm_v6_rollL/ppm_ve_home_test_phi_iter/mc_surface_per_bubble_smoothed_lap3/bub_1/frame_03700.obj,1,03700,5170,5170,10340,0.018731499993009493,0.06960940000135452,0.00030640399985713883,0.00019099700002698228,0.00023076399986166507,0.06991580400121165,0.06984016400121618,73.95313579999493,1.8282031000126153,75.78133890000754,5.831687770105916,5.739548876397055
<bubblegym-data>/selected-dataMR3D_single_bubble_dx2p00mm_v6_rollL/selected-dataMR3D_single_bubble_dx2p00mm_v6_rollL/ppm_ve_home_test_phi_iter/mc_surface_per_bubble_smoothed_lap3/bub_1/frame_03750.obj,1,03750,5264,5264,10532,0.01891129999421537,0.07073300000047311,0.000301298999984283,0.00018915400025434792,0.00019913900003302844,0.0710342990004574,0.07093213900050614,79.1533889999846,3.1243547000049148,82.27774369998951,5.833091360558595,5.726985543400585
<bubblegym-data>/selected-dataMR3D_single_bubble_dx2p00mm_v6_rollL/selected-dataMR3D_single_bubble_dx2p00mm_v6_rollL/ppm_ve_home_test_phi_iter/mc_surface_per_bubble_smoothed_lap3/bub_1/frame_03800.obj,1,03800,4934,4934,9872,0.023277200001757592,0.08967499999562278,0.00035488399997120725,0.00024209600000176578,0.0001514950001728721,0.09002988399559399,0.08982649499579566,74.225197199994,2.5333373000030406,76.75853449999704,5.833540420692934,5.746340915036756
<bubblegym-data>/selected-dataMR3D_single_bubble_dx2p00mm_v6_rollL/selected-dataMR3D_single_bubble_dx2p00mm_v6_rollL/ppm_ve_home_test_phi_iter/mc_surface_per_bubble_smoothed_lap3/bub_1/frame_03850.obj,1,03850,4842,4842,9688,0.017213600018294528,0.06625259999418631,0.0002934269999968819,0.00019341900013387204,0.0002525540001806803,0.06654602699418319,0.06650515399436699,70.47244030001457,1.8175157000077888,72.28995600002236,5.817712253447851,5.742214483580251
<bubblegym-data>/selected-dataMR3D_single_bubble_dx2p00mm_v6_rollL/selected-dataMR3D_single_bubble_dx2p00mm_v6_rollL/ppm_ve_home_test_phi_iter/mc_surface_per_bubble_smoothed_lap3/bub_1/frame_03900.obj,1,03900,4666,4666,9332,0.022965200012549758,0.06893060001311824,0.0002939060001517646,0.00018453600001521408,0.0001512130000628531,0.06922450601327,0.06908181301318109,64.7035726000031,1.476172199996654,66.17974479999975,5.807083445815121,5.747524061557875
<bubblegym-data>/selected-dataMR3D_single_bubble_dx2p00mm_v6_rollL/selected-dataMR3D_single_bubble_dx2p00mm_v6_rollL/ppm_ve_home_test_phi_iter/mc_surface_per_bubble_smoothed_lap3/bub_1/frame_03950.obj,1,03950,4728,4728,9456,0.017309899994870648,0.06549269999959506,0.0002942740000435151,0.00019366499996976928,0.0002475730000878684,0.06578697399963858,0.06574027299968294,66.202783500019,1.2964424999954645,67.49922600001446,5.793369339808616,5.734882426345838
<bubblegym-data>/selected-dataMR3D_single_bubble_dx2p00mm_v6_rollL/selected-dataMR3D_single_bubble_dx2p00mm_v6_rollL/ppm_ve_home_test_phi_iter/mc_surface_per_bubble_smoothed_lap3/bub_1/frame_04000.obj,1,04000,4806,4806,9612,0.01711700001033023,0.06602869997732341,0.00029619199980515984,0.0001872019999427721,0.00013600200007203965,0.06632489197712857,0.06616470197739545,69.35890250001103,1.4154297999921255,70.77433230000315,5.78805367469459,5.724312675446174
<bubblegym-data>/selected-dataMR3D_single_bubble_dx2p00mm_v6_rollL/selected-dataMR3D_single_bubble_dx2p00mm_v6_rollL/ppm_ve_home_test_phi_iter/mc_surface_per_bubble_smoothed_lap3/bub_1/frame_04050.obj,1,04050,4898,4898,9796,0.017426000005798414,0.06822019998799078,0.0002938769999309443,0.00019511499995132907,0.0002747050000471063,0.06851407698792172,0.06849490498803788,72.93719200001215,1.5424364000209607,74.4796284000331,5.787058958727419,5.721605587284487
<bubblegym-data>/selected-dataMR3D_single_bubble_dx2p00mm_v6_rollL/selected-dataMR3D_single_bubble_dx2p00mm_v6_rollL/ppm_ve_home_test_phi_iter/mc_surface_per_bubble_smoothed_lap3/bub_1/frame_04100.obj,1,04100,4938,4938,9876,0.017913799994857982,0.06769309999071993,0.0002948840000317432,0.0001888750001671724,0.0002461259998381138,0.06798798399075168,0.06793922599055804,73.85467580001568,1.6150656999961939,75.46974150001188,5.795228786569168,5.723742907112528
<bubblegym-data>/selected-dataMR3D_single_bubble_dx2p00mm_v6_rollL/selected-dataMR3D_single_bubble_dx2p00mm_v6_rollL/ppm_ve_home_test_phi_iter/mc_surface_per_bubble_smoothed_lap3/bub_1/frame_04150.obj,1,04150,4834,4834,9668,0.017510800011223182,0.06810219999169931,0.00029457600001478565,0.00019765099976211785,0.00026033600006485357,0.06839677599171409,0.06836253599176416,70.22650449999492,1.203802200005157,71.43030670000007,5.8058657312897965,5.73314621501456
<bubblegym-data>/selected-dataMR3D_single_bubble_dx2p00mm_v6_rollL/selected-dataMR3D_single_bubble_dx2p00mm_v6_rollL/ppm_ve_home_test_phi_iter/mc_surface_per_bubble_smoothed_lap3/bub_1/frame_04200.obj,1,04200,4870,4870,9740,0.017766200006008148,0.06951010000193492,0.00030151199985994025,0.00018947299977298827,0.00013821000000461937,0.06981161200179485,0.06964831000193954,70.4811888000113,1.2213874000008218,71.70257620001212,5.815480092536097,5.741021479913114
<bubblegym-data>/selected-dataMR3D_single_bubble_dx2p00mm_v6_rollL/selected-dataMR3D_single_bubble_dx2p00mm_v6_rollL/ppm_ve_home_test_phi_iter/mc_surface_per_bubble_smoothed_lap3/bub_1/frame_04250.obj,1,04250,5000,5000,10000,0.023533400002634153,0.07175800000550225,0.0007175060000736267,0.00024740299995755776,0.00020583400008035823,0.07247550600557588,0.07196383400558261,75.37140169998747,1.6032456000102684,76.97464729999774,5.8292784029059845,5.747250004787928
<bubblegym-data>/selected-dataMR3D_single_bubble_dx2p00mm_v6_rollL/selected-dataMR3D_single_bubble_dx2p00mm_v6_rollL/ppm_ve_home_test_phi_iter/mc_surface_per_bubble_smoothed_lap3/bub_1/frame_04300.obj,1,04300,5086,5086,10172,0.01823240000521764,0.0688631999946665,0.0002993250000872649,0.00018846499995561316,0.0002448500000173226,0.06916252499475377,0.06910804999468383,69.82270109999808,2.4492241999832913,72.27192529998138,5.849739485486422,5.764381016246372
<bubblegym-data>/selected-dataMR3D_single_bubble_dx2p00mm_v6_rollL/selected-dataMR3D_single_bubble_dx2p00mm_v6_rollL/ppm_ve_home_test_phi_iter/mc_surface_per_bubble_smoothed_lap3/bub_1/frame_04350.obj,1,04350,5380,5380,10760,0.01916289998916909,0.07292340000276454,0.00029301000002305953,0.0001897189998999238,0.00025117099983617663,0.0732164100027876,0.07317457100260072,84.18857410000055,2.899260600010166,87.08783470001072,5.859950631922324,5.770248977802471
<bubblegym-data>/selected-dataMR3D_single_bubble_dx2p00mm_v6_rollL/selected-dataMR3D_single_bubble_dx2p00mm_v6_rollL/ppm_ve_home_test_phi_iter/mc_surface_per_bubble_smoothed_lap3/bub_1/frame_04400.obj,1,04400,5498,5498,10996,0.021177100017666817,0.07355420000385493,0.0002990899997530505,0.00018721700005698948,0.00020078099973034114,0.07385329000360798,0.07375498100358527,95.42107589999796,2.147297899995465,97.56837379999342,5.890050088099223,5.7976220307498405
<bubblegym-data>/selected-dataMR3D_single_bubble_dx2p00mm_v6_rollL/selected-dataMR3D_single_bubble_dx2p00mm_v6_rollL/ppm_ve_home_test_phi_iter/mc_surface_per_bubble_smoothed_lap3/bub_1/frame_04450.obj,1,04450,5744,5744,11488,0.020180599996820092,0.07691649999469519,0.0002979169998434372,0.000185969999874942,0.00021599999978207053,0.07721441699453863,0.07713249999447726,108.07978580001509,2.146933399984846,110.22671919999993,5.9049750248949,5.8079338713021835
<bubblegym-data>/selected-dataMR3D_single_bubble_dx2p00mm_v6_rollL/selected-dataMR3D_single_bubble_dx2p00mm_v6_rollL/ppm_ve_home_test_phi_iter/mc_surface_per_bubble_smoothed_lap3/bub_1/frame_04500.obj,1,04500,5980,5980,11960,0.021173899993300438,0.07818569999653846,0.00030018999997992067,0.0001920890001929365,0.0002782039999146946,0.07848588999651838,0.07846390399645316,118.48906089999946,2.6516777999931946,121.14073869999265,5.925063439575908,5.817547617313818
<bubblegym-data>/selected-dataMR3D_single_bubble_dx2p00mm_v6_rollL/selected-dataMR3D_single_bubble_dx2p00mm_v6_rollL/ppm_ve_home_test_phi_iter/mc_surface_per_bubble_smoothed_lap3/bub_1/frame_04550.obj,1,04550,6206,6206,12420,0.1201262999966275,0.08483480001450516,0.00038252500002272427,0.00021392399998148903,0.00011683600023388862,0.08521732501452789,0.08495163601473905,129.31526730000041,3.1633263000112493,132.47859360001166,5.939966356336685,5.819949029611294
<bubblegym-data>/selected-dataMR3D_single_bubble_dx2p00mm_v6_rollL/selected-dataMR3D_single_bubble_dx2p00mm_v6_rollL/ppm_ve_home_test_phi_iter/mc_surface_per_bubble_smoothed_lap3/bub_1/frame_04600.obj,1,04600,6298,6298,12600,0.12209150000126101,0.08279790001688525,0.00029948799987323583,0.00018771300005028025,0.00011072900000726805,0.08309738801675849,0.08290862901689251,136.21565090000513,3.5278114000102505,139.74346230001538,5.948678643369444,5.81563524293421
<bubblegym-data>/selected-dataMR3D_single_bubble_dx2p00mm_v6_rollL/selected-dataMR3D_single_bubble_dx2p00mm_v6_rollL/ppm_ve_home_test_phi_iter/mc_surface_per_bubble_smoothed_lap3/bub_1/frame_04650.obj,1,04650,6340,6340,12716,0.02308499999344349,0.08365470002172515,0.0002930570000899024,0.00018968299991684034,0.00026251900009810925,0.08394775702181505,0.08391721902182325,137.5767249999917,4.54261529998621,142.11934029997792,5.940485030376686,5.732542765469628
<bubblegym-data>/selected-dataMR3D_single_bubble_dx2p00mm_v6_rollL/selected-dataMR3D_single_bubble_dx2p00mm_v6_rollL/ppm_ve_home_test_phi_iter/mc_surface_per_bubble_smoothed_lap3/bub_1/frame_04700.obj,1,04700,6280,6280,12612,0.022799200000008568,0.08044089999748394,0.0002938069999800064,0.00019292500015581027,0.00013246399990748614,0.08073470699746395,0.08057336399739143,136.95770249998895,5.020564900012687,141.97826740000164,5.939608540618886,5.814840800904882
<bubblegym-data>/selected-dataMR3D_single_bubble_dx2p00mm_v6_rollL/selected-dataMR3D_single_bubble_dx2p00mm_v6_rollL/ppm_ve_home_test_phi_iter/mc_surface_per_bubble_smoothed_lap3/bub_1/frame_04750.obj,1,04750,5864,5864,11760,0.021968700020806864,0.07669600000372157,0.0003040260000852868,0.00018651299993507564,0.00022608800005400554,0.07700002600380686,0.07692208800377558,115.29111329998705,3.10156619999907,118.39267949998612,5.924497151158747,5.804121605949528
<bubblegym-data>/selected-dataMR3D_single_bubble_dx2p00mm_v6_rollL/selected-dataMR3D_single_bubble_dx2p00mm_v6_rollL/ppm_ve_home_test_phi_iter/mc_surface_per_bubble_smoothed_lap3/bub_1/frame_04800.obj,1,04800,5662,5662,11336,0.020363799994811416,0.07297290000133216,0.0002923839999129996,0.00020066199998836965,0.00022263099992414937,0.07326528400124516,0.07319553100125631,102.6547128999955,4.284682299999986,106.93939519999549,5.9170266895673675,5.804037886022545
<bubblegym-data>/selected-dataMR3D_single_bubble_dx2p00mm_v6_rollL/selected-dataMR3D_single_bubble_dx2p00mm_v6_rollL/ppm_ve_home_test_phi_iter/mc_surface_per_bubble_smoothed_lap3/bub_1/frame_04850.obj,1,04850,5492,5492,10984,0.019257099978858605,0.0709270000224933,0.00030701100011356177,0.000195839999942109,0.0001999299999442883,0.07123401102260686,0.07112693002243758,96.79504480000469,2.9863414999854285,99.78138629999012,5.896567267146789,5.79341664593932
<bubblegym-data>/selected-dataMR3D_single_bubble_dx2p00mm_v6_rollL/selected-dataMR3D_single_bubble_dx2p00mm_v6_rollL/ppm_ve_home_test_phi_iter/mc_surface_per_bubble_smoothed_lap3/bub_1/frame_04900.obj,1,04900,5400,5400,10800,0.01910539998789318,0.06791020001401193,0.00029984900000272317,0.00018994899990502746,0.00014090500015299768,0.06821004901401466,0.06805110501416493,83.4506142999744,2.601888900011545,86.05250319998595,5.884896132715194,5.783739355145372
<bubblegym-data>/selected-dataMR3D_single_bubble_dx2p00mm_v6_rollL/selected-dataMR3D_single_bubble_dx2p00mm_v6_rollL/ppm_ve_home_test_phi_iter/mc_surface_per_bubble_smoothed_lap3/bub_1/frame_04950.obj,1,04950,5342,5342,10684,0.025731799978530034,0.07027739999466576,0.00030164900003001096,0.0001891700000851415,0.00025143300008494406,0.07057904899469576,0.0705288329947507,80.08875390002504,2.60029819997726,82.6890521000023,5.876849495949545,5.778469338727916
<bubblegym-data>/selected-dataMR3D_single_bubble_dx2p00mm_v6_rollL/selected-dataMR3D_single_bubble_dx2p00mm_v6_rollL/ppm_ve_home_test_phi_iter/mc_surface_per_bubble_smoothed_lap3/bub_1/frame_05000.obj,1,05000,5194,5194,10388,0.018528600019635633,0.06725280001410283,0.0002977480000117794,0.00018330799997784197,0.0001407499998458661,0.06755054801411461,0.0673935500139487,74.79910699999891,2.4542533999774605,77.25336039997637,5.880853207546927,5.780265442523217
<bubblegym-data>/selected-dataMR3D_single_bubble_dx2p00mm_v6_rollL/selected-dataMR3D_single_bubble_dx2p00mm_v6_rollL/ppm_ve_home_test_phi_iter/mc_surface_per_bubble_smoothed_lap3/bub_1/frame_05050.obj,1,05050,5194,5194,10388,0.01901479999651201,0.07155749999219552,0.0002935080000315793,0.00019307700014906004,0.0002550399999017827,0.0718510079922271,0.0718125399920973,77.11430360001395,1.8672347000101581,78.98153830002411,5.889240376921738,5.800071222951159
<bubblegym-data>/selected-dataMR3D_single_bubble_dx2p00mm_v6_rollL/selected-dataMR3D_single_bubble_dx2p00mm_v6_rollL/ppm_ve_home_test_phi_iter/mc_surface_per_bubble_smoothed_lap3/bub_1/frame_05100.obj,1,05100,5090,5090,10180,0.01864289998775348,0.06810770000447519,0.0003084839999792166,0.0002024600000004284,0.00022253599978284912,0.06841618400445441,0.06833023600425804,70.73451150002074,1.8693253999808803,72.60383690000162,5.911740936077155,5.826131222233748
<bubblegym-data>/selected-dataMR3D_single_bubble_dx2p00mm_v6_rollL/selected-dataMR3D_single_bubble_dx2p00mm_v6_rollL/ppm_ve_home_test_phi_iter/mc_surface_per_bubble_smoothed_lap3/bub_1/frame_05150.obj,1,05150,5096,5096,10192,0.018647899996722117,0.06723359998431988,0.00029574999993201343,0.0001902069998322986,0.00013325400010216981,0.06752934998425189,0.06736685398442205,71.30702799998107,1.5237477000046056,72.83077569998568,5.9406171574136435,5.857363567915396
<bubblegym-data>/selected-dataMR3D_single_bubble_dx2p00mm_v6_rollL/selected-dataMR3D_single_bubble_dx2p00mm_v6_rollL/ppm_ve_home_test_phi_iter/mc_surface_per_bubble_smoothed_lap3/bub_1/frame_05200.obj,1,05200,5132,5132,10264,0.028020400000968948,0.07051039999350905,0.0002949329998227768,0.00020378499990329147,0.0002635429997462779,0.07080533299333183,0.07077394299325533,71.14525480000884,1.9628436999919359,73.10809850000078,5.975782520867401,5.893557111940401
<bubblegym-data>/selected-dataMR3D_single_bubble_dx2p00mm_v6_rollL/selected-dataMR3D_single_bubble_dx2p00mm_v6_rollL/ppm_ve_home_test_phi_iter/mc_surface_per_bubble_smoothed_lap3/bub_1/frame_05250.obj,1,05250,5184,5184,10368,0.019092500006081536,0.07039109998731874,0.00029776300012599675,0.00019062100007431583,0.00018578999995952472,0.07068886298744474,0.07057688998727826,77.25762190000387,1.8093293000129052,79.06695120001677,5.998490967423649,5.9167098915275185
<bubblegym-data>/selected-dataMR3D_single_bubble_dx2p00mm_v6_rollL/selected-dataMR3D_single_bubble_dx2p00mm_v6_rollL/ppm_ve_home_test_phi_iter/mc_surface_per_bubble_smoothed_lap3/bub_1/frame_05300.obj,1,05300,5206,5206,10412,0.11297709998325445,0.07217259999015369,0.0002943950000917539,0.0001874359999783337,0.00024036799994064495,0.07246699499024543,0.07241296799009433,75.3679668000259,1.9370880000060424,77.30505480003194,6.0241710996908155,5.937208258513726
<bubblegym-data>/selected-dataMR3D_single_bubble_dx2p00mm_v6_rollL/selected-dataMR3D_single_bubble_dx2p00mm_v6_rollL/ppm_ve_home_test_phi_iter/mc_surface_per_bubble_smoothed_lap3/bub_1/frame_05350.obj,1,05350,5136,5136,10272,0.018620500020915642,0.07142949997796677,0.00030120500014163554,0.00018595900008222088,0.00020466099987970666,0.0717307049781084,0.07163416097784647,72.88561310002115,1.9863870000117458,74.87200010003289,6.04384380246365,5.954571850321837
<bubblegym-data>/selected-dataMR3D_single_bubble_dx2p00mm_v6_rollL/selected-dataMR3D_single_bubble_dx2p00mm_v6_rollL/ppm_ve_home_test_phi_iter/mc_surface_per_bubble_smoothed_lap3/bub_1/frame_05400.obj,1,05400,5120,5120,10240,0.023253400024259463,0.06924950002576225,0.00029450600006384773,0.00018416900013107807,0.00013401599979260938,0.0695440060258261,0.06938351602555486,73.61036520000198,1.7688425999949686,75.37920779999695,6.045351142124915,5.962903390210453
<bubblegym-data>/selected-dataMR3D_single_bubble_dx2p00mm_v6_rollL/selected-dataMR3D_single_bubble_dx2p00mm_v6_rollL/ppm_ve_home_test_phi_iter/mc_surface_per_bubble_smoothed_lap3/bub_1/frame_05450.obj,1,05450,5022,5022,10044,0.01775239998823963,0.06732660002307966,0.00037312100001145153,0.00018850000022212045,0.00016296499990858137,0.06769972102309112,0.06748956502298825,66.75634330001776,1.7313264000113122,68.48766970002907,6.033918037709896,5.958824601691339
<bubblegym-data>/selected-dataMR3D_single_bubble_dx2p00mm_v6_rollL/selected-dataMR3D_single_bubble_dx2p00mm_v6_rollL/ppm_ve_home_test_phi_iter/mc_surface_per_bubble_smoothed_lap3/bub_1/frame_05500.obj,1,05500,4954,4954,9908,0.026697900000726804,0.0966130000015255,0.0005232220000470989,0.00021076500008348375,0.00014409900002647192,0.09713622200157261,0.09675709900155198,73.32447729998967,1.8698075999855064,75.19428489997517,6.028793819635746,5.951804826172782
<bubblegym-data>/selected-dataMR3D_single_bubble_dx2p00mm_v6_rollL/selected-dataMR3D_single_bubble_dx2p00mm_v6_rollL/ppm_ve_home_test_phi_iter/mc_surface_per_bubble_smoothed_lap3/bub_1/frame_05550.obj,1,05550,5168,5168,10336,0.14343490000464953,0.06886120000854135,0.0002982019999762997,0.00019138200004817918,0.00021406599989859387,0.06915940200851764,0.06907526600843994,72.72947270001168,2.1332887000171468,74.86276140002883,6.013819461227251,5.9378700606993196
<bubblegym-data>/selected-dataMR3D_single_bubble_dx2p00mm_v6_rollL/selected-dataMR3D_single_bubble_dx2p00mm_v6_rollL/ppm_ve_home_test_phi_iter/mc_surface_per_bubble_smoothed_lap3/bub_1/frame_05600.obj,1,05600,5270,5270,10540,0.019277899991720915,0.06934570000157692,0.0002954450002289377,0.00019435299996985124,0.0002696780001861043,0.06964114500180585,0.06961537800176303,80.27893939998467,2.3803584999986924,82.65929789998336,6.013196866066144,5.940167475915626
<bubblegym-data>/selected-dataMR3D_single_bubble_dx2p00mm_v6_rollL/selected-dataMR3D_single_bubble_dx2p00mm_v6_rollL/ppm_ve_home_test_phi_iter/mc_surface_per_bubble_smoothed_lap3/bub_1/frame_05650.obj,1,05650,5318,5318,10636,0.018922299990663305,0.0698835999937728,0.0002955789997940883,0.00019572599994717167,0.0002510119997896254,0.07017917899356689,0.07013461199356243,80.79592720000073,1.4657793999940623,82.2617065999948,6.0274131823831985,5.955087216666123
<bubblegym-data>/selected-dataMR3D_single_bubble_dx2p00mm_v6_rollL/selected-dataMR3D_single_bubble_dx2p00mm_v6_rollL/ppm_ve_home_test_phi_iter/mc_surface_per_bubble_smoothed_lap3/bub_1/frame_05700.obj,1,05700,5408,5408,10816,0.019518100016284734,0.07067850002204068,0.0002949310000985861,0.0001906650001183152,0.00012113700009649619,0.07097343102213927,0.07079963702213718,86.13202819999424,2.002031000010902,88.13405920000514,6.045843846068527,5.9688681318827115
<bubblegym-data>/selected-dataMR3D_single_bubble_dx2p00mm_v6_rollL/selected-dataMR3D_single_bubble_dx2p00mm_v6_rollL/ppm_ve_home_test_phi_iter/mc_surface_per_bubble_smoothed_lap3/bub_1/frame_05750.obj,1,05750,5464,5464,10928,0.019454199995379895,0.06954060000134632,0.0002961719999439083,0.0001874389997101389,0.0002477920000092126,0.06983677200129022,0.06978839200135553,94.08729650001624,1.6217884999932721,95.70908500000951,6.05774968969203,5.983518996375757
<bubblegym-data>/selected-dataMR3D_single_bubble_dx2p00mm_v6_rollL/selected-dataMR3D_single_bubble_dx2p00mm_v6_rollL/ppm_ve_home_test_phi_iter/mc_surface_per_bubble_smoothed_lap3/bub_1/frame_05800.obj,1,05800,5468,5468,10936,0.019562300003599375,0.07058490000781603,0.000297298000077717,0.00020243500010110437,0.00025023800000781196,0.07088219800789375,0.07083513800782384,95.0750107000058,2.275550699996529,97.35056140000233,6.067168531356671,5.992866122556088
<bubblegym-data>/selected-dataMR3D_single_bubble_dx2p00mm_v6_rollL/selected-dataMR3D_single_bubble_dx2p00mm_v6_rollL/ppm_ve_home_test_phi_iter/mc_surface_per_bubble_smoothed_lap3/bub_1/frame_05850.obj,1,05850,5510,5510,11020,0.020242800004780293,0.0994563999993261,0.0003307530001620762,0.00020190000010188668,0.0001499369999510236,0.09978715299948818,0.09960633699927712,94.28269160000491,1.8051390000036918,96.0878306000086,6.0737779770790485,6.003268308470691
<bubblegym-data>/selected-dataMR3D_single_bubble_dx2p00mm_v6_rollL/selected-dataMR3D_single_bubble_dx2p00mm_v6_rollL/ppm_ve_home_test_phi_iter/mc_surface_per_bubble_smoothed_lap3/bub_1/frame_05900.obj,1,05900,5534,5534,11068,0.01994979998562485,0.0708362000004854,0.00030089200008660556,0.0001888899999903515,0.00025591100013116374,0.07113709200057201,0.07109211100061658,98.62312420000671,2.1785849999869242,100.80170919999364,6.067594531488783,5.996633651133321
<bubblegym-data>/selected-dataMR3D_single_bubble_dx2p00mm_v6_rollL/selected-dataMR3D_single_bubble_dx2p00mm_v6_rollL/ppm_ve_home_test_phi_iter/mc_surface_per_bubble_smoothed_lap3/bub_1/frame_05950.obj,1,05950,5582,5582,11164,0.022968900011619553,0.07158989997697063,0.00030124100012471897,0.00018676799983950333,0.00013869599992176517,0.07189114097709534,0.07172859597689239,99.47784830001183,2.0836146000074223,101.56146290001925,6.060059792060412,5.980583810575834
<bubblegym-data>/selected-dataMR3D_single_bubble_dx2p00mm_v6_rollL/selected-dataMR3D_single_bubble_dx2p00mm_v6_rollL/ppm_ve_home_test_phi_iter/mc_surface_per_bubble_smoothed_lap3/bub_1/frame_06000.obj,1,06000,5644,5644,11288,0.02555190000566654,0.07342400000197813,0.00030579399986891076,0.00018916600005468352,0.0002572820000932552,0.07372979400184704,0.07368128200207139,101.4593611000164,2.2868998000049032,103.7462609000213,6.059395824115326,5.9664365680940525
<bubblegym-data>/selected-dataMR3D_single_bubble_dx2p00mm_v6_rollL/selected-dataMR3D_single_bubble_dx2p00mm_v6_rollL/ppm_ve_home_test_phi_iter/mc_surface_per_bubble_smoothed_lap3/bub_1/frame_06050.obj,1,06050,5688,5688,11376,0.020233500021276996,0.07528739998815581,0.00038273599988315255,0.0001809189998311922,0.000252434000140056,0.07567013598803897,0.07553983398829586,103.35034459998133,2.2531581000075676,105.6035026999889,6.069394843008915,5.962271492733481
<bubblegym-data>/selected-dataMR3D_single_bubble_dx2p00mm_v6_rollL/selected-dataMR3D_single_bubble_dx2p00mm_v6_rollL/ppm_ve_home_test_phi_iter/mc_surface_per_bubble_smoothed_lap3/bub_1/frame_06100.obj,1,06100,5774,5774,11548,0.020311000000219792,0.07550229999469593,0.0002964110000175424,0.00018605099990963935,0.00012096199992811307,0.07579871099471347,0.07562326199462405,110.0279118999897,2.9984222000057343,113.02633409999544,6.085748828596199,5.976146685807743
<bubblegym-data>/selected-dataMR3D_single_bubble_dx2p00mm_v6_rollL/selected-dataMR3D_single_bubble_dx2p00mm_v6_rollL/ppm_ve_home_test_phi_iter/mc_surface_per_bubble_smoothed_lap3/bub_1/frame_06150.obj,1,06150,5938,5938,11876,0.021466599981067702,0.07625090001965873,0.0002957009998499416,0.00020094800012884661,0.00012968799972441048,0.07654660101950866,0.07638058801938313,117.16424349998124,2.4451208999962546,119.6093643999775,6.109753931868519,6.001970983649225
<bubblegym-data>/selected-dataMR3D_single_bubble_dx2p00mm_v6_rollL/selected-dataMR3D_single_bubble_dx2p00mm_v6_rollL/ppm_ve_home_test_phi_iter/mc_surface_per_bubble_smoothed_lap3/bub_1/frame_06200.obj,1,06200,5992,5992,11984,0.025035300001036376,0.07788430000073276,0.000297275000193622,0.00018649499979801477,0.0002243630000157282,0.07818157500092639,0.0781086630007485,118.4121090999979,2.521960799989756,120.93406989998766,6.136822883192133,6.0283603168021225
<bubblegym-data>/selected-dataMR3D_single_bubble_dx2p00mm_v6_rollL/selected-dataMR3D_single_bubble_dx2p00mm_v6_rollL/ppm_ve_home_test_phi_iter/mc_surface_per_bubble_smoothed_lap3/bub_1/frame_06250.obj,1,06250,6016,6016,12032,0.0310794000106398,0.08205569998244755,0.00029530600004363806,0.00018808200024068356,0.0002560090000042692,0.08235100598249119,0.08231170898245183,119.19045120000374,2.529221000004327,121.71967220000806,6.154526323014412,6.044733649457686
<bubblegym-data>/selected-dataMR3D_single_bubble_dx2p00mm_v6_rollL/selected-dataMR3D_single_bubble_dx2p00mm_v6_rollL/ppm_ve_home_test_phi_iter/mc_surface_per_bubble_smoothed_lap3/bub_1/frame_06300.obj,1,06300,5960,5960,11920,0.02166120000765659,0.08022099998197518,0.00029567899997346103,0.0001884459998109378,0.00025745399994775653,0.08051667898194864,0.08047845398192294,117.50084969997988,1.8725301999947987,119.37337989997468,6.165261345950698,6.054779063062059
<bubblegym-data>/selected-dataMR3D_single_bubble_dx2p00mm_v6_rollL/selected-dataMR3D_single_bubble_dx2p00mm_v6_rollL/ppm_ve_home_test_phi_iter/mc_surface_per_bubble_smoothed_lap3/bub_1/frame_06350.obj,1,06350,5880,5880,11760,0.020900200004689395,0.07642349999514408,0.000294753999914974,0.0001857039998867549,0.0002556049998383969,0.07671825399505906,0.07667910499498248,115.27858319997904,2.0562494000187144,117.33483259999775,6.162269678409799,6.053300304339488
<bubblegym-data>/selected-dataMR3D_single_bubble_dx2p00mm_v6_rollL/selected-dataMR3D_single_bubble_dx2p00mm_v6_rollL/ppm_ve_home_test_phi_iter/mc_surface_per_bubble_smoothed_lap3/bub_1/frame_06400.obj,1,06400,5716,5716,11432,0.02076780001516454,0.07457859997521155,0.0003008440000121482,0.00018755299999611452,0.0002185389999067411,0.0748794439752237,0.07479713897511829,104.72189700001036,2.470597900013672,107.19249490002403,6.150641772950335,6.03385535888966
<bubblegym-data>/selected-dataMR3D_single_bubble_dx2p00mm_v6_rollL/selected-dataMR3D_single_bubble_dx2p00mm_v6_rollL/ppm_ve_home_test_phi_iter/mc_surface_per_bubble_smoothed_lap3/bub_1/frame_06450.obj,1,06450,5586,5586,11172,0.020677000022260472,0.0725947999744676,0.00029278800007887185,0.0001897309999912977,0.0002513200000976212,0.07288758797454647,0.07284611997456522,97.64950359999784,2.3541140999877825,100.00361769998563,6.125658171213886,6.0193316672956065
<bubblegym-data>/selected-dataMR3D_single_bubble_dx2p00mm_v6_rollL/selected-dataMR3D_single_bubble_dx2p00mm_v6_rollL/ppm_ve_home_test_phi_iter/mc_surface_per_bubble_smoothed_lap3/bub_1/frame_06500.obj,1,06500,5442,5442,10884,0.020058599999174476,0.0698940999864135,0.0002908829998341389,0.00018766399996820838,0.00025905400019837543,0.07018498298624763,0.07015315398661187,91.93633250001585,1.530906200001482,93.46723870001733,6.097856664713204,6.00662633964381
<bubblegym-data>/selected-dataMR3D_single_bubble_dx2p00mm_v6_rollL/selected-dataMR3D_single_bubble_dx2p00mm_v6_rollL/ppm_ve_home_test_phi_iter/mc_surface_per_bubble_smoothed_lap3/bub_1/frame_06550.obj,1,06550,5320,5320,10640,0.019933800009312108,0.06952879999880679,0.00029927399998996406,0.00020399300003191457,0.0002493320000940002,0.06982807399879676,0.06977813199890079,81.67821340000955,1.685224900022149,83.3634383000317,6.0830023394394015,5.997889781923723
<bubblegym-data>/selected-dataMR3D_single_bubble_dx2p00mm_v6_rollL/selected-dataMR3D_single_bubble_dx2p00mm_v6_rollL/ppm_ve_home_test_phi_iter/mc_surface_per_bubble_smoothed_lap3/bub_1/frame_06600.obj,1,06600,5260,5260,10520,0.02863650000654161,0.07199620001483709,0.0002933389999088831,0.00018551399989519268,0.00022902300028363243,0.07228953901474597,0.07222522301512072,77.2463931000093,2.183230499998899,79.4296236000082,6.0719109465520855,5.994026429095808
<bubblegym-data>/selected-dataMR3D_single_bubble_dx2p00mm_v6_rollL/selected-dataMR3D_single_bubble_dx2p00mm_v6_rollL/ppm_ve_home_test_phi_iter/mc_surface_per_bubble_smoothed_lap3/bub_1/frame_06650.obj,1,06650,5150,5150,10300,0.018668900011107326,0.0677766999870073,0.00029862600000342355,0.00018876200017984958,0.00026293500006431715,0.06807532598701073,0.06803963498707162,72.60094470001059,1.95821739998064,74.55916209999123,6.0744888838969375,5.998136463438348
<bubblegym-data>/selected-dataMR3D_single_bubble_dx2p00mm_v6_rollL/selected-dataMR3D_single_bubble_dx2p00mm_v6_rollL/ppm_ve_home_test_phi_iter/mc_surface_per_bubble_smoothed_lap3/bub_1/frame_06700.obj,1,06700,5178,5178,10356,0.01840890001039952,0.07112469998537563,0.0002992699999595061,0.00018677399988519027,0.00012895399995613844,0.07142396998533514,0.07125365398533176,74.2790616999846,2.061238599999342,76.34030029998394,6.070221648225321,5.986243675062179
<bubblegym-data>/selected-dataMR3D_single_bubble_dx2p00mm_v6_rollL/selected-dataMR3D_single_bubble_dx2p00mm_v6_rollL/ppm_ve_home_test_phi_iter/mc_surface_per_bubble_smoothed_lap3/bub_1/frame_06750.obj,1,06750,5176,5176,10352,0.01867279998259619,0.06726320000598207,0.0002965899999253452,0.000191157000081148,0.00015443500014953316,0.06755979000590742,0.0674176350061316,76.05987009999808,2.060587800020585,78.12045790001866,6.0790749122238985,5.992466783291941
<bubblegym-data>/selected-dataMR3D_single_bubble_dx2p00mm_v6_rollL/selected-dataMR3D_single_bubble_dx2p00mm_v6_rollL/ppm_ve_home_test_phi_iter/mc_surface_per_bubble_smoothed_lap3/bub_1/frame_06800.obj,1,06800,5216,5216,10432,0.027204099984373897,0.06735940001090057,0.00029512999986764044,0.00017935900017619134,0.0002605149999726564,0.06765453001076821,0.06761991501087322,75.7420403000142,2.069239500007825,77.81127980002202,6.082722393970947,5.9928268303926915
<bubblegym-data>/selected-dataMR3D_single_bubble_dx2p00mm_v6_rollL/selected-dataMR3D_single_bubble_dx2p00mm_v6_rollL/ppm_ve_home_test_phi_iter/mc_surface_per_bubble_smoothed_lap3/bub_1/frame_06850.obj,1,06850,5258,5258,10516,0.03195330000016838,0.07747630000812933,0.0002954449999378994,0.00018669000011868774,0.00019884100009221584,0.07777174500806723,0.07767514100822154,79.15532930000336,1.644623700005468,80.79995300000883,6.091096990556561,5.999392193843515
<bubblegym-data>/selected-dataMR3D_single_bubble_dx2p00mm_v6_rollL/selected-dataMR3D_single_bubble_dx2p00mm_v6_rollL/ppm_ve_home_test_phi_iter/mc_surface_per_bubble_smoothed_lap3/bub_1/frame_06900.obj,1,06900,5430,5430,10860,0.019514999992679805,0.07023650000337511,0.0003054790000896901,0.00019989300024462865,0.00022733299992978574,0.0705419790034648,0.0704638330033049,93.1445217000146,2.4772706999792717,95.62179239999386,6.09231853023334,5.9956836848393795
<bubblegym-data>/selected-dataMR3D_single_bubble_dx2p00mm_v6_rollL/selected-dataMR3D_single_bubble_dx2p00mm_v6_rollL/ppm_ve_home_test_phi_iter/mc_surface_per_bubble_smoothed_lap3/bub_1/frame_06950.obj,1,06950,5514,5514,11028,0.019440500007476658,0.0726247999991756,0.00029985700006363914,0.00018514800001867115,0.00013565300003392621,0.07292465699923924,0.07276045299920952,97.74232810002286,2.3090643000032287,100.05139240002609,6.096921817477884,5.998446080972066
<bubblegym-data>/selected-dataMR3D_single_bubble_dx2p00mm_v6_rollL/selected-dataMR3D_single_bubble_dx2p00mm_v6_rollL/ppm_ve_home_test_phi_iter/mc_surface_per_bubble_smoothed_lap3/bub_1/frame_07000.obj,1,07000,5576,5576,11152,0.01990669997758232,0.07295150001300499,0.0002967260000878014,0.00019039399980101733,0.0002804649999598041,0.07324822601309279,0.07323196501296479,98.89873489999445,1.8525483999983408,100.75128329999279,6.102068146321919,5.999724048063835
<bubblegym-data>/selected-dataMR3D_single_bubble_dx2p00mm_v6_rollL/selected-dataMR3D_single_bubble_dx2p00mm_v6_rollL/ppm_ve_home_test_phi_iter/mc_surface_per_bubble_smoothed_lap3/bub_1/frame_07050.obj,1,07050,5702,5702,11404,0.021780000010039657,0.07669990000431426,0.0003063669998664409,0.00020366000011563302,0.00026519600010942667,0.0770062670041807,0.07696509600442368,104.41784290000214,2.1006697000120766,106.51851260001422,6.113694424837027,6.007879550261774
<bubblegym-data>/selected-dataMR3D_single_bubble_dx2p00mm_v6_rollL/selected-dataMR3D_single_bubble_dx2p00mm_v6_rollL/ppm_ve_home_test_phi_iter/mc_surface_per_bubble_smoothed_lap3/bub_1/frame_07100.obj,1,07100,5742,5742,11484,0.02014389997930266,0.07756100001279265,0.000297697999922093,0.00019175499997800216,0.00015969000000040979,0.07785869801271474,0.07772069001279305,107.8879151000001,2.9688415999989957,110.8567566999991,6.1258965800145875,6.018900429032548
<bubblegym-data>/selected-dataMR3D_single_bubble_dx2p00mm_v6_rollL/selected-dataMR3D_single_bubble_dx2p00mm_v6_rollL/ppm_ve_home_test_phi_iter/mc_surface_per_bubble_smoothed_lap3/bub_1/frame_07150.obj,1,07150,5770,5770,11540,0.025028500007465482,0.0889710999908857,0.0002987759999814443,0.00019113699992885812,0.00014221699995687232,0.08926987599086715,0.08911331699084257,107.64863559999503,1.8410279999952763,109.48966359999031,6.137960553009856,6.027753818064713
<bubblegym-data>/selected-dataMR3D_single_bubble_dx2p00mm_v6_rollL/selected-dataMR3D_single_bubble_dx2p00mm_v6_rollL/ppm_ve_home_test_phi_iter/mc_surface_per_bubble_smoothed_lap3/bub_1/frame_07200.obj,1,07200,5848,5848,11696,0.021538600005442277,0.0771627000067383,0.00029778600001009183,0.0001919880000059493,0.0002665839999099262,0.0774604860067484,0.07742928400664822,114.75870750000468,2.965256199997384,117.72396370000206,6.149825698262197,6.042269019118772
<bubblegym-data>/selected-dataMR3D_single_bubble_dx2p00mm_v6_rollL/selected-dataMR3D_single_bubble_dx2p00mm_v6_rollL/ppm_ve_home_test_phi_iter/mc_surface_per_bubble_smoothed_lap3/bub_1/frame_07250.obj,1,07250,5802,5802,11604,0.02120449999347329,0.07538110000314191,0.00029529599996749314,0.00017668899992713704,0.0002813079999759793,0.07567639600310941,0.0756624080031179,110.43790160000208,2.2236893999797758,112.66159099998185,6.156452058531929,6.054459320346545
<bubblegym-data>/selected-dataMR3D_single_bubble_dx2p00mm_v6_rollL/selected-dataMR3D_single_bubble_dx2p00mm_v6_rollL/ppm_ve_home_test_phi_iter/mc_surface_per_bubble_smoothed_lap3/bub_1/frame_07300.obj,1,07300,5754,5754,11508,0.021981900004902855,0.08888100000331178,0.0006944079999811947,0.00021954900003038347,0.0002729560001171194,0.08957540800329297,0.0891539560034289,109.25309149999521,2.2420030000212137,111.49509450001642,6.164771961601854,6.063283337148832
<bubblegym-data>/selected-dataMR3D_single_bubble_dx2p00mm_v6_rollL/selected-dataMR3D_single_bubble_dx2p00mm_v6_rollL/ppm_ve_home_test_phi_iter/mc_surface_per_bubble_smoothed_lap3/bub_1/frame_07350.obj,1,07350,5670,5670,11340,0.11155990001861937,0.0748384999751579,0.0002950420000706799,0.00018884299992350862,0.00016167800000403077,0.07513354197522858,0.07500017797516194,102.2716584999871,2.1790496000030544,104.45070809999015,6.159916970914933,6.0587256304968635
<bubblegym-data>/selected-dataMR3D_single_bubble_dx2p00mm_v6_rollL/selected-dataMR3D_single_bubble_dx2p00mm_v6_rollL/ppm_ve_home_test_phi_iter/mc_surface_per_bubble_smoothed_lap3/bub_1/frame_07400.obj,1,07400,5868,5868,11740,0.021435600006952882,0.07625869999174029,0.00029032599995844067,0.00019644100015284494,0.00015021400002297015,0.07654902599169873,0.07640891399176325,114.05872530001216,1.8381771999993362,115.89690250001149,6.150298728941023,6.0512209825970835
<bubblegym-data>/selected-dataMR3D_single_bubble_dx2p00mm_v6_rollL/selected-dataMR3D_single_bubble_dx2p00mm_v6_rollL/ppm_ve_home_test_phi_iter/mc_surface_per_bubble_smoothed_lap3/bub_1/frame_07450.obj,1,07450,5866,5866,11736,0.0214607999951113,0.07520069999736734,0.0003000169998267665,0.000196799999976065,0.0001334340000175871,0.0755007169971941,0.07533413399738492,114.08753029999207,1.7866661000007298,115.8741963999928,6.144046023186509,6.0489512829238485
<bubblegym-data>/selected-dataMR3D_single_bubble_dx2p00mm_v6_rollL/selected-dataMR3D_single_bubble_dx2p00mm_v6_rollL/ppm_ve_home_test_phi_iter/mc_surface_per_bubble_smoothed_lap3/bub_1/frame_07500.obj,1,07500,5894,5894,11788,0.11341950000496581,0.08075519997510128,0.00029989599977852776,0.00018707599985646084,0.00026730300014605747,0.08105509597487981,0.08102250297524734,115.03480599998147,2.438606100011384,117.47341209999286,6.138626164940469,6.03576178276591
<bubblegym-data>/selected-dataMR3D_single_bubble_dx2p00mm_v6_rollL/selected-dataMR3D_single_bubble_dx2p00mm_v6_rollL/ppm_ve_home_test_phi_iter/mc_surface_per_bubble_smoothed_lap3/bub_1/frame_07550.obj,1,07550,5830,5830,11660,0.020164899993687868,0.07659069998771884,0.00029607400007080286,0.0001861030000145547,0.00026054199988720936,0.07688677398778963,0.07685124198760604,111.62745420000283,1.780542799999239,113.40799700000207,6.146596235597572,6.041947056012121
<bubblegym-data>/selected-dataMR3D_single_bubble_dx2p00mm_v6_rollL/selected-dataMR3D_single_bubble_dx2p00mm_v6_rollL/ppm_ve_home_test_phi_iter/mc_surface_per_bubble_smoothed_lap3/bub_1/frame_07600.obj,1,07600,5774,5774,11548,0.020574499998474494,0.07595320002292283,0.00048818000010214746,0.00018290300009539352,0.00025540599977830425,0.07644138002302497,0.07620860602270113,109.91352579998784,2.2077593999856617,112.1212851999735,6.160315228041868,6.0537426672045935
<bubblegym-data>/selected-dataMR3D_single_bubble_dx2p00mm_v6_rollL/selected-dataMR3D_single_bubble_dx2p00mm_v6_rollL/ppm_ve_home_test_phi_iter/mc_surface_per_bubble_smoothed_lap3/bub_1/frame_07650.obj,1,07650,5592,5592,11184,0.019913099997211248,0.07159599999431521,0.0002988649997860193,0.00020396800013259054,0.0002554560001590289,0.07189486499410122,0.07185145599447423,100.20574659999693,1.6830605999857653,101.8888071999827,6.183807698804263,6.07417268488247
<bubblegym-data>/selected-dataMR3D_single_bubble_dx2p00mm_v6_rollL/selected-dataMR3D_single_bubble_dx2p00mm_v6_rollL/ppm_ve_home_test_phi_iter/mc_surface_per_bubble_smoothed_lap3/bub_1/frame_07700.obj,1,07700,5568,5568,11136,0.019354899995960295,0.07321159998537041,0.0002981889998773113,0.00019171600026311354,0.00015360100020188837,0.07350978898524772,0.0733652009855723,99.29690789998858,1.848425700009102,101.14533359999768,6.204914869203613,6.093514378580544
<bubblegym-data>/selected-dataMR3D_single_bubble_dx2p00mm_v6_rollL/selected-dataMR3D_single_bubble_dx2p00mm_v6_rollL/ppm_ve_home_test_phi_iter/mc_surface_per_bubble_smoothed_lap3/bub_1/frame_07750.obj,1,07750,5568,5568,11136,0.01951860002009198,0.07352439998066984,0.0002940970001509413,0.000190133000141941,0.00018201099999714642,0.07381849698082078,0.07370641098066699,99.71255379999639,1.99501600000076,101.70756979999715,6.225232547457959,6.1158966513596
<bubblegym-data>/selected-dataMR3D_single_bubble_dx2p00mm_v6_rollL/selected-dataMR3D_single_bubble_dx2p00mm_v6_rollL/ppm_ve_home_test_phi_iter/mc_surface_per_bubble_smoothed_lap3/bub_1/frame_07800.obj,1,07800,5702,5702,11404,0.02560339999035932,0.07357560002128594,0.0002972530000261031,0.0002020030000130646,0.000255724000162445,0.07387285302131204,0.07383132402144837,104.19018489998416,2.3339834000216797,106.52416830000584,6.230203412930061,6.121005201884374
<bubblegym-data>/selected-dataMR3D_single_bubble_dx2p00mm_v6_rollL/selected-dataMR3D_single_bubble_dx2p00mm_v6_rollL/ppm_ve_home_test_phi_iter/mc_surface_per_bubble_smoothed_lap3/bub_1/frame_07850.obj,1,07850,5564,5564,11128,0.020277900010114536,0.0747092999808956,0.000294661000079941,0.000192494000075385,0.0002461500000208616,0.07500396098097553,0.07495544998091645,96.69816019997234,2.314794600009918,99.01295479998225,6.24888023257875,6.137552607012717
<bubblegym-data>/selected-dataMR3D_single_bubble_dx2p00mm_v6_rollL/selected-dataMR3D_single_bubble_dx2p00mm_v6_rollL/ppm_ve_home_test_phi_iter/mc_surface_per_bubble_smoothed_lap3/bub_1/frame_07900.obj,1,07900,5580,5580,11160,0.03212960000382736,0.07986539998091757,0.00037989200005540626,0.00020001099997898563,0.00026298000011593103,0.08024529198097298,0.0801283799810335,99.20453680001083,2.555884400004288,101.76042120001512,6.2566666140922225,6.146711685226715
<bubblegym-data>/selected-dataMR3D_single_bubble_dx2p00mm_v6_rollL/selected-dataMR3D_single_bubble_dx2p00mm_v6_rollL/ppm_ve_home_test_phi_iter/mc_surface_per_bubble_smoothed_lap3/bub_1/frame_07950.obj,1,07950,5612,5612,11224,0.020427400013431907,0.07332389999646693,0.0004727919999277219,0.00018772799987345934,0.000266766999848187,0.07379669199639466,0.07359066699631513,100.70997820000048,2.1688803999859374,102.87885859998642,6.250880402027733,6.136562759945391
<bubblegym-data>/selected-dataMR3D_single_bubble_dx2p00mm_v6_rollL/selected-dataMR3D_single_bubble_dx2p00mm_v6_rollL/ppm_ve_home_test_phi_iter/mc_surface_per_bubble_smoothed_lap3/bub_1/frame_08000.obj,1,08000,5660,5660,11320,0.01998690000618808,0.07408459999714978,0.0002941730001475662,0.0001938689997768961,0.00018169699993450194,0.07437877299729735,0.07426629699708429,102.99270620002062,1.7347033000260126,104.72740950004663,6.245327048293517,6.128920053268993
<bubblegym-data>/selected-dataMR3D_single_bubble_dx2p00mm_v6_rollL/selected-dataMR3D_single_bubble_dx2p00mm_v6_rollL/ppm_ve_home_test_phi_iter/mc_surface_per_bubble_smoothed_lap3/bub_1/frame_08050.obj,1,08050,5666,5666,11332,0.019813199993222952,0.0736484999943059,0.0002928489999612793,0.00018361199996434153,0.00017944799998076633,0.07394134899426717,0.07382794799428666,103.04337970001507,2.105136500002118,105.14851620001718,6.243746382293083,6.120239085117172
<bubblegym-data>/selected-dataMR3D_single_bubble_dx2p00mm_v6_rollL/selected-dataMR3D_single_bubble_dx2p00mm_v6_rollL/ppm_ve_home_test_phi_iter/mc_surface_per_bubble_smoothed_lap3/bub_1/frame_08100.obj,1,08100,5740,5740,11480,0.021614099998259917,0.07853629998862743,0.0003227950001019053,0.00019931500020902603,0.0002814869998837821,0.07885909498872934,0.07881778698851122,106.57328640000196,2.803040200000396,109.37632660000236,6.249692203573465,6.125745582864405
<bubblegym-data>/selected-dataMR3D_single_bubble_dx2p00mm_v6_rollL/selected-dataMR3D_single_bubble_dx2p00mm_v6_rollL/ppm_ve_home_test_phi_iter/mc_surface_per_bubble_smoothed_lap3/bub_1/frame_08150.obj,1,08150,5798,5798,11596,0.02098850000766106,0.07520309998653829,0.00030702799995196983,0.00018738999991910532,0.00026770299999043343,0.07551012798649026,0.07547080298652872,110.74709050002275,2.200641400006134,112.94773190002888,6.257072361375521,6.134229606031432
<bubblegym-data>/selected-dataMR3D_single_bubble_dx2p00mm_v6_rollL/selected-dataMR3D_single_bubble_dx2p00mm_v6_rollL/ppm_ve_home_test_phi_iter/mc_surface_per_bubble_smoothed_lap3/bub_1/frame_08200.obj,1,08200,5978,5978,11956,0.022594999987632036,0.07758129999274388,0.00029410700022708625,0.00018876199988881125,0.0002588699999614619,0.07787540699297096,0.07784016999270534,117.73458830002346,2.825345000019297,120.55993330004276,6.2507628721227855,6.124393316961032
<bubblegym-data>/selected-dataMR3D_single_bubble_dx2p00mm_v6_rollL/selected-dataMR3D_single_bubble_dx2p00mm_v6_rollL/ppm_ve_home_test_phi_iter/mc_surface_per_bubble_smoothed_lap3/bub_1/frame_08250.obj,1,08250,6046,6046,12092,0.026613699999870732,0.07653279998339713,0.0002947350000613369,0.00018645500007551162,0.00024807399982819335,0.07682753498345846,0.07678087398322532,122.47680909998599,1.8866361000109464,124.36344519999693,6.2530574219396815,6.132863769748983
<bubblegym-data>/selected-dataMR3D_single_bubble_dx2p00mm_v6_rollL/selected-dataMR3D_single_bubble_dx2p00mm_v6_rollL/ppm_ve_home_test_phi_iter/mc_surface_per_bubble_smoothed_lap3/bub_1/frame_08300.obj,1,08300,6048,6048,12096,0.021415600000182167,0.07806210001581348,0.00029551499988883734,0.00019124899990856646,0.0001961060002213344,0.07835761501570232,0.07825820601603482,121.5388060999976,2.8058291999914218,124.34463529998902,6.25268643013371,6.136129706336436
<bubblegym-data>/selected-dataMR3D_single_bubble_dx2p00mm_v6_rollL/selected-dataMR3D_single_bubble_dx2p00mm_v6_rollL/ppm_ve_home_test_phi_iter/mc_surface_per_bubble_smoothed_lap3/bub_1/frame_08350.obj,1,08350,5940,5940,11880,0.02161350002279505,0.07667130001937039,0.000286836999875959,0.0001857339998241514,0.00022103600000264123,0.07695813701924635,0.07689233601937304,118.55983490002109,2.2050686000147834,120.76490350003587,6.2505635784948925,6.140697326542515
<bubblegym-data>/selected-dataMR3D_single_bubble_dx2p00mm_v6_rollL/selected-dataMR3D_single_bubble_dx2p00mm_v6_rollL/ppm_ve_home_test_phi_iter/mc_surface_per_bubble_smoothed_lap3/bub_1/frame_08400.obj,1,08400,5888,5888,11776,0.026766700000735,0.07658839999930933,0.00029694800003198906,0.0001907420001225546,0.00013972699991427362,0.07688534799934132,0.0767281269992236,115.84621939997305,3.2047181999951135,119.05093759996817,6.253464353030536,6.146351185193187
<bubblegym-data>/selected-dataMR3D_single_bubble_dx2p00mm_v6_rollL/selected-dataMR3D_single_bubble_dx2p00mm_v6_rollL/ppm_ve_home_test_phi_iter/mc_surface_per_bubble_smoothed_lap3/bub_1/frame_08450.obj,1,08450,5958,5958,11916,0.021275500010233372,0.07598340002004988,0.000300058999855537,0.00019154600013280288,0.00027147899992996827,0.07628345901990542,0.07625487901997985,117.05226159997983,2.606484800024191,119.65874640000402,6.247830197147946,6.139024138148531
<bubblegym-data>/selected-dataMR3D_single_bubble_dx2p00mm_v6_rollL/selected-dataMR3D_single_bubble_dx2p00mm_v6_rollL/ppm_ve_home_test_phi_iter/mc_surface_per_bubble_smoothed_lap3/bub_1/frame_08500.obj,1,08500,5950,5950,11900,0.03529349999735132,0.08493119999184273,0.0002969429999939166,0.00019511999998940156,0.00013973399996757506,0.08522814299183665,0.0850709339918103,114.94358490000013,2.1591188999882434,117.10270379998838,6.256035464952489,6.1436319964537764
<bubblegym-data>/selected-dataMR3D_single_bubble_dx2p00mm_v6_rollL/selected-dataMR3D_single_bubble_dx2p00mm_v6_rollL/ppm_ve_home_test_phi_iter/mc_surface_per_bubble_smoothed_lap3/bub_1/frame_08550.obj,1,08550,6080,6080,12160,0.1157295000157319,0.08088549997773953,0.00029362800007220357,0.0001847709997673519,0.00018095700012054293,0.08117912797781174,0.08106645697786007,123.27255580000929,2.3074092000024393,125.57996500001173,6.2627403243852235,6.142353397524106
<bubblegym-data>/selected-dataMR3D_single_bubble_dx2p00mm_v6_rollL/selected-dataMR3D_single_bubble_dx2p00mm_v6_rollL/ppm_ve_home_test_phi_iter/mc_surface_per_bubble_smoothed_lap3/bub_1/frame_08600.obj,1,08600,6226,6226,12452,0.14459510002052411,0.08029199999873526,0.000293357000045944,0.00018714999983785675,0.00024476799997501074,0.08058535699878121,0.08053676799871028,130.99894940000377,3.378107500000624,134.3770569000044,6.27238803797742,6.149463759112068
<bubblegym-data>/selected-dataMR3D_single_bubble_dx2p00mm_v6_rollL/selected-dataMR3D_single_bubble_dx2p00mm_v6_rollL/ppm_ve_home_test_phi_iter/mc_surface_per_bubble_smoothed_lap3/bub_1/frame_08650.obj,1,08650,6256,6256,12512,0.021863000001758337,0.08036650001304224,0.0003066180000314489,0.00019107200001599266,0.0001126460000523366,0.0806731180130737,0.08047914601309458,132.9816589000111,2.618995500000892,135.600654400012,6.290020302298385,6.158829296208282
<bubblegym-data>/selected-dataMR3D_single_bubble_dx2p00mm_v6_rollL/selected-dataMR3D_single_bubble_dx2p00mm_v6_rollL/ppm_ve_home_test_phi_iter/mc_surface_per_bubble_smoothed_lap3/bub_1/frame_08700.obj,1,08700,6340,6340,12680,0.022541799989994615,0.08162929999525659,0.000397112000209745,0.00036175299988826736,0.00014037699991604314,0.08202641199546633,0.08176967699517262,136.22816100000637,3.0952895999944303,139.3234506000008,6.307588082600481,6.172416491925838
<bubblegym-data>/selected-dataMR3D_single_bubble_dx2p00mm_v6_rollL/selected-dataMR3D_single_bubble_dx2p00mm_v6_rollL/ppm_ve_home_test_phi_iter/mc_surface_per_bubble_smoothed_lap3/bub_1/frame_08750.obj,1,08750,6288,6288,12576,0.02239880000706762,0.08037350000813603,0.00039847200008807704,0.0003922850001254119,0.0002111719999811612,0.08077197200822411,0.0805846720081172,134.7428069000016,2.5610725000151433,137.30387940001674,6.322951082123075,6.184150546424434
<bubblegym-data>/selected-dataMR3D_single_bubble_dx2p00mm_v6_rollL/selected-dataMR3D_single_bubble_dx2p00mm_v6_rollL/ppm_ve_home_test_phi_iter/mc_surface_per_bubble_smoothed_lap3/bub_1/frame_08800.obj,1,08800,6286,6286,12572,0.022101499984273687,0.08012900000903755,0.00029607400007080286,0.00018828999978723004,0.00016544800018891692,0.08042507400910835,0.08029444800922647,134.86975529999472,2.6155674000037834,137.4853226999985,6.32778442260639,6.193016664026597
<bubblegym-data>/selected-dataMR3D_single_bubble_dx2p00mm_v6_rollL/selected-dataMR3D_single_bubble_dx2p00mm_v6_rollL/ppm_ve_home_test_phi_iter/mc_surface_per_bubble_smoothed_lap3/bub_1/frame_08850.obj,1,08850,6144,6144,12288,0.02182100000209175,0.07778309998684563,0.00029557200003182515,0.0001914230000693351,0.00027588099997956307,0.07807867198687746,0.07805898098682519,126.539812300005,4.227425799996126,130.76723810000112,6.32738754373983,6.184246384232147
<bubblegym-data>/selected-dataMR3D_single_bubble_dx2p00mm_v6_rollL/selected-dataMR3D_single_bubble_dx2p00mm_v6_rollL/ppm_ve_home_test_phi_iter/mc_surface_per_bubble_smoothed_lap3/bub_1/frame_08900.obj,1,08900,5978,5978,11956,0.02245250000851229,0.07583069999236614,0.00029932200006442143,0.00018654599989531562,0.0001458469999488443,0.07613002199243056,0.07597654699231499,118.29475830000592,2.6387278999900445,120.93348619999597,6.322413271937253,6.193850221435203
<bubblegym-data>/selected-dataMR3D_single_bubble_dx2p00mm_v6_rollL/selected-dataMR3D_single_bubble_dx2p00mm_v6_rollL/ppm_ve_home_test_phi_iter/mc_surface_per_bubble_smoothed_lap3/bub_1/frame_08950.obj,1,08950,5786,5786,11572,0.025277400010963902,0.07924290001392365,0.00032784100010758267,0.0001869940001051873,0.00015449600003194063,0.07957074101403122,0.07939739601395558,111.0840298999974,2.165066600020509,113.24909650001791,6.318282550218195,6.195431261550027
<bubblegym-data>/selected-dataMR3D_single_bubble_dx2p00mm_v6_rollL/selected-dataMR3D_single_bubble_dx2p00mm_v6_rollL/ppm_ve_home_test_phi_iter/mc_surface_per_bubble_smoothed_lap3/bub_1/frame_09000.obj,1,09000,5686,5686,11372,0.033338199980789796,0.07361240001046099,0.00029287199984537435,0.00018620099988766014,0.00017212499980814755,0.07390527201030636,0.07378452501026914,103.28154809999978,2.5771844999981113,105.8587325999979,6.308733511813141,6.187762446522631
<bubblegym-data>/selected-dataMR3D_single_bubble_dx2p00mm_v6_rollL/selected-dataMR3D_single_bubble_dx2p00mm_v6_rollL/ppm_ve_home_test_phi_iter/mc_surface_per_bubble_smoothed_lap3/bub_1/frame_09050.obj,1,09050,5760,5760,11520,0.020362500014016405,0.07542740000644699,0.0002912980000837706,0.00019308899994939564,0.0002743479999480769,0.07571869800653076,0.07570174800639506,109.73096479999367,2.820631400012644,112.55159620000632,6.298768119022964,6.173919933569112
<bubblegym-data>/selected-dataMR3D_single_bubble_dx2p00mm_v6_rollL/selected-dataMR3D_single_bubble_dx2p00mm_v6_rollL/ppm_ve_home_test_phi_iter/mc_surface_per_bubble_smoothed_lap3/bub_1/frame_09100.obj,1,09100,5808,5808,11616,0.022822099999757484,0.07523479999508709,0.0002973679997376166,0.00018823399994289503,0.00011880400008521974,0.0755321679948247,0.07535360399517231,111.39750859999913,2.5612934000091627,113.95880200000829,6.2866115068948,6.162262589495727
<bubblegym-data>/selected-dataMR3D_single_bubble_dx2p00mm_v6_rollL/selected-dataMR3D_single_bubble_dx2p00mm_v6_rollL/ppm_ve_home_test_phi_iter/mc_surface_per_bubble_smoothed_lap3/bub_1/frame_09150.obj,1,09150,5936,5936,11872,0.02092919999267906,0.07596350001404062,0.00029654999991180376,0.00019065100001171233,0.00027835599990794435,0.07626005001395242,0.07624185601394856,116.1908293000015,2.070237999985693,118.26106729998719,6.28252345625353,6.153970144316602
<bubblegym-data>/selected-dataMR3D_single_bubble_dx2p00mm_v6_rollL/selected-dataMR3D_single_bubble_dx2p00mm_v6_rollL/ppm_ve_home_test_phi_iter/mc_surface_per_bubble_smoothed_lap3/bub_1/frame_09200.obj,1,09200,6096,6096,12192,0.021739199990406632,0.07708299998193979,0.000301921000063885,0.0004005360000883229,0.00011768099997425452,0.07738492098200368,0.07720068098191404,123.8695013000106,2.7775317000050563,126.64703300001565,6.276438845807229,6.144387857049051
<bubblegym-data>/selected-dataMR3D_single_bubble_dx2p00mm_v6_rollL/selected-dataMR3D_single_bubble_dx2p00mm_v6_rollL/ppm_ve_home_test_phi_iter/mc_surface_per_bubble_smoothed_lap3/bub_1/frame_09250.obj,1,09250,6008,6008,12016,0.021758400020189583,0.07567030002246611,0.0003085199999623001,0.00018341099988901987,0.00012454899988370016,0.07597882002242841,0.07579484902234981,119.76471380001749,2.7726222000201233,122.53733600003761,6.284418063219152,6.154683254947752
<bubblegym-data>/selected-dataMR3D_single_bubble_dx2p00mm_v6_rollL/selected-dataMR3D_single_bubble_dx2p00mm_v6_rollL/ppm_ve_home_test_phi_iter/mc_surface_per_bubble_smoothed_lap3/bub_1/frame_09300.obj,1,09300,6056,6056,12112,0.02123720000963658,0.07727759997942485,0.0002966319999541156,0.00020267600018996745,0.0001397120000910945,0.07757423197937896,0.07741731197951594,122.45118029997684,2.4555739000206813,124.90675419999752,6.282425822583066,6.157225300697817
<bubblegym-data>/selected-dataMR3D_single_bubble_dx2p00mm_v6_rollL/selected-dataMR3D_single_bubble_dx2p00mm_v6_rollL/ppm_ve_home_test_phi_iter/mc_surface_per_bubble_smoothed_lap3/bub_1/frame_09350.obj,1,09350,6150,6150,12300,0.022192399977939203,0.07736360002309084,0.0002941740001551807,0.00018943499977467582,0.0002641069999663159,0.07765777402324602,0.07762770702305716,128.40591010000207,2.439251500007231,130.8451616000093,6.282410557537292,6.161109377071744
<bubblegym-data>/selected-dataMR3D_single_bubble_dx2p00mm_v6_rollL/selected-dataMR3D_single_bubble_dx2p00mm_v6_rollL/ppm_ve_home_test_phi_iter/mc_surface_per_bubble_smoothed_lap3/bub_1/frame_09400.obj,1,09400,6180,6180,12360,0.02221070000086911,0.07991189998574555,0.00029843900003470483,0.0001925630000187084,0.0002540750001207925,0.08021033898578026,0.08016597498586635,129.202269899979,2.6817748000030406,131.88404469998204,6.288221224420386,6.167412074687349
<bubblegym-data>/selected-dataMR3D_single_bubble_dx2p00mm_v6_rollL/selected-dataMR3D_single_bubble_dx2p00mm_v6_rollL/ppm_ve_home_test_phi_iter/mc_surface_per_bubble_smoothed_lap3/bub_1/frame_09450.obj,1,09450,6064,6064,12128,0.021452399989357218,0.07752680001431145,0.0002968480001436546,0.0001869170001009479,0.0001569599998765625,0.0778236480144551,0.07768376001418802,122.35839999999735,2.5216951000038534,124.8800951000012,6.299246202268098,6.177862410807764
<bubblegym-data>/selected-dataMR3D_single_bubble_dx2p00mm_v6_rollL/selected-dataMR3D_single_bubble_dx2p00mm_v6_rollL/ppm_ve_home_test_phi_iter/mc_surface_per_bubble_smoothed_lap3/bub_1/frame_09500.obj,1,09500,6258,6258,12516,0.022801299986895174,0.09694770001806319,0.00029203299985965716,0.00020348199992440642,0.00014601400005631148,0.09723973301792284,0.0970937140181195,133.82175009997445,2.8171351000200957,136.63888519999455,6.30857416850843,6.17991084167379
<bubblegym-data>/selected-dataMR3D_single_bubble_dx2p00mm_v6_rollL/selected-dataMR3D_single_bubble_dx2p00mm_v6_rollL/ppm_ve_home_test_phi_iter/mc_surface_per_bubble_smoothed_lap3/bub_1/frame_09550.obj,1,09550,6338,6338,12676,0.14258860002155416,0.08373090001987293,0.00029755399998975917,0.0002029489999404177,0.0001882209998439066,0.0840284540198627,0.08391912101971684,135.9639671999903,2.566267300018808,138.5302345000091,6.322716641931116,6.192900757487925
<bubblegym-data>/selected-dataMR3D_single_bubble_dx2p00mm_v6_rollL/selected-dataMR3D_single_bubble_dx2p00mm_v6_rollL/ppm_ve_home_test_phi_iter/mc_surface_per_bubble_smoothed_lap3/bub_1/frame_09600.obj,1,09600,6386,6386,12772,0.02217949999612756,0.08109829999739304,0.00029486200015526264,0.00019361999991815537,0.00027755700022680685,0.0813931619975483,0.08137585699761984,139.39970929999254,3.157420799980173,142.5571300999727,6.343329740652911,6.206111069171327
<bubblegym-data>/selected-dataMR3D_single_bubble_dx2p00mm_v6_rollL/selected-dataMR3D_single_bubble_dx2p00mm_v6_rollL/ppm_ve_home_test_phi_iter/mc_surface_per_bubble_smoothed_lap3/bub_1/frame_09650.obj,1,09650,6376,6376,12752,0.13282120000803843,0.0809599999920465,0.00030739500012714414,0.00019213899999158456,0.00026333399990107864,0.08126739499217366,0.08122333399194759,137.08189219998894,2.8012582999945153,139.88315049998346,6.36152806250477,6.2192576268254385
<bubblegym-data>/selected-dataMR3D_single_bubble_dx2p00mm_v6_rollL/selected-dataMR3D_single_bubble_dx2p00mm_v6_rollL/ppm_ve_home_test_phi_iter/mc_surface_per_bubble_smoothed_lap3/bub_1/frame_09700.obj,1,09700,6476,6476,12952,0.022745099995518103,0.08259169998927973,0.0003185100000700913,0.0001894090001587756,0.00012836999987484888,0.08291020998934982,0.08272006998915458,143.84373870000127,3.0530769000179134,146.89681560001918,6.365694180520912,6.221533379082026
<bubblegym-data>/selected-dataMR3D_single_bubble_dx2p00mm_v6_rollL/selected-dataMR3D_single_bubble_dx2p00mm_v6_rollL/ppm_ve_home_test_phi_iter/mc_surface_per_bubble_smoothed_lap3/bub_1/frame_09750.obj,1,09750,6416,6416,12832,0.12591380000230856,0.0831389999948442,0.00029305100004421546,0.0001830520000657998,0.00011816899990662932,0.08343205099488842,0.08325716899475083,138.93697099998826,3.2295353999943472,142.1665063999826,6.367439802306944,6.2203816806099725
<bubblegym-data>/selected-dataMR3D_single_bubble_dx2p00mm_v6_rollL/selected-dataMR3D_single_bubble_dx2p00mm_v6_rollL/ppm_ve_home_test_phi_iter/mc_surface_per_bubble_smoothed_lap3/bub_1/frame_09800.obj,1,09800,6306,6306,12612,0.029028799996012822,0.07866080000530928,0.0003032350001740269,0.00019190499995602294,0.0002348469998105429,0.07896403500548331,0.07889564700511982,136.21560559998034,2.9935594999988098,139.20916509997915,6.3612621083448095,6.216432077679633
<bubblegym-data>/selected-dataMR3D_single_bubble_dx2p00mm_v6_rollL/selected-dataMR3D_single_bubble_dx2p00mm_v6_rollL/ppm_ve_home_test_phi_iter/mc_surface_per_bubble_smoothed_lap3/bub_1/frame_09850.obj,1,09850,6308,6308,12616,0.02317840000614524,0.0792753999994602,0.00029556199995568023,0.00018953899998450652,0.00026829700014786796,0.07957096199941588,0.07954369699960807,135.9444657000131,3.4731580000079703,139.41762370002107,6.3471409425119285,6.203726328146566
<bubblegym-data>/selected-dataMR3D_single_bubble_dx2p00mm_v6_rollL/selected-dataMR3D_single_bubble_dx2p00mm_v6_rollL/ppm_ve_home_test_phi_iter/mc_surface_per_bubble_smoothed_lap3/bub_1/frame_09900.obj,1,09900,6134,6134,12268,0.021479799994267523,0.07659150002291426,0.0002916730000288226,0.00019402699981583283,0.0002781050000339746,0.07688317302294308,0.07686960502294823,125.66021650002222,2.9063628000149038,128.56657930003712,6.326634852391245,6.184025222301493
<bubblegym-data>/selected-dataMR3D_single_bubble_dx2p00mm_v6_rollL/selected-dataMR3D_single_bubble_dx2p00mm_v6_rollL/ppm_ve_home_test_phi_iter/mc_surface_per_bubble_smoothed_lap3/bub_1/frame_09950.obj,1,09950,5972,5972,11944,0.021113499999046326,0.07442150000133552,0.00029670399992028253,0.00018959300010465085,0.0002512800000840798,0.0747182040012558,0.0746727800014196,118.42080580000766,2.22270730001037,120.64351310001803,6.329072311155186,6.194579030056199
<bubblegym-data>/selected-dataMR3D_single_bubble_dx2p00mm_v6_rollL/selected-dataMR3D_single_bubble_dx2p00mm_v6_rollL/ppm_ve_home_test_phi_iter/mc_surface_per_bubble_smoothed_lap3/bub_1/frame_10000.obj,1,10000,5878,5878,11756,0.020843500009505078,0.07472429997869767,0.0002944959999877028,0.00018731499993009492,0.00019568799994885923,0.07501879597868538,0.07491998797864653,115.56674759997986,2.0505805000138935,117.61732809999376,6.324816512228188,6.197697556434099
<bubblegym-data>/selected-dataMR3D_single_bubble_dx2p00mm_v6_rollL/selected-dataMR3D_single_bubble_dx2p00mm_v6_rollL/ppm_ve_home_test_phi_iter/mc_surface_per_bubble_smoothed_lap3/bub_1/frame_10050.obj,1,10050,5810,5810,11620,0.11493330000666901,0.07404579999274574,0.00029722900013439356,0.00018610700004501268,0.00011751200014259666,0.07434302899288013,0.07416331199288834,109.04974459999357,2.950744100002339,112.00048869999591,6.333091454664264,6.208233993239115
<bubblegym-data>/selected-dataMR3D_single_bubble_dx2p00mm_v6_rollL/selected-dataMR3D_single_bubble_dx2p00mm_v6_rollL/ppm_ve_home_test_phi_iter/mc_surface_per_bubble_smoothed_lap3/bub_1/frame_10100.obj,1,10100,5746,5746,11492,0.02084450001711957,0.08121629999368452,0.0003000610001618043,0.00018932800012407824,0.0001324830000521615,0.08151636099384632,0.08134878299373667,107.00826679999591,2.5862236999964807,109.59449049999239,6.338501672464969,6.212396853432114
<bubblegym-data>/selected-dataMR3D_single_bubble_dx2p00mm_v6_rollL/selected-dataMR3D_single_bubble_dx2p00mm_v6_rollL/ppm_ve_home_test_phi_iter/mc_surface_per_bubble_smoothed_lap3/bub_1/frame_10150.obj,1,10150,5770,5770,11540,0.11327880001044832,0.0784165000077337,0.0002995389999705367,0.00018905100005213172,0.0001538959998288192,0.07871603900770424,0.07857039600756252,108.83802400002605,2.4708300000056624,111.30885400003172,6.342945287649258,6.215374680063692
<bubblegym-data>/selected-dataMR3D_single_bubble_dx2p00mm_v6_rollL/selected-dataMR3D_single_bubble_dx2p00mm_v6_rollL/ppm_ve_home_test_phi_iter/mc_surface_per_bubble_smoothed_lap3/bub_1/frame_10200.obj,1,10200,5850,5850,11700,0.020792200026335195,0.07450300001073629,0.00029280199989443643,0.00018020500021521002,0.00014299600006779657,0.07479580201063073,0.07464599601080409,112.94818159998977,2.378972699982114,115.32715429997188,6.343743235036599,6.211006208473331
<bubblegym-data>/selected-dataMR3D_single_bubble_dx2p00mm_v6_rollL/selected-dataMR3D_single_bubble_dx2p00mm_v6_rollL/ppm_ve_home_test_phi_iter/mc_surface_per_bubble_smoothed_lap3/bub_1/frame_10250.obj,1,10250,5968,5968,11936,0.022214800002984703,0.07533940000575967,0.0003492760000517592,0.00018794400006299838,0.0002635900001041591,0.07568867600581143,0.07560299000586383,116.88669489999302,2.0332418000034522,118.91993669999647,6.337517134116148,6.201104467085417
<bubblegym-data>/selected-dataMR3D_single_bubble_dx2p00mm_v6_rollL/selected-dataMR3D_single_bubble_dx2p00mm_v6_rollL/ppm_ve_home_test_phi_iter/mc_surface_per_bubble_smoothed_lap3/bub_1/frame_10300.obj,1,10300,6056,6056,12112,0.02497410000069067,0.0810996999789495,0.00029280400020070374,0.00019034400000236929,0.0001294779998715967,0.08139250397915021,0.0812291779788211,120.99686479999218,2.725769200013019,123.7226340000052,6.334687644467346,6.197148635164066
<bubblegym-data>/selected-dataMR3D_single_bubble_dx2p00mm_v6_rollL/selected-dataMR3D_single_bubble_dx2p00mm_v6_rollL/ppm_ve_home_test_phi_iter/mc_surface_per_bubble_smoothed_lap3/bub_1/frame_10350.obj,1,10350,6168,6168,12336,0.03475520000210963,0.08143729998846538,0.0003014759998768568,0.00018925399985164404,0.00020061999995959923,0.08173877598834224,0.08163791998842498,127.6709617000015,2.6463878999929875,130.3173495999945,6.343922344686972,6.20351630182834
<bubblegym-data>/selected-dataMR3D_single_bubble_dx2p00mm_v6_rollL/selected-dataMR3D_single_bubble_dx2p00mm_v6_rollL/ppm_ve_home_test_phi_iter/mc_surface_per_bubble_smoothed_lap3/bub_1/frame_10400.obj,1,10400,6104,6104,12208,0.1151458999956958,0.08161669998662546,0.00040254799998365345,0.00037741499982075767,0.0001416849999804981,0.08201924798660912,0.08175838498660597,124.49114550001104,2.4445559999730904,126.93570149998413,6.361844015629617,6.218819478829585
<bubblegym-data>/selected-dataMR3D_single_bubble_dx2p00mm_v6_rollL/selected-dataMR3D_single_bubble_dx2p00mm_v6_rollL/ppm_ve_home_test_phi_iter/mc_surface_per_bubble_smoothed_lap3/bub_1/frame_10450.obj,1,10450,6124,6124,12248,0.02164789999369532,0.07789539999794215,0.00029884900024626407,0.00019126400002278388,0.0001377019999199547,0.07819424899818841,0.0780331019978621,126.46586629998637,2.5170201000000816,128.98288639998646,6.384095922375965,6.23821720371381
<bubblegym-data>/selected-dataMR3D_single_bubble_dx2p00mm_v6_rollL/selected-dataMR3D_single_bubble_dx2p00mm_v6_rollL/ppm_ve_home_test_phi_iter/mc_surface_per_bubble_smoothed_lap3/bub_1/frame_10500.obj,1,10500,6292,6292,12584,0.027081500011263415,0.08234819999779575,0.0002957569999853149,0.0002719079999951646,0.00020737099985126405,0.08264395699778106,0.08255557099764702,136.65419120001025,2.9143961000081617,139.5685873000184,6.4029183487527535,6.259547360222143
<bubblegym-data>/selected-dataMR3D_single_bubble_dx2p00mm_v6_rollL/selected-dataMR3D_single_bubble_dx2p00mm_v6_rollL/ppm_ve_home_test_phi_iter/mc_surface_per_bubble_smoothed_lap3/bub_1/frame_10550.obj,1,10550,6340,6340,12680,0.02422110000043176,0.08218170001055114,0.00030710299994098024,0.00025386299996171146,0.00021546800009673462,0.08248880301049212,0.08239716801064788,137.08650370000396,2.750875999976415,139.83737969998037,6.416771014384205,6.272597739253387
<bubblegym-data>/selected-dataMR3D_single_bubble_dx2p00mm_v6_rollL/selected-dataMR3D_single_bubble_dx2p00mm_v6_rollL/ppm_ve_home_test_phi_iter/mc_surface_per_bubble_smoothed_lap3/bub_1/frame_10600.obj,1,10600,6380,6380,12760,0.024294400005601346,0.08123250000062399,0.0004106580000370741,0.0005654340001638047,0.0002709719998529181,0.08164315800066106,0.0815034720004769,137.42847479999182,2.9596422000031453,140.38811699999496,6.427050818278247,6.278303436591596
<bubblegym-data>/selected-dataMR3D_single_bubble_dx2p00mm_v6_rollL/selected-dataMR3D_single_bubble_dx2p00mm_v6_rollL/ppm_ve_home_test_phi_iter/mc_surface_per_bubble_smoothed_lap3/bub_1/frame_10650.obj,1,10650,6452,6452,12904,0.023119999998016283,0.08260369999334216,0.0002955500001553446,0.00018735299992840736,0.00025651600008131937,0.0828992499934975,0.08286021599342348,143.68900230000145,3.037926499993773,146.72692879999522,6.430495786762007,6.279712143806379
<bubblegym-data>/selected-dataMR3D_single_bubble_dx2p00mm_v6_rollL/selected-dataMR3D_single_bubble_dx2p00mm_v6_rollL/ppm_ve_home_test_phi_iter/mc_surface_per_bubble_smoothed_lap3/bub_1/frame_10700.obj,1,10700,6298,6298,12596,0.02304349999758415,0.0793814999924507,0.0002973629999905825,0.0001880160000291653,0.0001772609999170527,0.07967886299244129,0.07955876099236775,133.74215949999052,2.79753039998468,136.5396898999752,6.431102313797562,6.283860008602528
<bubblegym-data>/selected-dataMR3D_single_bubble_dx2p00mm_v6_rollL/selected-dataMR3D_single_bubble_dx2p00mm_v6_rollL/ppm_ve_home_test_phi_iter/mc_surface_per_bubble_smoothed_lap3/bub_1/frame_10750.obj,1,10750,6272,6272,12544,0.02255449999938719,0.07777239999268204,0.0002950060000875965,0.00019731500011403114,0.00020046799996634946,0.07806740599276964,0.0779728679926484,132.96532620000653,2.647585500002606,135.61291170000914,6.420911712988837,6.276197701893277
<bubblegym-data>/selected-dataMR3D_single_bubble_dx2p00mm_v6_rollL/selected-dataMR3D_single_bubble_dx2p00mm_v6_rollL/ppm_ve_home_test_phi_iter/mc_surface_per_bubble_smoothed_lap3/bub_1/frame_10800.obj,1,10800,6144,6144,12288,0.022128700016764924,0.07658429999719374,0.00029167200002120806,0.0001884480001172051,0.0002204640000127256,0.07687597199721495,0.07680476399720647,127.25041710000369,3.4125406999955885,130.66295779999928,6.416433053642066,6.267473246495319
<bubblegym-data>/selected-dataMR3D_single_bubble_dx2p00mm_v6_rollL/selected-dataMR3D_single_bubble_dx2p00mm_v6_rollL/ppm_ve_home_test_phi_iter/mc_surface_per_bubble_smoothed_lap3/bub_1/frame_10850.obj,1,10850,6166,6166,12332,0.024090299993986264,0.07884140001260675,0.0002967099999659695,0.00018489699985366315,0.00014138200000161306,0.07913811001257272,0.07898278201260837,126.93182619998697,2.429866399994353,129.36169259998132,6.407597979795929,6.2627150180981594
<bubblegym-data>/selected-dataMR3D_single_bubble_dx2p00mm_v6_rollL/selected-dataMR3D_single_bubble_dx2p00mm_v6_rollL/ppm_ve_home_test_phi_iter/mc_surface_per_bubble_smoothed_lap3/bub_1/frame_10900.obj,1,10900,6098,6098,12196,0.021731899993028492,0.07829740000306629,0.00034483700001146643,0.00030927700019674377,0.0002718019997701049,0.07864223700307775,0.07856920200283639,125.67007170000579,3.1201670999871567,128.79023879999295,6.407836622355322,6.263190603670714
<bubblegym-data>/selected-dataMR3D_single_bubble_dx2p00mm_v6_rollL/selected-dataMR3D_single_bubble_dx2p00mm_v6_rollL/ppm_ve_home_test_phi_iter/mc_surface_per_bubble_smoothed_lap3/bub_1/frame_10950.obj,1,10950,6134,6134,12268,0.021775900007924065,0.07724859999143519,0.00029867599980207163,0.00018593399989185854,0.00027696400007698685,0.07754727599123726,0.07752556399151217,127.06211420000182,2.9890262999979313,130.05114049999975,6.404926490571311,6.26409931890744
<bubblegym-data>/selected-dataMR3D_single_bubble_dx2p00mm_v6_rollL/selected-dataMR3D_single_bubble_dx2p00mm_v6_rollL/ppm_ve_home_test_phi_iter/mc_surface_per_bubble_smoothed_lap3/bub_1/frame_11000.obj,1,11000,6094,6094,12188,0.021713199996156618,0.07608929998241365,0.00031411799980560315,0.0001878990000113845,0.00024274499999592082,0.07640341798221925,0.07633204498240957,123.38782579998951,2.6728788999898825,126.0607046999794,6.401056012684111,6.262601539907454
<bubblegym-data>/selected-dataMR3D_single_bubble_dx2p00mm_v6_rollL/selected-dataMR3D_single_bubble_dx2p00mm_v6_rollL/ppm_ve_home_test_phi_iter/mc_surface_per_bubble_smoothed_lap3/bub_1/frame_11050.obj,1,11050,6076,6076,12152,0.021905200002947822,0.07725999999092892,0.0002987080000457354,0.00018424199981382117,0.0002581359999021515,0.07755870799097465,0.07751813599083107,125.11500499999966,2.8591055999859236,127.97411059998558,6.400054260487979,6.265553388147004
<bubblegym-data>/selected-dataMR3D_single_bubble_dx2p00mm_v6_rollL/selected-dataMR3D_single_bubble_dx2p00mm_v6_rollL/ppm_ve_home_test_phi_iter/mc_surface_per_bubble_smoothed_lap3/bub_1/frame_11100.obj,1,11100,6008,6008,12016,0.13247949999640696,0.0774428999866359,0.00029327800002647563,0.00018747399997664615,0.00024518399994121864,0.07773617798666237,0.07768808398657712,119.12471740000183,2.5156036999833304,121.64032109998516,6.407428376633151,6.27370077030776
<bubblegym-data>/selected-dataMR3D_single_bubble_dx2p00mm_v6_rollL/selected-dataMR3D_single_bubble_dx2p00mm_v6_rollL/ppm_ve_home_test_phi_iter/mc_surface_per_bubble_smoothed_lap3/bub_1/frame_11150.obj,1,11150,5944,5944,11888,0.1184726000064984,0.07844769998337142,0.00030679000017698856,0.0001939709999714978,0.00016898300003958866,0.0787544899835484,0.07861668298341101,116.7197774000233,3.304219700017711,120.02399710004102,6.41245889277904,6.276862870109389
<bubblegym-data>/selected-dataMR3D_single_bubble_dx2p00mm_v6_rollL/selected-dataMR3D_single_bubble_dx2p00mm_v6_rollL/ppm_ve_home_test_phi_iter/mc_surface_per_bubble_smoothed_lap3/bub_1/frame_11200.obj,1,11200,5976,5976,11952,0.021163700002944097,0.0747354999766685,0.00030504499998642133,0.0001923850001185201,0.00020109100005356596,0.07504054497665492,0.07493659097672208,117.5257407000172,2.603210700006457,120.12895140002365,6.414432770404637,6.2754375959587145
<bubblegym-data>/selected-dataMR3D_single_bubble_dx2p00mm_v6_rollL/selected-dataMR3D_single_bubble_dx2p00mm_v6_rollL/ppm_ve_home_test_phi_iter/mc_surface_per_bubble_smoothed_lap3/bub_1/frame_11250.obj,1,11250,6008,6008,12016,0.03266920000896789,0.07725689999642782,0.0002935820000129752,0.00018957499996758999,0.0002475790001335554,0.0775504819964408,0.07750447899656138,118.25437279997277,2.398523200012278,120.65289599998505,6.418901893049356,6.275813896740616
<bubblegym-data>/selected-dataMR3D_single_bubble_dx2p00mm_v6_rollL/selected-dataMR3D_single_bubble_dx2p00mm_v6_rollL/ppm_ve_home_test_phi_iter/mc_surface_per_bubble_smoothed_lap3/bub_1/frame_11300.obj,1,11300,6210,6210,12420,0.02401369999279268,0.07860320000327192,0.00035980100015876816,0.00029426300025079397,0.00015127699996810405,0.07896300100343069,0.07875447700324002,128.96062329999404,2.791608900006395,131.75223220000044,6.423043492707727,6.2735541868715385
<bubblegym-data>/selected-dataMR3D_single_bubble_dx2p00mm_v6_rollL/selected-dataMR3D_single_bubble_dx2p00mm_v6_rollL/ppm_ve_home_test_phi_iter/mc_surface_per_bubble_smoothed_lap3/bub_1/frame_11350.obj,1,11350,6322,6322,12644,0.02353400000720285,0.07999969998490997,0.0002995520000695251,0.00019086599990259857,0.0001442350001889281,0.08029925198497949,0.08014393498509889,137.52143490000162,2.3003254999930505,139.82176039999467,6.429877948254699,6.2812888933723
<bubblegym-data>/selected-dataMR3D_single_bubble_dx2p00mm_v6_rollL/selected-dataMR3D_single_bubble_dx2p00mm_v6_rollL/ppm_ve_home_test_phi_iter/mc_surface_per_bubble_smoothed_lap3/bub_1/frame_11400.obj,1,11400,6392,6392,12784,0.025307900010375306,0.08035529998596758,0.00029558999987784775,0.00018749199982266872,0.00023416999989422037,0.08065088998584542,0.08058946998586179,140.38427959999535,3.0525635999802034,143.43684319997556,6.434942505733345,6.2840929813066655
<bubblegym-data>/selected-dataMR3D_single_bubble_dx2p00mm_v6_rollL/selected-dataMR3D_single_bubble_dx2p00mm_v6_rollL/ppm_ve_home_test_phi_iter/mc_surface_per_bubble_smoothed_lap3/bub_1/frame_11450.obj,1,11450,6384,6384,12768,0.022547500004293397,0.08144660000107251,0.00031003400014014917,0.00020636100001865997,0.00026978899986715985,0.08175663400121266,0.08171638900093967,137.9752010999946,2.8537014999892563,140.82890259998385,6.4453463306280145,6.293081379316843
<bubblegym-data>/selected-dataMR3D_single_bubble_dx2p00mm_v6_rollL/selected-dataMR3D_single_bubble_dx2p00mm_v6_rollL/ppm_ve_home_test_phi_iter/mc_surface_per_bubble_smoothed_lap3/bub_1/frame_11500.obj,1,11500,6356,6356,12712,0.024931899999501184,0.08426619999227114,0.000293387999990955,0.0001926400000229478,0.00013102400000207127,0.0845595879922621,0.08439722399227322,136.43710499998997,2.5533616000029724,138.99046659999294,6.45797611568443,6.302935379302924
<bubblegym-data>/selected-dataMR3D_single_bubble_dx2p00mm_v6_rollL/selected-dataMR3D_single_bubble_dx2p00mm_v6_rollL/ppm_ve_home_test_phi_iter/mc_surface_per_bubble_smoothed_lap3/bub_1/frame_11550.obj,1,11550,6442,6442,12884,0.022279600001638755,0.08074669999768957,0.00029344400012632833,0.00018841200013412163,0.00013650700013386084,0.08104014399781591,0.08088320699782343,140.55260039999848,2.8806239000114147,143.4332243000099,6.462038492196805,6.308091875001809
<bubblegym-data>/selected-dataMR3D_single_bubble_dx2p00mm_v6_rollL/selected-dataMR3D_single_bubble_dx2p00mm_v6_rollL/ppm_ve_home_test_phi_iter/mc_surface_per_bubble_smoothed_lap3/bub_1/frame_11600.obj,1,11600,6558,6558,13116,0.1237515999819152,0.08462909999070689,0.00030358999996678906,0.00019052799994824455,0.0002494619999197312,0.08493268999067367,0.08487856199062663,146.86370210000314,3.4918914000154473,150.35559350001859,6.453213268038501,6.30269720000505
<bubblegym-data>/selected-dataMR3D_single_bubble_dx2p00mm_v6_rollL/selected-dataMR3D_single_bubble_dx2p00mm_v6_rollL/ppm_ve_home_test_phi_iter/mc_surface_per_bubble_smoothed_lap3/bub_1/frame_11650.obj,1,11650,6452,6452,12904,0.11851940001361072,0.08386350001092069,0.0003790840000147,0.00018634399981237948,0.00011644799989880994,0.08424258401093539,0.0839799480108195,141.11934850001126,3.154656899976544,144.2740053999878,6.454071389598029,6.30692565695131
<bubblegym-data>/selected-dataMR3D_single_bubble_dx2p00mm_v6_rollL/selected-dataMR3D_single_bubble_dx2p00mm_v6_rollL/ppm_ve_home_test_phi_iter/mc_surface_per_bubble_smoothed_lap3/bub_1/frame_11700.obj,1,11700,6364,6364,12728,0.022397699998691678,0.08035819997894578,0.00029478899989044294,0.0001995549999992363,0.0001162309999926947,0.08065298897883622,0.08047443097893847,137.0175450000097,3.2408704000117723,140.25841540002148,6.449944590727111,6.304911036524951
<bubblegym-data>/selected-dataMR3D_single_bubble_dx2p00mm_v6_rollL/selected-dataMR3D_single_bubble_dx2p00mm_v6_rollL/ppm_ve_home_test_phi_iter/mc_surface_per_bubble_smoothed_lap3/bub_1/frame_11750.obj,1,11750,6306,6306,12612,0.11367859999882057,0.08269000001018867,0.00038599299994530157,0.000283775000134483,0.0002721550001297146,0.08307599301013396,0.08296215501031838,134.82062730001053,2.860669899993809,137.68129720000434,6.449254179668898,6.306168595356774
<bubblegym-data>/selected-dataMR3D_single_bubble_dx2p00mm_v6_rollL/selected-dataMR3D_single_bubble_dx2p00mm_v6_rollL/ppm_ve_home_test_phi_iter/mc_surface_per_bubble_smoothed_lap3/bub_1/frame_11800.obj,1,11800,6218,6218,12436,0.022947599994949996,0.07719599999836646,0.0002956679998897016,0.0001894090001587756,0.00021268999989842996,0.07749166799825616,0.07740868999826489,132.91849750000983,2.9317709999741055,135.85026849998394,6.449196797544582,6.306202424372023
<bubblegym-data>/selected-dataMR3D_single_bubble_dx2p00mm_v6_rollL/selected-dataMR3D_single_bubble_dx2p00mm_v6_rollL/ppm_ve_home_test_phi_iter/mc_surface_per_bubble_smoothed_lap3/bub_1/frame_11850.obj,1,11850,6268,6268,12536,0.02309060000698082,0.07788009999785572,0.0003124660000321455,0.00019740000017918647,0.00014904299983754755,0.07819256599788788,0.07802914299769327,133.52269840001827,2.9583823999855667,136.48108080000384,6.448001381128834,6.303401996380914
<bubblegym-data>/selected-dataMR3D_single_bubble_dx2p00mm_v6_rollL/selected-dataMR3D_single_bubble_dx2p00mm_v6_rollL/ppm_ve_home_test_phi_iter/mc_surface_per_bubble_smoothed_lap3/bub_1/frame_11900.obj,1,11900,6212,6212,12424,0.03140450001228601,0.07742309998138808,0.0002928359998622909,0.00018603700009407477,0.00017766800010576844,0.07771593598125037,0.07760076798149385,129.070767600002,2.5657451000006404,131.63651270000264,6.4530229111115105,6.30464722905233
<bubblegym-data>/selected-dataMR3D_single_bubble_dx2p00mm_v6_rollL/selected-dataMR3D_single_bubble_dx2p00mm_v6_rollL/ppm_ve_home_test_phi_iter/mc_surface_per_bubble_smoothed_lap3/bub_1/frame_11950.obj,1,11950,6340,6340,12680,0.11703880000277422,0.08228499998222105,0.0002955009997822344,0.0002659620001213625,0.00019378800003323705,0.08258050098200329,0.08247878798225429,135.2211478999816,3.12452400001348,138.34567189999507,6.452642517756866,6.306143787527595
<bubblegym-data>/selected-dataMR3D_single_bubble_dx2p00mm_v6_rollL/selected-dataMR3D_single_bubble_dx2p00mm_v6_rollL/ppm_ve_home_test_phi_iter/mc_surface_per_bubble_smoothed_lap3/bub_1/frame_12000.obj,1,12000,6264,6264,12528,0.13462599998456426,0.07962400000542402,0.00039404100010870024,0.00019075299991527572,0.00024270900001283736,0.08001804100553273,0.07986670900543685,132.88155369999004,2.520231300004525,135.40178499999456,6.453339568352182,6.3087160518956855
<bubblegym-data>/selected-dataMR3D_single_bubble_dx2p00mm_v6_rollL/selected-dataMR3D_single_bubble_dx2p00mm_v6_rollL/ppm_ve_home_test_phi_iter/mc_surface_per_bubble_smoothed_lap3/bub_1/frame_12050.obj,1,12050,6256,6256,12512,0.02330579998670146,0.07916210000985302,0.00029779600008623676,0.00018793299997923896,0.0002628349998849444,0.07945989600993926,0.07942493500973796,133.41981569997733,2.6404973000171594,136.0603129999945,6.464315523129116,6.321587091888202
<bubblegym-data>/selected-dataMR3D_single_bubble_dx2p00mm_v6_rollL/selected-dataMR3D_single_bubble_dx2p00mm_v6_rollL/ppm_ve_home_test_phi_iter/mc_surface_per_bubble_smoothed_lap3/bub_1/frame_12100.obj,1,12100,6150,6150,12300,0.1144765000208281,0.07825120000052266,0.0003059149999171495,0.00018985999980941415,0.0002499909998732619,0.07855711500043981,0.07850119100039592,126.92873140002484,3.1479317000193987,130.07666310004424,6.47021790283581,6.333872766100003
<bubblegym-data>/selected-dataMR3D_single_bubble_dx2p00mm_v6_rollL/selected-dataMR3D_single_bubble_dx2p00mm_v6_rollL/ppm_ve_home_test_phi_iter/mc_surface_per_bubble_smoothed_lap3/bub_1/frame_12150.obj,1,12150,6054,6054,12108,0.022718499996699393,0.07433589998981915,0.0002963059998000972,0.00019079100020462646,0.00026432999991811814,0.07463220598961925,0.07460022998973727,121.50658889999613,2.882182700006524,124.38877160000266,6.488695693099039,6.3505512324288516
<bubblegym-data>/selected-dataMR3D_single_bubble_dx2p00mm_v6_rollL/selected-dataMR3D_single_bubble_dx2p00mm_v6_rollL/ppm_ve_home_test_phi_iter/mc_surface_per_bubble_smoothed_lap3/bub_1/frame_12200.obj,1,12200,6048,6048,12096,0.021889600000577047,0.07735310000134632,0.0003018319999682717,0.0001940310001373291,0.0001728010000078939,0.0776549320013146,0.07752590100135422,120.26774430001387,3.5770208000030834,123.84476510001696,6.504144770199765,6.360552088901118
<bubblegym-data>/selected-dataMR3D_single_bubble_dx2p00mm_v6_rollL/selected-dataMR3D_single_bubble_dx2p00mm_v6_rollL/ppm_ve_home_test_phi_iter/mc_surface_per_bubble_smoothed_lap3/bub_1/frame_12250.obj,1,12250,6140,6140,12280,0.02167719998396933,0.08045670000137761,0.00029223699995782225,0.0001907569999457337,0.0002770180001971312,0.08074893700133544,0.08073371800157475,126.53259250000701,2.404243299999507,128.93683580000652,6.512717471032261,6.367892262947459
<bubblegym-data>/selected-dataMR3D_single_bubble_dx2p00mm_v6_rollL/selected-dataMR3D_single_bubble_dx2p00mm_v6_rollL/ppm_ve_home_test_phi_iter/mc_surface_per_bubble_smoothed_lap3/bub_1/frame_12300.obj,1,12300,6366,6366,12732,0.023064899985911325,0.08502719999523833,0.0002927170001203194,0.0001856460000271909,0.00024213400000007822,0.08531991699535865,0.08526933399523841,138.86550770001486,2.672019299992826,141.53752700000769,6.510644592879059,6.359909894672294
<bubblegym-data>/selected-dataMR3D_single_bubble_dx2p00mm_v6_rollL/selected-dataMR3D_single_bubble_dx2p00mm_v6_rollL/ppm_ve_home_test_phi_iter/mc_surface_per_bubble_smoothed_lap3/bub_1/frame_12350.obj,1,12350,6462,6462,12924,0.023141999990912154,0.08062340001924895,0.00029245899990201,0.00018738099985057488,0.0001311230001738295,0.08091585901915095,0.08075452301942278,141.97948829998495,2.140817999985302,144.12030629997025,6.512682340367992,6.357834390396532
<bubblegym-data>/selected-dataMR3D_single_bubble_dx2p00mm_v6_rollL/selected-dataMR3D_single_bubble_dx2p00mm_v6_rollL/ppm_ve_home_test_phi_iter/mc_surface_per_bubble_smoothed_lap3/bub_1/frame_12400.obj,1,12400,6556,6556,13112,0.023169799998868257,0.08184379999875091,0.0003019029999268241,0.0002037930002552457,0.00016587399994023145,0.08214570299867774,0.08200967399869113,148.44908479999867,3.986262099992018,152.4353468999907,6.5141144584079305,6.355317102146426
<bubblegym-data>/selected-dataMR3D_single_bubble_dx2p00mm_v6_rollL/selected-dataMR3D_single_bubble_dx2p00mm_v6_rollL/ppm_ve_home_test_phi_iter/mc_surface_per_bubble_smoothed_lap3/bub_1/frame_12450.obj,1,12450,6558,6558,13116,0.023946300003444776,0.08238669999991544,0.00038479900016682224,0.00029139099991880356,0.0002505470000323839,0.08277149900008225,0.08263724699994782,146.61010499999975,3.201426600018749,149.8115316000185,6.516010312866371,6.355929282800898
<bubblegym-data>/selected-dataMR3D_single_bubble_dx2p00mm_v6_rollL/selected-dataMR3D_single_bubble_dx2p00mm_v6_rollL/ppm_ve_home_test_phi_iter/mc_surface_per_bubble_smoothed_lap3/bub_1/frame_12500.obj,1,12500,6520,6520,13040,0.023261700000148267,0.08111169998301193,0.00029866600001696495,0.00018405700015136972,0.00026002600003266707,0.08141036598302889,0.0813717259830446,146.03159679999226,2.645759299979545,148.6773560999718,6.522344944019484,6.365856650227553
<bubblegym-data>/selected-dataMR3D_single_bubble_dx2p00mm_v6_rollL/selected-dataMR3D_single_bubble_dx2p00mm_v6_rollL/ppm_ve_home_test_phi_iter/mc_surface_per_bubble_smoothed_lap3/bub_1/frame_12550.obj,1,12550,6522,6522,13044,0.03067080001346767,0.0835949000029359,0.00039519799989648166,0.00018051499995635822,0.00021523899980820715,0.08399009800283239,0.0838101390027441,144.92344319997937,3.3467644000193104,148.27020759999868,6.527583005142929,6.371472481691117
<bubblegym-data>/selected-dataMR3D_single_bubble_dx2p00mm_v6_rollL/selected-dataMR3D_single_bubble_dx2p00mm_v6_rollL/ppm_ve_home_test_phi_iter/mc_surface_per_bubble_smoothed_lap3/bub_1/frame_12600.obj,1,12600,6606,6606,13212,0.024578800017479807,0.08158550001098774,0.0003096110001206398,0.0001928760000737384,0.00012463699997169897,0.08189511101110838,0.08171013701095944,149.8251913000131,3.376686100004008,153.2018774000171,6.535209920850872,6.3817238588448335
<bubblegym-data>/selected-dataMR3D_single_bubble_dx2p00mm_v6_rollL/selected-dataMR3D_single_bubble_dx2p00mm_v6_rollL/ppm_ve_home_test_phi_iter/mc_surface_per_bubble_smoothed_lap3/bub_1/frame_12650.obj,1,12650,6668,6668,13336,0.024514100019587204,0.08233730000210926,0.00038630800001556055,0.00023198199982289226,0.00027880899986485017,0.08272360800212482,0.08261610900197411,151.71791060001124,3.2902857000008225,155.00819630001206,6.525178869353465,6.375047113687513
<bubblegym-data>/selected-dataMR3D_single_bubble_dx2p00mm_v6_rollL/selected-dataMR3D_single_bubble_dx2p00mm_v6_rollL/ppm_ve_home_test_phi_iter/mc_surface_per_bubble_smoothed_lap3/bub_1/frame_12700.obj,1,12700,6670,6670,13340,0.023533100000349805,0.08387969998875633,0.00029755900002783166,0.00019017600017832593,0.0002591560001019388,0.08417725898878416,0.08413885598885827,153.07030570000643,3.0168164999922737,156.0871221999987,6.526443038516856,6.3787013115593485
<bubblegym-data>/selected-dataMR3D_single_bubble_dx2p00mm_v6_rollL/selected-dataMR3D_single_bubble_dx2p00mm_v6_rollL/ppm_ve_home_test_phi_iter/mc_surface_per_bubble_smoothed_lap3/bub_1/frame_12750.obj,1,12750,6540,6540,13080,0.026239500002702698,0.08143679998465814,0.0002966199998627417,0.00018403399997623637,0.00013404100027401,0.08173341998452088,0.08157084098493214,145.22007919999305,3.2752679999975953,148.49534719999065,6.538089655984674,6.387124501153998
<bubblegym-data>/selected-dataMR3D_single_bubble_dx2p00mm_v6_rollL/selected-dataMR3D_single_bubble_dx2p00mm_v6_rollL/ppm_ve_home_test_phi_iter/mc_surface_per_bubble_smoothed_lap3/bub_1/frame_12800.obj,1,12800,6606,6606,13216,0.02390259999083355,0.08223689999431372,0.00029236999980639664,0.0001859560000593774,0.000253396000189241,0.08252926999412011,0.08249029599450296,151.76670900001773,2.839508200006094,154.60621720002382,6.53320257319203,6.37926783505216
<bubblegym-data>/selected-dataMR3D_single_bubble_dx2p00mm_v6_rollL/selected-dataMR3D_single_bubble_dx2p00mm_v6_rollL/ppm_ve_home_test_phi_iter/mc_surface_per_bubble_smoothed_lap3/bub_1/frame_12850.obj,1,12850,6596,6596,13192,0.12106780000613071,0.08587979999720119,0.00032359300006646664,0.00018640399997821077,0.00021004500013077632,0.08620339299726766,0.08608984499733197,148.57689039999968,3.1929421999957412,151.76983259999542,6.5294644018367745,6.372648356103232
<bubblegym-data>/selected-dataMR3D_single_bubble_dx2p00mm_v6_rollL/selected-dataMR3D_single_bubble_dx2p00mm_v6_rollL/ppm_ve_home_test_phi_iter/mc_surface_per_bubble_smoothed_lap3/bub_1/frame_12900.obj,1,12900,6564,6564,13132,0.0285386000177823,0.08167569999932311,0.0002984709999873303,0.0001966960000572726,0.00025918300001649187,0.08197417099931044,0.08193488299933961,147.31004710000707,2.9199992999783717,150.23004639998544,6.532035969436362,6.366889555063932
<bubblegym-data>/selected-dataMR3D_single_bubble_dx2p00mm_v6_rollL/selected-dataMR3D_single_bubble_dx2p00mm_v6_rollL/ppm_ve_home_test_phi_iter/mc_surface_per_bubble_smoothed_lap3/bub_1/frame_12950.obj,1,12950,6600,6600,13200,0.02311899999040179,0.0823419000080321,0.00029824099998222665,0.0002447460000985302,0.0002586589998099953,0.08264014100801433,0.08260055900784209,150.01142100000288,3.2613825000007637,153.27280350000365,6.535240019990112,6.375894530798473
<bubblegym-data>/selected-dataMR3D_single_bubble_dx2p00mm_v6_rollL/selected-dataMR3D_single_bubble_dx2p00mm_v6_rollL/ppm_ve_home_test_phi_iter/mc_surface_per_bubble_smoothed_lap3/bub_1/frame_13000.obj,1,13000,6616,6616,13232,0.13199499997426756,0.0900236000015866,0.000434073000214994,0.00039153699995949867,0.00011764399998355657,0.09045767300180159,0.09014124400157016,149.8325404000061,3.232784799998626,153.06532520000474,6.536430241020843,6.37778661540536
<bubblegym-data>/selected-dataMR3D_single_bubble_dx2p00mm_v6_rollL/selected-dataMR3D_single_bubble_dx2p00mm_v6_rollL/ppm_ve_home_test_phi_iter/mc_surface_per_bubble_smoothed_lap3/bub_1/frame_13050.obj,1,13050,6462,6462,12924,0.02312660001916811,0.08387289999518543,0.00029127800022251906,0.00018544299993664026,0.0002601689999573864,0.08416417799540796,0.08413306899514282,141.55489880000823,3.9125757000001613,145.4674745000084,6.554477676413181,6.40027071772726
<bubblegym-data>/selected-dataMR3D_single_bubble_dx2p00mm_v6_rollL/selected-dataMR3D_single_bubble_dx2p00mm_v6_rollL/ppm_ve_home_test_phi_iter/mc_surface_per_bubble_smoothed_lap3/bub_1/frame_13100.obj,1,13100,6480,6480,12960,0.023804000025847927,0.0840856000140775,0.00029760500008706,0.00018602199997985736,0.0002545960000134073,0.08438320501416456,0.0843401960140909,145.1660709999851,3.4334127999900375,148.59948379997513,6.560526678261714,6.40844201586098
<bubblegym-data>/selected-dataMR3D_single_bubble_dx2p00mm_v6_rollL/selected-dataMR3D_single_bubble_dx2p00mm_v6_rollL/ppm_ve_home_test_phi_iter/mc_surface_per_bubble_smoothed_lap3/bub_1/frame_13150.obj,1,13150,6272,6272,12544,0.022027600003639236,0.07782599999336526,0.0002955070001189597,0.00018880699994042516,0.00025921799999196083,0.07812150699348422,0.07808521799335721,133.95116790002794,3.1857444000197574,137.1369123000477,6.582991279737893,6.433215647930219
<bubblegym-data>/selected-dataMR3D_single_bubble_dx2p00mm_v6_rollL/selected-dataMR3D_single_bubble_dx2p00mm_v6_rollL/ppm_ve_home_test_phi_iter/mc_surface_per_bubble_smoothed_lap3/bub_1/frame_13200.obj,1,13200,6302,6302,12604,0.02197969998815097,0.07886519999010488,0.0003433049999875948,0.00026132200000574814,0.00026917999988654626,0.07920850499009248,0.07913437998999143,134.94049619999714,2.9963714000186883,137.93686760001583,6.585604890804124,6.4342924643309525
<bubblegym-data>/selected-dataMR3D_single_bubble_dx2p00mm_v6_rollL/selected-dataMR3D_single_bubble_dx2p00mm_v6_rollL/ppm_ve_home_test_phi_iter/mc_surface_per_bubble_smoothed_lap3/bub_1/frame_13250.obj,1,13250,6306,6306,12612,0.02238549999310635,0.07807079999474809,0.0003711419997853227,0.00021479799994267524,0.00012404999986756593,0.07844194199453342,0.07819484999461565,134.35189119999995,2.712082400015788,137.06397360001574,6.584842667310016,6.430798836155442
<bubblegym-data>/selected-dataMR3D_single_bubble_dx2p00mm_v6_rollL/selected-dataMR3D_single_bubble_dx2p00mm_v6_rollL/ppm_ve_home_test_phi_iter/mc_surface_per_bubble_smoothed_lap3/bub_1/frame_13300.obj,1,13300,6434,6434,12868,0.023175799986347556,0.08382470000651665,0.000294129999820143,0.0001864890000433661,0.00025085500004934147,0.0841188300063368,0.084075555006566,140.72649930001353,3.0964167000201996,143.82291600003373,6.578325201854397,6.421183530935969
<bubblegym-data>/selected-dataMR3D_single_bubble_dx2p00mm_v6_rollL/selected-dataMR3D_single_bubble_dx2p00mm_v6_rollL/ppm_ve_home_test_phi_iter/mc_surface_per_bubble_smoothed_lap3/bub_1/frame_13350.obj,1,13350,6572,6572,13144,0.0233664000115823,0.0820501999987755,0.0003189469999051653,0.00018228400003863498,0.0002572599999257363,0.08236914699868066,0.08230745999870123,147.04400969998096,3.035275600006571,150.07928529998753,6.568446249056817,6.403557680695404
<bubblegym-data>/selected-dataMR3D_single_bubble_dx2p00mm_v6_rollL/selected-dataMR3D_single_bubble_dx2p00mm_v6_rollL/ppm_ve_home_test_phi_iter/mc_surface_per_bubble_smoothed_lap3/bub_1/frame_13400.obj,1,13400,6598,6598,13196,0.022921499999938533,0.08113090001279488,0.0002944959999877028,0.00018951899983221665,0.0002576550000230782,0.08142539601278259,0.08138855501281796,149.7701659000013,3.544865600008052,153.31503150000935,6.576480524705826,6.40909904294467
<bubblegym-data>/selected-dataMR3D_single_bubble_dx2p00mm_v6_rollL/selected-dataMR3D_single_bubble_dx2p00mm_v6_rollL/ppm_ve_home_test_phi_iter/mc_surface_per_bubble_smoothed_lap3/bub_1/frame_13450.obj,1,13450,6592,6592,13184,0.02386139999725856,0.08395929998368956,0.00029298600013135,0.00018480899976566434,0.00012452599999960513,0.08425228598382091,0.08408382598368917,149.96671090001473,3.5157599999802187,153.48247089999495,6.584518459063668,6.41368788589896
<bubblegym-data>/selected-dataMR3D_single_bubble_dx2p00mm_v6_rollL/selected-dataMR3D_single_bubble_dx2p00mm_v6_rollL/ppm_ve_home_test_phi_iter/mc_surface_per_bubble_smoothed_lap3/bub_1/frame_13500.obj,1,13500,6668,6668,13336,0.023730099987005815,0.08400679999613203,0.00035857100010616705,0.00019543700007488952,0.00014111500000581147,0.0843653709962382,0.08414791499613784,152.12034269998549,3.436432499991497,155.55677519997698,6.5841400046611875,6.418769708997831
<bubblegym-data>/selected-dataMR3D_single_bubble_dx2p00mm_v6_rollL/selected-dataMR3D_single_bubble_dx2p00mm_v6_rollL/ppm_ve_home_test_phi_iter/mc_surface_per_bubble_smoothed_lap3/bub_1/frame_13550.obj,1,13550,6676,6676,13352,0.024239699996542186,0.08434230001876131,0.0003029099997365847,0.0001857020001625642,0.00022243999992497266,0.0846452100184979,0.08456474001868627,155.74514430001727,3.135936300008325,158.8810806000256,6.588055006652085,6.424149626131146
<bubblegym-data>/selected-dataMR3D_single_bubble_dx2p00mm_v6_rollL/selected-dataMR3D_single_bubble_dx2p00mm_v6_rollL/ppm_ve_home_test_phi_iter/mc_surface_per_bubble_smoothed_lap3/bub_1/frame_13600.obj,1,13600,6746,6746,13492,0.026964899996528402,0.08262899998226203,0.0002966900001047179,0.0001868129998911172,0.00012985200010007247,0.08292568998236675,0.0827588519823621,157.26995380001608,3.2100209999771323,160.47997479999322,6.592523888355828,6.429681214503157
<bubblegym-data>/selected-dataMR3D_single_bubble_dx2p00mm_v6_rollL/selected-dataMR3D_single_bubble_dx2p00mm_v6_rollL/ppm_ve_home_test_phi_iter/mc_surface_per_bubble_smoothed_lap3/bub_1/frame_13650.obj,1,13650,6714,6714,13428,0.02374120001331903,0.08426929998677224,0.0003004839998902753,0.00022677800006931648,0.0002026799999293871,0.08456978398666251,0.08447197998670163,157.7670329999819,3.3134259000071324,161.08045889998903,6.599359317836471,6.4425287026376505
<bubblegym-data>/selected-dataMR3D_single_bubble_dx2p00mm_v6_rollL/selected-dataMR3D_single_bubble_dx2p00mm_v6_rollL/ppm_ve_home_test_phi_iter/mc_surface_per_bubble_smoothed_lap3/bub_1/frame_13700.obj,1,13700,6678,6678,13356,0.12160329998005182,0.08562430000165477,0.0004249399999389425,0.00028315900010056794,0.00012750399997457862,0.08604924000159371,0.08575180400162935,154.1098331999965,2.9049012000032235,157.01473439999972,6.609689552176532,6.449369150058405
<bubblegym-data>/selected-dataMR3D_single_bubble_dx2p00mm_v6_rollL/selected-dataMR3D_single_bubble_dx2p00mm_v6_rollL/ppm_ve_home_test_phi_iter/mc_surface_per_bubble_smoothed_lap3/bub_1/frame_13750.obj,1,13750,6646,6646,13292,0.02422870000009425,0.08245080002234317,0.0002988590000313707,0.00019277700019301847,0.00012986500019906088,0.08274965902237455,0.08258066502254223,150.9620533999987,2.913449700019555,153.87550310001825,6.61354212314286,6.4527813276410795
<bubblegym-data>/selected-dataMR3D_single_bubble_dx2p00mm_v6_rollL/selected-dataMR3D_single_bubble_dx2p00mm_v6_rollL/ppm_ve_home_test_phi_iter/mc_surface_per_bubble_smoothed_lap3/bub_1/frame_13800.obj,1,13800,6686,6686,13372,0.02363449998665601,0.08233010000549257,0.0004254690001835115,0.0001866699999663979,0.0002482449999661185,0.08275556900567609,0.08257834500545869,154.24954429999343,3.3009865999920294,157.55053089998546,6.618754723914365,6.455006328590706
<bubblegym-data>/selected-dataMR3D_single_bubble_dx2p00mm_v6_rollL/selected-dataMR3D_single_bubble_dx2p00mm_v6_rollL/ppm_ve_home_test_phi_iter/mc_surface_per_bubble_smoothed_lap3/bub_1/frame_13850.obj,1,13850,6728,6728,13456,0.12239829997997731,0.08549320002202876,0.0002987389999907464,0.00018870599975343794,0.00012117000005673617,0.08579193902201951,0.0856143700220855,155.93098130001454,3.4037256999872625,159.3347070000018,6.6224289176840365,6.453544450387838
<bubblegym-data>/selected-dataMR3D_single_bubble_dx2p00mm_v6_rollL/selected-dataMR3D_single_bubble_dx2p00mm_v6_rollL/ppm_ve_home_test_phi_iter/mc_surface_per_bubble_smoothed_lap3/bub_1/frame_13900.obj,1,13900,6834,6834,13668,0.024543200008338317,0.08561800001189113,0.00030291900009615346,0.00019572700024582444,0.00022898600000189617,0.08592091901198728,0.08584698601189303,163.35022379999282,3.5275673999858554,166.87779119997867,6.6380829551029095,6.468552121415897
<bubblegym-data>/selected-dataMR3D_single_bubble_dx2p00mm_v6_rollL/selected-dataMR3D_single_bubble_dx2p00mm_v6_rollL/ppm_ve_home_test_phi_iter/mc_surface_per_bubble_smoothed_lap3/bub_1/frame_13950.obj,1,13950,6786,6786,13572,0.02748680001241155,0.08434889998170547,0.0003104709999752231,0.00019963500002631918,0.0002660670000477694,0.08465937098168069,0.08461496698175325,159.95903260001796,3.3552301000163425,163.3142627000343,6.65749385788097,6.486743497959836
<bubblegym-data>/selected-dataMR3D_single_bubble_dx2p00mm_v6_rollL/selected-dataMR3D_single_bubble_dx2p00mm_v6_rollL/ppm_ve_home_test_phi_iter/mc_surface_per_bubble_smoothed_lap3/bub_1/frame_14000.obj,1,14000,6694,6694,13388,0.02366440001060255,0.08187319998978637,0.00029660799977136775,0.00019302800006698817,0.0002646910000476055,0.08216980798955774,0.08213789098983398,155.0424670999928,4.067695599980652,159.11016269997344,6.675073837427809,6.507904724605538
<bubblegym-data>/selected-dataMR3D_single_bubble_dx2p00mm_v6_rollL/selected-dataMR3D_single_bubble_dx2p00mm_v6_rollL/ppm_ve_home_test_phi_iter/mc_surface_per_bubble_smoothed_lap3/bub_1/frame_14050.obj,1,14050,6708,6708,13416,0.024662300013005733,0.08219139999710023,0.00029594099993119017,0.00018997399980435147,0.00026308100001187995,0.08248734099703142,0.08245448099711211,154.90591609998955,3.2720639999897685,158.17798009997932,6.690478620269191,6.518743946886822
<bubblegym-data>/selected-dataMR3D_single_bubble_dx2p00mm_v6_rollL/selected-dataMR3D_single_bubble_dx2p00mm_v6_rollL/ppm_ve_home_test_phi_iter/mc_surface_per_bubble_smoothed_lap3/bub_1/frame_14100.obj,1,14100,6746,6746,13492,0.023707500018645078,0.08272520001628436,0.0003026420000242069,0.00019751499989069998,0.00025322600005893035,0.08302784201630857,0.0829784260163433,156.10995060001733,3.738151999976253,159.84810259999358,6.704138943009923,6.530994687600578
<bubblegym-data>/selected-dataMR3D_single_bubble_dx2p00mm_v6_rollL/selected-dataMR3D_single_bubble_dx2p00mm_v6_rollL/ppm_ve_home_test_phi_iter/mc_surface_per_bubble_smoothed_lap3/bub_1/frame_14150.obj,1,14150,6764,6764,13528,0.02416210001683794,0.08299110000371002,0.00029424199979985135,0.00018433200020808726,0.00011117200017906725,0.08328534200350987,0.08310227200388909,157.854487900011,3.515570599993225,161.37005850000423,6.715370155345175,6.538934544985252
<bubblegym-data>/selected-dataMR3D_single_bubble_dx2p00mm_v6_rollL/selected-dataMR3D_single_bubble_dx2p00mm_v6_rollL/ppm_ve_home_test_phi_iter/mc_surface_per_bubble_smoothed_lap3/bub_1/frame_14200.obj,1,14200,6842,6842,13684,0.12009099998977035,0.08673429998452775,0.0002938379999250174,0.0001880019999225624,0.00020328200014773756,0.08702813798445277,0.0869375819846755,162.68672729999525,3.177338800014695,165.86406610000995,6.718841503783902,6.536656458316049
<bubblegym-data>/selected-dataMR3D_single_bubble_dx2p00mm_v6_rollL/selected-dataMR3D_single_bubble_dx2p00mm_v6_rollL/ppm_ve_home_test_phi_iter/mc_surface_per_bubble_smoothed_lap3/bub_1/frame_14250.obj,1,14250,6986,6986,13972,0.025456300005316734,0.08586510000168346,0.00029619600012665615,0.00019108700013021007,0.0002644220000365749,0.08616129600181012,0.08612952200172003,170.5854018999962,3.5991396000026725,174.1845414999989,6.73055274990702,6.540270747475181
<bubblegym-data>/selected-dataMR3D_single_bubble_dx2p00mm_v6_rollL/selected-dataMR3D_single_bubble_dx2p00mm_v6_rollL/ppm_ve_home_test_phi_iter/mc_surface_per_bubble_smoothed_lap3/bub_1/frame_14300.obj,1,14300,7112,7112,14224,0.02514569999766536,0.08628230000613257,0.0002932390000205487,0.00018723899993347004,0.00013026900007389485,0.08657553900615313,0.08641256900620647,177.31662319999305,3.7869141999981366,181.10353739999118,6.740712142160865,6.545259360992411
<bubblegym-data>/selected-dataMR3D_single_bubble_dx2p00mm_v6_rollL/selected-dataMR3D_single_bubble_dx2p00mm_v6_rollL/ppm_ve_home_test_phi_iter/mc_surface_per_bubble_smoothed_lap3/bub_1/frame_14350.obj,1,14350,7220,7220,14444,0.025709300010930747,0.08775390000664629,0.0002955919998930767,0.0003206959998351522,0.0002549289999296889,0.08804949200653937,0.08800882900657597,184.01719280000543,4.044423999992432,188.06161679999786,6.748745101097261,6.544397235207186
<bubblegym-data>/selected-dataMR3D_single_bubble_dx2p00mm_v6_rollL/selected-dataMR3D_single_bubble_dx2p00mm_v6_rollL/ppm_ve_home_test_phi_iter/mc_surface_per_bubble_smoothed_lap3/bub_1/frame_14400.obj,1,14400,7302,7302,14604,0.026394000014988706,0.08761689998209476,0.00029633099999045956,0.0004072740001720376,0.00020125800016103314,0.08791323098208523,0.0878181579822558,189.91388379997807,4.033679899992421,193.9475636999705,6.748802137192847,6.550583649614173
