bub_id,frame,n_vertices,t_mesh_load_s,t_feat_s
1,0,2622,0.008944900007918477,0.06105429999297485
1,400,2622,0.008899400010704994,0.04859240000951104
1,450,2854,0.009669399994891137,0.05067870000493713
1,500,2882,0.010109800001373515,0.05129470000974834
1,550,3002,0.01040230001672171,0.05171429997426458
1,600,3056,0.048506999999517575,0.05100600002333522
1,650,2962,0.00990609999280423,0.05026170000201091
1,700,2934,0.009934000001521781,0.052670100005343556
1,750,2902,0.009768799995072186,0.04904149999492802
1,800,2898,0.010896499996306375,0.047201599983964115
1,850,2964,0.010090800002217293,0.05193169999984093
1,900,2930,0.010075700003653765,0.051308900001458824
1,950,2988,0.010250699997413903,0.05627390000154264
1,1000,3120,0.01054889999795705,0.056270800007041544
1,1050,3202,0.012899900000775233,0.05333970001083799
1,1100,3284,0.011210199998458847,0.05407859999104403
1,1150,3368,0.05065170000307262,0.05454409998492338
1,1200,3454,0.01273139999830164,0.057869100011885166
1,1250,3602,0.012545000005047768,0.0574806000222452
1,1300,3794,0.012956399994436651,0.059367300011217594
1,1350,3960,0.013559899991378188,0.06007569999201223
1,1400,4106,0.013882200000807643,0.06515239999862388
1,1450,4148,0.01394200001959689,0.06101659999694675
1,1500,4156,0.014784099999815226,0.061854700004914775
1,1550,4114,0.05366529998718761,0.06301310000708327
1,1600,4240,0.014357000007294118,0.06701849997625686
1,1650,4220,0.014323200011858717,0.06491149999783374
1,1700,4230,0.013996000023325905,0.06002920001628809
1,1750,4280,0.01551540000946261,0.061610300006577745
1,1800,4388,0.016081699985079467,0.06491320001077838
1,1850,4522,0.015573599986964837,0.06486100002075545
1,1900,4576,0.015750199992908165,0.06396369999856688
1,1950,4742,0.05539279998629354,0.06647799999336712
1,2000,4914,0.016740199993364513,0.06722709999303333
1,2050,5156,0.017516299994895235,0.07302089998847805
1,2100,5490,0.01861939998343587,0.07683070001075976
1,2150,5662,0.01922839999315329,0.07942180000827648
1,2200,5886,0.020176999998511747,0.08171159998164512
1,2250,5962,0.05823190000955947,0.07571269999607466
1,2300,5974,0.020012299995869398,0.08016139999381267
1,2350,5864,0.01991400000406429,0.07709509998676367
1,2400,5858,0.019683599995914847,0.0747004000004381
1,2450,5576,0.020511699985945597,0.07217769999988377
1,2500,5368,0.05985879999934696,0.06815279999864288
1,2550,5310,0.01827260002028197,0.06740650002029724
1,2600,5184,0.017819899978348985,0.07059529999969527
1,2650,5140,0.01775689999340102,0.06947710001259111
1,2700,5036,0.016864100005477667,0.06657009999617003
1,2750,4986,0.017475800006650388,0.06595109999761917
1,2800,5004,0.017248300020582974,0.0716672999842558
1,2850,4988,0.052652499987743795,0.06655029999092221
1,2900,5012,0.017798799992306158,0.06749549999949522
1,2950,4882,0.016397500003222376,0.06673970000701956
1,3000,4832,0.016192000010050833,0.062270900001749396
1,3050,4740,0.017530900018755347,0.06389679998392239
1,3100,4512,0.015322899998864159,0.06390619999729097
1,3150,4308,0.049695399997290224,0.057192100008251145
1,3200,4428,0.015112099994439632,0.05968780000694096
1,3250,4462,0.015836200007470325,0.060882599995238706
1,3300,4434,0.01502190000610426,0.0616407000052277
1,3350,4486,0.015059800003655255,0.06135790000553243
1,3400,4536,0.015406999998958781,0.06144610000774264
1,3450,4692,0.015853599994443357,0.06742999999551103
1,3500,4892,0.051679199998034164,0.07140800001798198
1,3550,5044,0.01693340000929311,0.06856479999260046
1,3600,5032,0.01692139997612685,0.0714919000165537
1,3650,5098,0.01715400000102818,0.0675790999957826
1,3700,5170,0.0175024000054691,0.07238339999457821
1,3750,5264,0.018198000005213544,0.07541039999341592
1,3800,4934,0.062478600011672825,0.06477239998639561
1,3850,4842,0.01614630001131445,0.06386110000312328
1,3900,4666,0.015606400003889576,0.06489280000096187
1,3950,4728,0.015885500004515052,0.062407399993389845
1,4000,4806,0.015909799985820428,0.06186640000669286
1,4050,4898,0.017614499985938892,0.06622950002201833
1,4100,4938,0.01663990001543425,0.06423049999284558
1,4150,4834,0.05462869998882525,0.06778529999428429
1,4200,4870,0.01643260000855662,0.06887190000270493
1,4250,5000,0.016666300012730062,0.06584839997231029
1,4300,5086,0.017002100008539855,0.06814139999914914
1,4350,5380,0.01788119997945614,0.07994950001011603
1,4400,5498,0.01907119998941198,0.07229720000759698
1,4450,5744,0.019618199992692098,0.07519180001690984
1,4500,5980,0.06040639997809194,0.08522690000245348
1,4550,6206,0.02127150000887923,0.08155569998780265
1,4600,6298,0.021842499991180375,0.0846093000145629
1,4650,6340,0.02200179998180829,0.0870858000125736
1,4700,6280,0.02151719998801127,0.07973050000146031
1,4750,5864,0.05783579999115318,0.07800670000142418
1,4800,5662,0.019257500011008233,0.07911760002025403
1,4850,5492,0.018854399997508153,0.07264479997684248
1,4900,5400,0.01874950001365505,0.06913769998936914
1,4950,5342,0.018160600011469796,0.07054919999791309
1,5000,5194,0.017719600000418723,0.06894679999095388
1,5050,5194,0.057492899999488145,0.07026909998967312
1,5100,5090,0.0173466999840457,0.06797950001782738
1,5150,5096,0.017490700003691018,0.07013040001038462
1,5200,5132,0.01774049998493865,0.06877610000083223
1,5250,5184,0.018910699989646673,0.07098530000075698
1,5300,5206,0.017543099995236844,0.06989189999876544
1,5350,5136,0.05789850000292063,0.07178870000643656
1,5400,5120,0.017299900006037205,0.06808789999922737
1,5450,5022,0.017107599996961653,0.06847970001399517
1,5500,4954,0.01741060000495054,0.06469160001142882
1,5550,5168,0.01773760002106428,0.06924449998768978
1,5600,5270,0.01776000001700595,0.07036599999992177
1,5650,5318,0.05631020001601428,0.07084209998720326
1,5700,5408,0.018346999975619838,0.07020840002223849
1,5750,5464,0.01907420001225546,0.07043530000373721
1,5800,5468,0.01870539999799803,0.07192029998986982
1,5850,5510,0.01963399999658577,0.07147480000276119
1,5900,5534,0.019160499999998137,0.07217520000995137
1,5950,5582,0.055002400011289865,0.07319460000144318
1,6000,5644,0.019236299995100126,0.07425559998955578
1,6050,5688,0.019297400023788214,0.0761066000268329
1,6100,5774,0.019527099997503683,0.07771620000130497
1,6150,5938,0.02117079999879934,0.07902960001956671
1,6200,5992,0.061811099993065,0.07964070001617074
1,6250,6016,0.020455399993807077,0.07897199998842552
1,6300,5960,0.02028300001984462,0.08086270000785589
1,6350,5880,0.020245099993189797,0.08226080000167713
1,6400,5716,0.020270699984394014,0.0748913999996148
1,6450,5586,0.01924460000009276,0.07588390001910739
1,6500,5442,0.05740429999423213,0.0704762999957893
1,6550,5320,0.018081199988955632,0.06926320001366548
1,6600,5260,0.017969300010008737,0.06923729999107309
1,6650,5150,0.017350300011457875,0.06724159998702817
1,6700,5178,0.017757699999492615,0.0703075000201352
1,6750,5176,0.017927800014149398,0.06721460001426749
1,6800,5216,0.056291499990038574,0.07029760000295937
1,6850,5258,0.017713299981551245,0.06911539999418892
1,6900,5430,0.019457400019746274,0.06985480000730604
1,6950,5514,0.018603800010168925,0.07428230001823977
1,7000,5576,0.019058200006838888,0.07195740001043305
1,7050,5702,0.01967549999244511,0.07476980000501499
1,7100,5742,0.05727750001824461,0.07514180001453497
1,7150,5770,0.020159000006970018,0.08121149998623878
1,7200,5848,0.020142900000791997,0.07923440000740811
1,7250,5802,0.019815700012259185,0.07814670001971535
1,7300,5754,0.021088800014695153,0.07850890001282096
1,7350,5670,0.01930980000179261,0.07394410000415519
1,7400,5868,0.059438399999635294,0.07584619999397546
1,7450,5866,0.020155300007900223,0.07566010000300594
1,7500,5894,0.02009629999520257,0.07803460001014173
1,7550,5830,0.019825900002615526,0.07580590000725351
1,7600,5774,0.019510700018145144,0.07543100000475533
1,7650,5592,0.02032000001054257,0.07155900000361726
1,7700,5568,0.019762800016906112,0.07448089998797514
1,7750,5568,0.054679600027156994,0.07217280002078041
1,7800,5702,0.019170000014128163,0.07446519998484291
1,7850,5564,0.019077900011325255,0.07923790000495501
1,7900,5580,0.019146000006003305,0.07436820000293665
1,7950,5612,0.019080400001257658,0.0723829000198748
1,8000,5660,0.019258899992564693,0.07381090000853874
1,8050,5666,0.05466329999035224,0.07513479999033734
1,8100,5740,0.01973659999202937,0.07844750001095235
1,8150,5798,0.020029500010423362,0.0790559999877587
1,8200,5978,0.02173350000521168,0.08213930000783876
1,8250,6046,0.020482299994910136,0.0766116000013426
1,8300,6048,0.0598912000132259,0.08325929997954518
1,8350,5940,0.020089900004677474,0.07467730002827011
1,8400,5888,0.020446899987291545,0.0747179000172764
1,8450,5958,0.020498900004895404,0.07713459999649785
1,8500,5950,0.020074900006875396,0.07711230000131764
1,8550,6080,0.020731600001454353,0.07726680001360364
1,8600,6226,0.057767099991906434,0.08007689999067225
1,8650,6256,0.02154529999825172,0.08059399999910966
1,8700,6340,0.021685899992007762,0.080849300022237
1,8750,6288,0.02206570000271313,0.08083940000506118
1,8800,6286,0.021697699994547293,0.08546020000358112
1,8850,6144,0.05862440000055358,0.08058060001349077
1,8900,5978,0.02041649998864159,0.0755910000007134
1,8950,5786,0.0195469000027515,0.07639120001113042
1,9000,5686,0.019644299987703562,0.07332599998335354
1,9050,5760,0.020223300001816824,0.07244530000025406
1,9100,5808,0.05769480002345517,0.07731459999922663
1,9150,5936,0.020448299997951835,0.07601460002479143
1,9200,6096,0.02141050001955591,0.07953979997546412
1,9250,6008,0.020651400001952425,0.0765776000043843
1,9300,6056,0.02048179999110289,0.08031650001066737
1,9350,6150,0.020873699977528304,0.07634590001543984
1,9400,6180,0.056732699973508716,0.07994980001240037
1,9450,6064,0.02092759998049587,0.0779851000115741
1,9500,6258,0.021462199976667762,0.08052290001069196
1,9550,6338,0.021750999992946163,0.08108559998800047
1,9600,6386,0.02159859999665059,0.08405890001449734
1,9650,6376,0.06045379998977296,0.08655340000404976
1,9700,6476,0.02238100001704879,0.08217099998728372
1,9750,6416,0.02166819997364655,0.08434760000091046
1,9800,6306,0.021307199989678338,0.08052889999817125
1,9850,6308,0.021443899982841685,0.08027580002089962
1,9900,6134,0.05586259998381138,0.07777140001417138
1,9950,5972,0.020475199999054894,0.07578500002273358
1,10000,5878,0.0200858999742195,0.07486250001238659
1,10050,5810,0.019704600010300055,0.07606580000719987
1,10100,5746,0.019623200001660734,0.07318880001548678
1,10150,5770,0.0599305999930948,0.07414340000832453
1,10200,5850,0.020575500006088987,0.07722969999304041
1,10250,5968,0.0210330999980215,0.07663429999956861
1,10300,6056,0.020636500004911795,0.07728720002342016
1,10350,6168,0.02074549999088049,0.08070109999971464
1,10400,6104,0.06203339999774471,0.07908520000637509
1,10450,6124,0.021037899976363406,0.07899690000340343
1,10500,6292,0.02134969999315217,0.08083799999440089
1,10550,6340,0.021944700012682006,0.08327440000721253
1,10600,6380,0.02220350000425242,0.08015059999888763
1,10650,6452,0.06345149999833666,0.0884189999778755
1,10700,6298,0.021782199997687712,0.08585269999457523
1,10750,6272,0.021220399998128414,0.07997260001138784
1,10800,6144,0.020663600007537752,0.0763532999844756
1,10850,6166,0.020830499997828156,0.07843389999470674
1,10900,6098,0.059791100007714704,0.07620940002379939
1,10950,6134,0.021104999992530793,0.07707090000621974
1,11000,6094,0.02204609999898821,0.07907540001906455
1,11050,6076,0.02077820000704378,0.07614939997438341
1,11100,6008,0.020365699980175123,0.07787480001570657
1,11150,5944,0.07013690000167117,0.07687829999485984
1,11200,5976,0.019985899998573586,0.07652560001588427
1,11250,6008,0.020698600012110546,0.07850869998219423
1,11300,6210,0.021042299980763346,0.07999779999954626
1,11350,6322,0.021440000011352822,0.08316129999002442
1,11400,6392,0.02160340000409633,0.08262879998073913
1,11450,6384,0.057485600002110004,0.08184800000162795
1,11500,6356,0.021822200011229143,0.0818462000170257
1,11550,6442,0.021601099986582994,0.08259969999198802
1,11600,6558,0.022245700005441904,0.0846136000182014
1,11650,6452,0.058617400005459785,0.08218649998889305
1,11700,6364,0.02267729997402057,0.08313110002200119
1,11750,6306,0.021982999984174967,0.08096419999492355
1,11800,6218,0.02134680000017397,0.08120810001855716
1,11850,6268,0.021483599994098768,0.08055359998252243
1,11900,6212,0.02135870000347495,0.08195810002507642
1,11950,6340,0.05678149999585003,0.08132490000571124
1,12000,6264,0.02138980000745505,0.08047889999579638
1,12050,6256,0.021179200004553422,0.08256079998682253
1,12100,6150,0.020882499986328185,0.07680770001024939
1,12150,6054,0.02019419998396188,0.07609560000128113
1,12200,6048,0.05940329999430105,0.07786740001756698
1,12250,6140,0.02080019999993965,0.0810951000021305
1,12300,6366,0.02207300000009127,0.08079050001106225
1,12350,6462,0.022567399981198832,0.08243780001066625
1,12400,6556,0.022307999985059723,0.08159919999889098
1,12450,6558,0.05862570001045242,0.08384229999501258
1,12500,6520,0.022416199994040653,0.08244220001506619
1,12550,6522,0.02207309997174889,0.08339290000731125
1,12600,6606,0.022297399991657585,0.08226619998458773
1,12650,6668,0.06023200001800433,0.08513160000438802
1,12700,6670,0.022864700003992766,0.08660839998628944
1,12750,6540,0.02210689999628812,0.08178850001422688
1,12800,6606,0.0223886999883689,0.08664719999069348
1,12850,6596,0.02219599997624755,0.08303090001572855
1,12900,6564,0.059353999997256324,0.08356610001646914
1,12950,6600,0.0225219999847468,0.08342810001340695
1,13000,6616,0.022269599983701482,0.08494030000292696
1,13050,6462,0.021762599993962795,0.08674540001084097
1,13100,6480,0.021851299999980256,0.08010019999346696
1,13150,6272,0.060765800008084625,0.08155339999939315
1,13200,6302,0.021500600007129833,0.08003799998550676
1,13250,6306,0.021528699988266453,0.07945530000142753
1,13300,6434,0.021853100013686344,0.08289359998889267
1,13350,6572,0.022165400005178526,0.08388250001007691
1,13400,6598,0.06800379999913275,0.08582209999440238
1,13450,6592,0.02226580001297407,0.08238340000389144
1,13500,6668,0.022420699999202043,0.08280409997678362
1,13550,6676,0.02254869998432696,0.08593450000626035
1,13600,6746,0.022558099997695535,0.08423249999759719
1,13650,6714,0.05839920000289567,0.08324259999790229
1,13700,6678,0.02309820000664331,0.08429910000995733
1,13750,6646,0.022656200017081574,0.08216940000420436
1,13800,6686,0.022224599990295246,0.0862947000132408
1,13850,6728,0.06482219998724759,0.08570580001105554
1,13900,6834,0.02324070001486689,0.0834931000135839
1,13950,6786,0.02309839997906238,0.08403319999342784
1,14000,6694,0.022780400002375245,0.08241599999018945
1,14050,6708,0.02288490001228638,0.08312619998469017
1,14100,6746,0.059718200005590916,0.0834640999964904
1,14150,6764,0.023119799996493384,0.08311619999585673
1,14200,6842,0.023257799999555573,0.08238989999517798
1,14250,6986,0.02374140001484193,0.08847940000123344
1,14300,7112,0.02430850002565421,0.08638890000293031
1,14350,7220,0.059805700002470985,0.08812669999315403
1,14400,7302,0.025400999991688877,0.09088820000761189
2,4100,11969,0.040580000000773,0.15023349999682978
2,4800,11561,0.07732360000954941,0.1388091999979224
2,5900,12135,0.040802500006975606,0.15309249999700114
2,6100,12505,0.04273049999028444,0.14878260000841692
2,8450,12250,0.07785999999032356,0.1477512999845203
2,8800,12282,0.04275609998148866,0.1465563999954611
2,9500,12777,0.08308759998180903,0.1564072000037413
2,11450,12281,0.04099439998390153,0.14708470000186935
2,11550,12204,0.040331600001081824,0.14118219999363646
2,11750,12698,0.07928030000766739,0.15102109999861568
2,12900,12131,0.040608600014820695,0.1388501999899745
2,14200,14304,0.0884051000175532,0.1649491999996826
2,14250,14558,0.04841310001211241,0.16976550000254065
2,14300,14694,0.08875570000964217,0.17219670000486076
6,14450,7246,0.024067499994998798,0.08732779999263585
12,14850,29448,0.14275900000939146,0.3395365999895148
91,15800,218,0.0009361999982502311,0.003965400013839826
91,15850,164,0.0007203999848570675,0.0033150000090245157
91,15900,190,0.0008246999932453036,0.0035946000134572387
91,15950,162,0.0006947999936528504,0.0033448000031057745
91,16000,156,0.0006955999997444451,0.0033019000256899744
91,16050,198,0.0008967999892774969,0.00449220000882633
91,16100,176,0.0008251000253949314,0.003748899995116517
91,16150,194,0.0009118000161834061,0.0036026999878231436
138,15850,106,0.0005502999993041158,0.0029719999874942005
138,16150,104,0.0005407999851740897,0.0027920000138692558
138,16200,102,0.0005425999988801777,0.0026584999868646264
138,16400,106,0.0005415000196080655,0.0027490999782457948
138,16500,106,0.0005446999857667834,0.0026439999928697944
138,16550,104,0.0005144000169821084,0.002615899982629344
138,16600,116,0.0005852000031154603,0.0027033000078517944
138,16750,110,0.0005395999760366976,0.0026596000243443996
138,16800,504,0.0018358999805059284,0.02180170000065118
138,16850,132,0.0006470999796874821,0.0030937000119592994
138,16900,174,0.0007984999974723905,0.0034478000015951693
138,16950,194,0.0008534000080544502,0.0038084000116214156
138,17100,118,0.0005741999775636941,0.0028132000006735325
138,17150,106,0.0005222000181674957,0.00265650000073947
138,17300,104,0.0005187000206205994,0.0025984999956563115
138,17550,112,0.0005456000217236578,0.0026667999918572605
138,17600,154,0.0006716000207234174,0.0031328000186476856
138,17650,140,0.0006271999736782163,0.002963500010082498
230,16000,126,0.000586000009207055,0.002825699979439378
257,16150,102,0.0005058000097051263,0.002592400007415563
265,16150,122,0.0005655999993905425,0.002818099979776889
270,16200,198,0.000821399997221306,0.004113800008781254
277,16250,206,0.000993399997241795,0.003955399995902553
277,16300,174,0.0007409999961964786,0.003555000002961606
303,16350,106,0.0005591999797616154,0.0027938999992329627
307,16400,160,0.0007073000015225261,0.003204199980245903
307,16450,210,0.0008737999887671322,0.0036515000101644546
311,16500,200,0.0008200000156648457,0.003647600009571761
311,16550,206,0.0008806000114418566,0.0036226999945938587
326,16550,132,0.0006083000043872744,0.002950599999167025
344,16600,176,0.0007446999952662736,0.003218500001821667
344,16650,182,0.0007622000121045858,0.0033435999939683825
407,16650,130,0.000614699994912371,0.002897700003813952
407,16700,108,0.000530099991010502,0.002687200001673773
407,16750,122,0.0005850000015925616,0.002772199979517609
407,16850,120,0.0005675000138580799,0.0027664999943226576
407,16900,150,0.00068450000253506,0.003112300008069724
407,16950,118,0.0005576999974437058,0.0027101000014226884
407,17000,130,0.0006111999973654747,0.0029525000136345625
407,17050,142,0.0006435999821405858,0.00302100001135841
407,17100,116,0.0005590000073425472,0.0027757999778259546
407,17150,118,0.0005657000001519918,0.0027460000128485262
407,17200,130,0.0005994999955873936,0.0027796000067610294
407,17250,132,0.0006185999955050647,0.002860499982489273
407,17400,108,0.0005330000130925328,0.002615099976537749
407,17450,124,0.000618099991697818,0.0028802999877370894
407,17500,108,0.000525100011145696,0.0026313000125810504
407,17550,120,0.0005622000026050955,0.0027322999958414584
407,17600,124,0.0005875999922864139,0.002817700005834922
407,17650,122,0.0005640999879688025,0.00275580000015907
424,16700,102,0.0005213999829720706,0.0027686000103130937
424,16750,116,0.0005524999869521707,0.0027593999984674156
424,16800,104,0.0005191999953240156,0.002621099993120879
424,16850,124,0.0006355000077746809,0.0029394000011961907
424,16900,112,0.0005390000005718321,0.0028766999894287437
424,16950,132,0.000607900001341477,0.0029158999968785793
424,17000,124,0.0005870000168215483,0.0029734999989159405
424,17050,134,0.000880700012203306,0.003472099982900545
424,17100,146,0.0006505999772343785,0.0032121000112965703
424,17200,156,0.000670900015393272,0.003661199996713549
424,17250,144,0.0006572999991476536,0.0030915000243112445
424,17350,170,0.000756499997805804,0.0033408000017516315
424,17400,138,0.0006138000171631575,0.0029990999901201576
424,17450,140,0.0006647999980486929,0.0029503999976441264
424,17500,158,0.0006814000080339611,0.0031101999920792878
424,17550,292,0.0011242000036872923,0.004431799985468388
424,17600,144,0.0006818000110797584,0.002930299990111962
424,17650,154,0.0006560999900102615,0.003070500009926036
424,17700,154,0.0006636999896727502,0.003060399991227314
424,17750,136,0.0006010999786667526,0.0029320000030566007
424,17800,124,0.0005726999952457845,0.003032700013136491
424,17900,124,0.0005707999807782471,0.0027700000209733844
424,17950,154,0.0006791000196244568,0.0030394999776035547
424,18000,170,0.0007283999875653535,0.00342100000125356
424,18050,182,0.0007577000069431961,0.003965599986258894
424,18100,882,0.003153300000121817,0.02748379998956807
424,18150,480,0.001826499996241182,0.006709799985401332
424,18200,118,0.0005837000207975507,0.002768799982732162
424,18250,152,0.0007790999952703714,0.003173900011461228
477,16700,162,0.0007079000060912222,0.0031541000062134117
481,16700,104,0.0005187999922782183,0.00263580001774244
539,16750,136,0.000614099990343675,0.0028815999976359308
551,16750,112,0.0005298999894876033,0.002701600024010986
594,16750,214,0.0008636999991722405,0.0037551999848801643
628,16800,118,0.0005496999947354198,0.00269059999845922
628,16950,136,0.00061779998941347,0.0028922999917995185
672,16800,122,0.0005669000092893839,0.0027764999831561
673,16800,114,0.0005413999897427857,0.0026396000175736845
700,16850,130,0.000601100007770583,0.0028014999988954514
822,16900,136,0.0006145999941509217,0.0029255000117700547
826,16900,108,0.0005246000073384494,0.002594999998109415
827,16900,170,0.0007188000017777085,0.003216999990399927
889,16950,166,0.0007204999856185168,0.003190499992342666
890,17000,190,0.0008055999933276325,0.003474199998890981
890,17050,222,0.0008845999836921692,0.0038200000126380473
890,17100,245,0.0009577999881003052,0.003975500003434718
890,17150,211,0.0008269999816548079,0.0035219000128563493
890,17250,212,0.0008540999842807651,0.004277300002286211
890,17300,210,0.0011687999940477312,0.003829499997664243
935,16950,206,0.0008440999954473227,0.003770400013308972
941,16950,108,0.0005739999760407954,0.002861300017684698
960,17000,298,0.0011554000084288418,0.005268200009595603
960,17050,254,0.001037900015944615,0.004109200002858415
960,17100,254,0.0009944999765139073,0.003940900001907721
960,17150,280,0.0010771000233944505,0.004854800004977733
988,17000,110,0.000665400002617389,0.0027572999824769795
988,17050,176,0.0007516999903600663,0.0034985000093001872
988,17100,120,0.0005628000071737915,0.0028402000025380403
988,17150,152,0.0008445999992545694,0.0032702000171411783
988,17200,138,0.0006387000030372292,0.003254899987950921
988,17250,148,0.0006605999951716512,0.0031179000216070563
988,17300,138,0.0006124999781604856,0.0029919000226072967
988,17350,134,0.0006685999978799373,0.002967200009152293
988,17400,156,0.0006778000097256154,0.0031550999847240746
988,17450,140,0.0006325999856926501,0.002976000017952174
988,17500,176,0.0007488999981433153,0.0033700000203680247
988,17550,194,0.0008402999956160784,0.0036062999861314893
988,17600,186,0.0007781999884173274,0.00350550000439398
988,17650,154,0.0006998999742791057,0.003089000005275011
988,17700,174,0.0007383999763987958,0.003296000009868294
988,17750,126,0.0006094000127632171,0.002948499983176589
988,17800,166,0.0007418000022880733,0.003465200017672032
988,17850,132,0.0006249999860301614,0.00290839999797754
988,17900,150,0.0006710999878123403,0.0032528000010643154
988,17950,146,0.0007208000170066953,0.0030436999804805964
988,18000,164,0.0007346999773290008,0.003194100019754842
988,18050,152,0.0006564999930560589,0.003102100017713383
988,18100,162,0.0007058999908622354,0.003348900005221367
988,18150,178,0.0007937000191304833,0.0033195999858435243
988,18200,196,0.0008211999956984073,0.0034174000029452145
988,18250,188,0.0008344000088982284,0.003449599986197427
988,18300,210,0.0008603000023867935,0.0037466000067070127
1084,17050,494,0.0018127000075764954,0.006382499996107072
1084,17100,418,0.0015144000062718987,0.005557699972996488
1084,17150,440,0.0015899999998509884,0.0057533999788574874
1084,17200,428,0.0015607999812345952,0.0060477000079117715
1084,17250,434,0.0015888999914750457,0.005635499983327463
1084,17300,410,0.0014779999910388142,0.0062009000102989376
1084,17350,402,0.0015568000089842826,0.0055917999998200685
1084,17400,426,0.001584699988598004,0.006358300015563145
1084,17450,400,0.0015605999797116965,0.005462900007842109
1084,17500,404,0.0014980999985709786,0.005744299996877089
1084,17550,416,0.0015530000091530383,0.005674199986970052
1084,17600,422,0.0015472999948542565,0.006031099997926503
1084,17650,438,0.0016439000028185546,0.005801700026495382
1088,17050,410,0.0015450000064447522,0.005789299990283325
1093,17050,120,0.0006318000087048858,0.002909099974203855
1093,17150,114,0.0005647999932989478,0.0027824999997392297
1093,17300,116,0.0005584000027738512,0.0027012999926228076
1093,17350,124,0.0005803999956697226,0.0028030000103171915
1093,17450,128,0.0005968999757897109,0.002885299996705726
1094,17050,150,0.0007093999884091318,0.0031032999977469444
1094,17100,120,0.0005599999858532101,0.002739899995503947
1094,17150,132,0.0006279000081121922,0.0028485000075306743
1094,17200,136,0.0006098999874666333,0.0030909000197425485
1094,17250,128,0.000602099986281246,0.002933699986897409
1094,17300,144,0.0006322000117506832,0.003050300001632422
1094,17350,158,0.0007195000071078539,0.003501200000755489
1094,17400,180,0.0007613000052515417,0.004081199993379414
1094,17450,150,0.0007204999856185168,0.0032691000087652355
1094,17500,118,0.0005615999980363995,0.002757799986284226
1094,17550,126,0.0005870000168215483,0.0031219000229611993
1094,17600,138,0.0006205000099726021,0.0029916999919805676
1094,17650,118,0.0005548000044655055,0.0027593000268097967
1141,17150,144,0.0006493999972008169,0.003125899995211512
1141,17200,152,0.0006816999812144786,0.003112000005785376
1182,17150,136,0.0006293000187724829,0.002991199988173321
1242,17200,348,0.0013427000085357577,0.005081300012534484
1247,17200,316,0.001203799998620525,0.004667799978051335
1256,17250,236,0.000951100024394691,0.003967900003772229
1284,17250,152,0.0006625999812968075,0.0032281000167131424
1360,17300,140,0.000675299990689382,0.002993300004163757
1367,17300,190,0.0007885000086389482,0.003476900019450113
1394,17350,274,0.0011005999986082315,0.00608650001231581
1422,17350,842,0.00293950000195764,0.024635800014948472
1423,17350,158,0.0007584000122733414,0.0032946999999694526
1457,17400,134,0.0006495999987237155,0.0031117999751586467
1457,17450,144,0.0006674999895039946,0.0032341000041924417
1457,17500,150,0.0006946000212337822,0.0031173000170383602
1457,17550,134,0.0006343999993987381,0.0028935000009369105
1457,17750,150,0.0006647999980486929,0.003107199998339638
1457,17850,138,0.0006267999997362494,0.00295140000525862
1457,17900,138,0.00061779998941347,0.002910699986387044
1457,17950,124,0.0005951999919489026,0.0028623999969568104
1457,18000,444,0.0016284000012092292,0.006964800006244332
1457,18050,1518,0.005315200018230826,0.03004860001965426
1457,18100,480,0.0018375999934505671,0.006697300006635487
1457,18200,150,0.0007020999910309911,0.0032131000189110637
1457,18250,148,0.000674000009894371,0.0031705999863334
1457,18300,136,0.0006225999968592077,0.002912099997047335
1457,18350,176,0.0007505999819841236,0.003254200011724606
1465,17400,146,0.0007347000064328313,0.0031058999884407967
1465,17450,146,0.0006508999795187265,0.003061900002649054
1465,17500,166,0.0007176999934017658,0.0031233000045176595
1468,17400,172,0.0007535000040661544,0.003293899993877858
1476,17400,852,0.0029644000169355422,0.02444319997448474
1476,17450,792,0.002885900001274422,0.027075799996964633
1476,17500,790,0.0028674000059254467,0.023100699996575713
1476,17550,724,0.002646999986609444,0.021707700012484565
1476,17600,716,0.002671599999302998,0.02260489997570403
1476,17700,290,0.0012376999948173761,0.004845899995416403
1476,17750,750,0.002849699987564236,0.02352479999535717
1476,17800,744,0.0027458000113256276,0.022863199992571026
1476,17850,136,0.0007325999904423952,0.0031607999990228564
1476,17900,750,0.002710600005229935,0.02282539999578148
1476,17950,800,0.002885099995182827,0.023236899985931814
1476,18000,782,0.003139299980830401,0.024940700008301064
1476,18050,784,0.0030220000189729035,0.023218499991344288
1476,18100,784,0.002854299993487075,0.022520099999383092
1476,18150,786,0.002873399993404746,0.022818700002972037
1476,18200,740,0.0027039000124204904,0.02333060000091791
1476,18250,810,0.002971799985971302,0.023848699987865984
1476,18300,818,0.0029878999921493232,0.022940499999094754
1476,18350,820,0.0030343000253196806,0.023193700006231666
1476,18400,764,0.0027879000117536634,0.023281600006157532
1476,18450,816,0.0029510000022128224,0.02594270001281984
1476,18500,800,0.0029135000077076256,0.022960699978284538
1481,17400,282,0.0013111000007484108,0.004639299993868917
1481,17450,238,0.0009730999881867319,0.0041000999917741865
1481,17500,252,0.001010999985737726,0.004153699992457405
1481,17550,182,0.0007778999861329794,0.003894699999364093
1481,17600,288,0.0011195999977644533,0.00457380001898855
1481,17650,270,0.0010540999937802553,0.0042329000134486705
1481,17700,572,0.0023267999931704253,0.023167200008174405
1589,17600,204,0.0010057000035885721,0.004113800008781254
1589,17650,656,0.002758200018433854,0.02251299997442402
1589,17700,140,0.0007158000080380589,0.0032577000092715025
1589,17750,136,0.0006553999846801162,0.0031473000126425177
1589,17800,126,0.0006279000081121922,0.0028914999857079238
1589,17950,106,0.0005342999938875437,0.0026277999859303236
1589,18000,110,0.0005426999996416271,0.0027239999908488244
1589,18050,108,0.000531600002432242,0.002673199982382357
1589,18100,194,0.0010136000055354089,0.003747399983694777
1589,18200,478,0.0017862999811768532,0.006440400000428781
1589,18250,126,0.0005780000064987689,0.002895899990107864
1589,18350,496,0.001820699981180951,0.006517800007713959
1598,17650,110,0.0005660000024363399,0.0027145000058226287
1598,17700,116,0.0005739000043831766,0.0029196999967098236
1598,17750,108,0.000534399994648993,0.002652499999385327
1598,17800,106,0.0005637999856844544,0.002582800021627918
1598,17900,108,0.0005360000068321824,0.002606900001410395
1598,17950,108,0.0005360999784898013,0.0026039000076707453
1598,18050,126,0.0005997999978717417,0.002875700010918081
1598,18100,116,0.0005482000124175102,0.0026778999890666455
1598,18150,108,0.0005360999784898013,0.0026522999978624284
1598,18200,118,0.0006031999946571887,0.0028202999965287745
1598,18250,104,0.0005474000063259155,0.0030743000097572803
1598,18300,158,0.0006917999999132007,0.0035558000090532005
1598,18350,136,0.0008187000057660043,0.0032458000059705228
1598,18400,148,0.0006603000219911337,0.0031098999897949398
1598,18500,134,0.0006265999982133508,0.0030510000069625676
1598,18550,132,0.0006239000067580491,0.0029377999890130013
1598,18600,130,0.0005912999913562089,0.0029528000159189105
1598,18650,130,0.000611299998126924,0.0029815000016242266
1598,18700,132,0.0006281999812927097,0.002970500005176291
1598,18800,166,0.0007175999926403165,0.0032327999942936003
1598,18850,120,0.0005774000019300729,0.0027857999957632273
1598,18900,112,0.0005506000015884638,0.002747299993643537
1598,18950,168,0.0007400999893434346,0.00336920001427643
1598,19000,140,0.0007139999943319708,0.0030566000204999
1598,19050,138,0.0006308000010903925,0.003021099983016029
1598,19100,128,0.0005905999860260636,0.002961399994092062
1598,19150,122,0.0005901000113226473,0.0028728999895974994
1598,19200,132,0.0006645999965257943,0.002882000000681728
1598,19250,128,0.0005926999729126692,0.002854200021829456
1598,19300,118,0.000572700024349615,0.002771899977233261
1598,19350,154,0.00066230000811629,0.0031454000272788107
1598,19400,122,0.0006068000220693648,0.0027597999724093825
1598,19450,124,0.000597400008700788,0.0028049999964423478
1598,19500,116,0.0005524000152945518,0.0027018999971915036
1598,19550,134,0.0006387000030372292,0.0028571999864652753
1598,19600,140,0.000624599982984364,0.0031558000191580504
1598,19650,148,0.0006443999882321805,0.003054800006793812
1598,19700,178,0.000765499979024753,0.0033149000082630664
1598,19750,192,0.0008080000116024166,0.003430599987041205
1598,19800,170,0.0007263000006787479,0.00367139998706989
1679,17600,552,0.0020361999922897667,0.022156199993332848
1681,17600,870,0.003584899997804314,0.02457109998795204
1690,17650,122,0.0008142000006046146,0.003005399979883805
1690,17750,136,0.000658900011330843,0.0031263999990187585
1690,17800,138,0.0007151000027079135,0.003049399994779378
1690,17850,276,0.0011072999914176762,0.0042944000160787255
1690,17900,152,0.0006851000071037561,0.003163499990478158
1690,17950,122,0.0005897999799344689,0.00279430000227876
1690,18000,128,0.0005842999962624162,0.0029008999990765005
1690,18050,136,0.0007006999803707004,0.002937900018878281
1690,18100,140,0.0006424000021070242,0.002943800005596131
1690,18150,122,0.0005738000036217272,0.0028624999977182597
1690,18200,124,0.000583200016990304,0.0028264999855309725
1690,18250,120,0.0005647999932989478,0.002784799988148734
1690,18300,132,0.0006117000011727214,0.0032224000024143606
1690,18350,132,0.0006097000150475651,0.003358299989486113
1690,18400,120,0.0005907999875489622,0.0027738999924622476
1690,18450,110,0.0005378999921958894,0.002640499995322898
1690,18500,102,0.0005098000110592693,0.0025903000205289572
1690,18550,122,0.0005896000075154006,0.0027603999769780785
1690,18600,118,0.0006345000001601875,0.0027697999903466552
1690,18650,118,0.0005557000113185495,0.0027307999844197184
1690,18700,110,0.0005441000103019178,0.0026373000000603497
1690,18750,120,0.0005881999968551099,0.002815599989844486
1690,18800,110,0.0005506000015884638,0.0029356000013649464
1690,18850,136,0.0006270000012591481,0.002936700009740889
1690,18900,140,0.0006414999952539802,0.003033200016943738
1690,18950,122,0.0006925000052433461,0.0028227000148035586
1690,19000,134,0.0006226000259630382,0.0033557000278960913
1690,19150,106,0.0005249000096227974,0.0026197000115644187
1690,19200,152,0.0006628000119235367,0.003085300006205216
1690,19250,102,0.000526399991940707,0.002583299996331334
1690,19300,134,0.0006064000190235674,0.002910699986387044
1690,19350,134,0.0006279000081121922,0.003164099995046854
1690,19400,136,0.0006234999746084213,0.0028845000197179615
1690,19450,114,0.0005418000218924135,0.002684400009457022
1690,19500,140,0.0006494999979622662,0.003066599980229512
1690,19550,144,0.0006486000202130526,0.003144699992844835
1690,19600,144,0.0006487999926321208,0.003056699992157519
1690,19650,148,0.0006659000064246356,0.0030252999858930707
1690,19700,154,0.0006901000160723925,0.003024799982085824
1690,19750,106,0.0005151999939698726,0.003082899987930432
1690,19800,132,0.0006287999858614057,0.0029887999990023673
1690,19850,150,0.0006714999908581376,0.0030892000067979097
1690,19900,140,0.0006288999866228551,0.002903199987486005
1697,17650,210,0.0008583999879192561,0.0038044000102672726
1697,17700,102,0.0005221000174060464,0.002797200024360791
1697,17750,588,0.0030135000124573708,0.03207490002387203
1730,17650,732,0.002701099991099909,0.024344899982679635
1744,17650,936,0.0034636000054888427,0.025061899999855086
1759,17700,386,0.0016667999734636396,0.005602600023848936
1759,17750,322,0.0012663000088650733,0.004823900002520531
1759,17800,350,0.0013367999927140772,0.0052072000107727945
1759,17850,106,0.0005539999983739108,0.002719899988733232
1759,17900,274,0.0010926999966613948,0.004681399994296953
1759,17950,286,0.0011193999962415546,0.004495300003327429
1759,18000,260,0.0010370999807491899,0.00425970001379028
1759,18050,268,0.001049999991664663,0.004444300022441894
1759,18100,286,0.0011062999838031828,0.004519700014498085
1759,18150,288,0.0011233999975956976,0.004524099989794195
1759,18200,286,0.0012234000023454428,0.004825199983315542
1759,18250,278,0.0010861000046133995,0.00473519999650307
1759,18300,314,0.0012388000031933188,0.00534559998777695
1759,18350,314,0.0012103000190109015,0.004898799990769476
1759,18400,298,0.0011488999880384654,0.004785500001162291
1759,18450,490,0.0018885999743361026,0.0065750000067055225
1759,18500,1216,0.004249799996614456,0.028815199999371544
1759,18550,270,0.0011320000048726797,0.00475890000234358
1759,18650,266,0.0011753000144381076,0.004910599993309006
1759,18700,276,0.001106500014429912,0.0046267999859992415
1759,18750,1300,0.004545999981928617,0.029613699996843934
1759,18800,268,0.0012238000053912401,0.004749299987452105
1759,18850,274,0.0010836999863386154,0.004486800025915727
1759,18900,1242,0.0046156999887898564,0.028117400011979043
1759,18950,298,0.0012048000062350184,0.005090199992991984
1759,19000,322,0.00128749999566935,0.004903599998215213
1759,19050,296,0.0011691000254359096,0.004564600007142872
1759,19100,296,0.0012241000076755881,0.004535699990810826
1759,19150,322,0.0012404000153765082,0.004788199992617592
1759,19200,286,0.0011700000031851232,0.004737300012493506
1817,17700,544,0.0021204999939072877,0.021646600012900308
1818,17700,198,0.0008839999791234732,0.0038314000121317804
1820,17700,736,0.002713699999731034,0.02386730001308024
1821,17700,122,0.0006337999948300421,0.0031039000023156404
1848,17800,194,0.0012291999883018434,0.0037749999901279807
1848,17850,166,0.000740400020731613,0.0037261999968905
1848,17900,110,0.0006958000012673438,0.002803500014124438
1848,17950,106,0.0005321000062394887,0.002693399990675971
1848,18000,108,0.0005945999873802066,0.0026904999976977706
1848,18050,124,0.0005741999775636941,0.002830800018273294
1848,18100,118,0.0005653999978676438,0.0028141000075265765
1848,18150,104,0.0005945999873802066,0.00262690000818111
1848,18200,108,0.0005365000106394291,0.0029445999825838953
1848,18250,106,0.0005178000137675554,0.002670699992449954
1848,18300,118,0.0005712000129278749,0.0028224999841768295
1848,18350,136,0.0006207000114955008,0.002961599995614961
1848,18400,118,0.0005626999773085117,0.0029830000130459666
1848,18450,112,0.0005499999970197678,0.002880100015318021
1848,18500,120,0.0006209000130183995,0.002822999987984076
1848,18550,120,0.0006392000068444759,0.0028580999933183193
1848,18600,116,0.0005642999894917011,0.0027556999993976206
1848,18650,106,0.0005472000048030168,0.0032171000202652067
1848,18700,108,0.0005304999940562993,0.0026316000148653984
1848,18750,108,0.0005289000109769404,0.0027868999750353396
1848,18800,106,0.00054519998957403,0.002574800018919632
1848,18850,106,0.0005218000151216984,0.0025965000095311552
1848,18900,120,0.0006580000044777989,0.002882200002204627
1848,18950,118,0.0005652999971061945,0.0027624999929685146
1848,19000,120,0.0005602000164799392,0.002753999986452982
1848,19050,106,0.0005920999974478036,0.0025907999952323735
1848,19100,120,0.0005637000140268356,0.0029719999874942005
1848,19150,132,0.0006111999973654747,0.0031823000172153115
1848,19200,128,0.0005981000140309334,0.0029420999926514924
1848,19250,128,0.0006262999959290028,0.003027800004929304
1848,19300,128,0.000594300014199689,0.003130199998850003
1848,19350,128,0.0006118000019341707,0.0030645999941043556
1848,19400,104,0.0005492999916896224,0.0031306000018958002
1848,19450,118,0.0005872999900020659,0.0029417999903671443
1848,19500,124,0.000618099991697818,0.0030694000015500933
1848,19550,116,0.0006003000016789883,0.0029378999897744507
1848,19600,124,0.0006281000096350908,0.0029631999786943197
1848,19650,146,0.0007252999930642545,0.003200399980414659
1848,19700,146,0.0006762000266462564,0.0035379000182729214
1848,19750,138,0.0006598999898415059,0.003222200000891462
1848,19800,150,0.0007134999905247241,0.0034533999860286713
1848,19850,164,0.0007394999847747386,0.0033536000119056553
1848,19900,154,0.000684200000250712,0.0033140000014100224
1848,19950,154,0.000690699991537258,0.0031916000007186085
1848,20000,154,0.0006938999867998064,0.0032961000106297433
1848,20050,146,0.0006701999809592962,0.0032214999955613166
1869,17750,118,0.0006679999933112413,0.003038199996808544
1869,17850,748,0.0027171000256203115,0.023622200009413064
1869,17950,116,0.000600800005486235,0.0029932000034023076
1869,18000,118,0.0006766000005882233,0.0027843999851029366
1875,17750,240,0.0010005999938584864,0.004138699994655326
1924,17750,830,0.002922599989688024,0.023639299994101748
1926,17750,496,0.001870799984317273,0.006452200002968311
1940,17800,498,0.0019239999819546938,0.006886800023494288
1979,17850,326,0.0013341000012587756,0.005101100017782301
1979,17900,310,0.0012669999850913882,0.004883700021309778
1979,17950,310,0.0012023000163026154,0.00487439997959882
1979,18000,238,0.0009796000085771084,0.004348299989942461
2012,17800,124,0.0006101000180933625,0.0030759999935980886
2035,17800,178,0.000818000000435859,0.0036628000088967383
2037,17800,360,0.0014201999874785542,0.005693999992217869
2048,17800,950,0.004055600002175197,0.02705549998790957
2048,17850,120,0.0006774999783374369,0.003034499997738749
2048,17900,486,0.001795099989976734,0.006659000006038696
2048,17950,460,0.0018071999948006123,0.006789200007915497
2048,18000,190,0.0007986999989952892,0.003716300008818507
2048,18050,180,0.0008123000152409077,0.00353509999695234
2048,18100,156,0.0006937000143807381,0.0032082000107038766
2048,18150,134,0.0006213999877218157,0.0030430000042542815
2048,18200,472,0.0017518000095151365,0.006817599991336465
2048,18250,500,0.0018431000062264502,0.006788900005631149
2048,18300,526,0.001986000017495826,0.02135579998139292
2048,18350,138,0.0006911000236868858,0.0031098999897949398
2048,18400,492,0.0018113000260200351,0.006661000021267682
2048,18450,148,0.000668499997118488,0.0032042000093497336
2048,18500,538,0.0019299999985378236,0.021233800012851134
2048,18600,116,0.000599299994064495,0.003228000015951693
2048,18650,120,0.0005768999981228262,0.0028987000114284456
2048,18700,176,0.00074230000609532,0.0033860999974422157
2048,18750,562,0.002038700011326,0.021551000012550503
2049,17800,930,0.0036746000114362687,0.02539309998974204
2050,17800,570,0.0023273999977391213,0.02361070000915788
2084,17850,258,0.0010963999957311898,0.004351900017354637
2100,17850,468,0.0019156000053044409,0.006748399988282472
2103,17850,252,0.0010121999948751181,0.004219499998725951
2109,17850,626,0.0023370000126305968,0.021877999999560416
2111,17850,382,0.0014810999855399132,0.005591099994489923
2112,17850,118,0.0005856000061612576,0.0033522000012453645
2113,17850,286,0.0012094999838154763,0.005608500010566786
2155,17900,478,0.0018767000001389533,0.006892199977301061
2155,17950,440,0.0016459999897051603,0.006200100004207343
2155,18000,450,0.0017149000195786357,0.006756499991752207
2183,17900,190,0.0008545000164303929,0.003926000004867092
2184,17900,122,0.0006004000024404377,0.002939199999673292
2216,17900,236,0.0009572000126354396,0.004536799999186769
2217,17900,908,0.0035214000090491027,0.024581999983638525
2260,17950,118,0.0006317000079434365,0.003074599982937798
2292,17950,964,0.003412999998545274,0.024967700010165572
2294,17950,190,0.0008913000056054443,0.003815300005953759
2294,18000,140,0.0006644999957643449,0.0031937999883666635
2294,18050,134,0.0006308000010903925,0.0030217999883461744
2294,18100,130,0.0006083999760448933,0.003173300006892532
2294,18150,196,0.0008299000037368387,0.0036527000193018466
2294,18200,200,0.0008497000089846551,0.0038435999886132777
2294,18250,166,0.0007258999976329505,0.0034380999859422445
2294,18300,182,0.0007909999985713512,0.0035985000140499324
2294,18400,172,0.0007402999908663332,0.00342100000125356
2294,18450,218,0.0008859999943524599,0.004002400004537776
2294,18500,146,0.0006665000109933317,0.0032402999931946397
2294,18550,134,0.0006281000096350908,0.0031454999989364296
2294,18650,558,0.0021788000012747943,0.023503600008552894
2294,18700,108,0.0005882999976165593,0.0028018000011797994
2294,18750,184,0.0008162999874912202,0.0035200999991502613
2294,18800,196,0.0008169999928213656,0.0036066000175196677
2294,18850,166,0.0007120999798644334,0.0032150000042747706
2294,18900,178,0.0007439999899361283,0.003356600005645305
2294,19000,170,0.0007218999962788075,0.0032470999867655337
2294,19050,160,0.0006873999955132604,0.0032014999887906015
2294,19100,1004,0.0035195000236853957,0.025839499983703718
2294,19150,598,0.0021929999929852784,0.022138800006359816
2294,19200,184,0.0008416000055149198,0.003723100002389401
2294,19250,116,0.0005760000203736126,0.002809400000842288
2294,19300,118,0.0005623000033665448,0.002712499990593642
2294,19350,15602,0.09105439999257214,0.18281769999885
2294,19400,178,0.0008231000101659447,0.003730099997483194
2294,19450,316,0.0012271000014152378,0.004886699985945597
2294,19500,186,0.0008018999942578375,0.0037437000137288123
2294,19550,188,0.0008086999878287315,0.0037453000259120017
2294,19600,172,0.000746600009733811,0.0036561000160872936
2294,19650,166,0.0007133000181056559,0.0032535999780520797
2294,19700,184,0.0007965999830048531,0.0034744000004138798
2294,19750,172,0.0007321999873965979,0.003355699998792261
2294,19800,170,0.0007133999897632748,0.00326399999903515
2294,19850,166,0.0007122000097297132,0.00321949998033233
2294,19900,158,0.0006695000047329813,0.0032075000053737313
2294,19950,178,0.0007404999923892319,0.003336900001158938
2294,20000,1052,0.0036213000130373985,0.026023599988548085
2294,20050,164,0.000773799984017387,0.0036059000121895224
2294,20100,200,0.0008514999935869128,0.0036337999918032438
2294,20200,196,0.0008289999968837947,0.0035669000062625855
2294,20250,160,0.0006791999912820756,0.0034388999920338392
2294,20300,176,0.000762399984523654,0.0036244000075384974
2294,20350,196,0.0008029000018723309,0.003596500027924776
2294,20400,188,0.0008017999934963882,0.0035555000067688525
2294,20450,166,0.0007084999815560877,0.003516299999319017
2294,20500,148,0.000659500015899539,0.003089000005275011
2294,20550,178,0.0007631000189576298,0.0033257000031881034
2294,20600,188,0.0007855999865569174,0.00381070000003092
2294,20650,188,0.0007952000014483929,0.0036771000013686717
2294,20700,182,0.0007767000060994178,0.0036469000042416155
2294,20750,232,0.0009583000210113823,0.0041016000031959265
2294,20800,160,0.0007388999802060425,0.0032254000252578408
2294,20850,146,0.0006840999994892627,0.003033000015420839
2294,20900,154,0.0006722999969497323,0.0030906999891158193
2294,20950,178,0.0007449999975506216,0.00354550001793541
2294,21000,166,0.000738900009309873,0.003607000020565465
2294,21050,150,0.0006627000111620873,0.003165000001899898
2294,21100,176,0.0007583000115118921,0.0033555999980308115
2297,17950,256,0.0010051999997813255,0.004028199997264892
2305,17950,176,0.0007398999878205359,0.0035709000076167285
2308,17950,266,0.0010418999881949276,0.004111699992790818
2310,18000,488,0.0017616999975871295,0.0063168000197038054
2311,18000,434,0.0016127999988384545,0.005758399987826124
2339,18000,154,0.0006988999957684427,0.0030655000009573996
2339,18050,168,0.0007569000008516014,0.0034733999927993864
2339,18100,180,0.0007717999978922307,0.003486100002191961
2339,18150,172,0.000749400001950562,0.0032722000032663345
2339,18200,170,0.0007193000055849552,0.0032977999944705516
2339,18250,170,0.0007824999920558184,0.0032959000091068447
2339,18300,146,0.0006987999950069934,0.0029901999805588275
2339,18350,176,0.0007893000147305429,0.003303100005723536
2339,18400,172,0.0007544999825768173,0.0034558000043034554
2339,18450,196,0.0009384000150021166,0.0038272999809123576
2339,18500,178,0.0007600999961141497,0.0034086000232491642
2339,18550,168,0.0007151999743655324,0.003283400001237169
2339,18600,266,0.0010436000011395663,0.004473999986657873
2339,18650,182,0.0007546000124420971,0.00342839999939315
2339,18700,198,0.0008160999859683216,0.0036051000060979277
2339,18750,168,0.0007099999929778278,0.003549700020812452
2339,18800,168,0.0007858000171836466,0.003392399987205863
2339,18850,160,0.0007063999946694821,0.003218500001821667
2339,18900,166,0.0007201999833341688,0.00329510000301525
2339,18950,190,0.0007957000052556396,0.003532600007019937
2339,19000,188,0.0007908999978099018,0.0034220999805256724
2339,19050,152,0.0006693000032100827,0.003041599993593991
2339,19100,136,0.0006219999922905117,0.0028771000215783715
2339,19150,612,0.0022652999905403703,0.022446599992690608
2339,19200,156,0.0007302000012714416,0.003497900004731491
2339,19250,234,0.0009595000010449439,0.004266799980541691
2339,19300,206,0.0008496000082232058,0.0038271999801509082
2339,19350,192,0.0007855000148992985,0.003548699984094128
2339,19400,182,0.0007625000143889338,0.0034607999841682613
2339,19450,138,0.0007462999783456326,0.003009300009580329
2339,19500,210,0.0009032999805640429,0.003793700016103685
2339,19550,144,0.0007131000165827572,0.00324770002043806
2339,19600,154,0.0007165999850258231,0.003364300006069243
2339,19650,128,0.0006296999927144498,0.002912399999331683
2339,19700,162,0.0007308000058401376,0.0033364000264555216
2339,19750,168,0.0007267000037245452,0.0033321999944746494
2339,19800,180,0.0008108000038191676,0.003713299985975027
2339,19850,166,0.0008108000038191676,0.0033663999929558486
2339,19900,170,0.0007251999923028052,0.0032776000152807683
2339,19950,188,0.0007781999884173274,0.003448900009971112
2339,20050,176,0.0007394999847747386,0.003494400007184595
2339,20100,178,0.0007698999834246933,0.003584399993997067
2339,20150,220,0.0009036000119522214,0.0038053999887779355
2339,20200,166,0.0007311000081244856,0.0032598999969195575
2339,20250,152,0.0006781000120099634,0.0030618000018876046
2339,20300,188,0.0008168999920599163,0.003584299993235618
2339,20350,184,0.0007834999996703118,0.003641599992988631
2339,20400,156,0.0006733000045642257,0.003613899985793978
2339,20450,158,0.0007104999967850745,0.003385299991350621
2367,18100,134,0.0006222999945748597,0.0032484999974258244
2367,18150,206,0.0009867999760899693,0.004409999994095415
2367,18200,118,0.0006696000054944307,0.003028199978871271
2373,18000,106,0.000536599982297048,0.002737700007855892
2373,18050,114,0.0005536999960895628,0.002718000003369525
2374,18000,118,0.0005522000137716532,0.0027206999948248267
2374,18050,106,0.0005253000126685947,0.0029045999981462955
2383,18000,102,0.0005437999789137393,0.0025775000103749335
2383,18050,442,0.0016636000073049217,0.006245099997613579
2396,18000,176,0.0007668999896850437,0.0038684000028297305
2435,18050,1014,0.0035293000109959394,0.024545399995986372
2518,18050,438,0.0016997000202536583,0.005917299975408241
2520,18050,142,0.0006536000000778586,0.0030482000147458166
2521,18050,108,0.0005246999789960682,0.002629399998113513
2560,18100,106,0.0005185999907553196,0.0026428000128362328
2560,18150,102,0.0005092000064905733,0.002564199996413663
2561,18100,106,0.0005177999846637249,0.0026188000047113746
2589,18150,102,0.000509100005729124,0.002600400010123849
2589,18200,122,0.0005785000103060156,0.0027760000084526837
2633,18100,1722,0.006146500003524125,0.0316778999986127
2644,18150,360,0.0014408999995794147,0.005511700001079589
2734,18150,478,0.001765400025760755,0.006922200002009049
2752,18150,670,0.002442400000290945,0.023584999988088384
2753,18150,712,0.0027814000204671174,0.021731799992267042
2754,18150,140,0.0006816000095568597,0.0032057999924290925
2807,18200,244,0.0010013999999500811,0.004078600002685562
2839,18200,334,0.0012700000079348683,0.005002600024454296
2839,18250,326,0.0012543000048026443,0.0048553999804425985
2840,18200,358,0.0015675000031478703,0.005294700007652864
2848,18200,832,0.002953800023533404,0.02648820000467822
2862,18200,1038,0.003706799994688481,0.02480230000219308
2883,18250,654,0.0024228999973274767,0.02178410001215525
2883,18300,640,0.0023699000012129545,0.021774499997263774
2884,18250,360,0.0014009999867994338,0.005388800025684759
2927,18350,124,0.000598000013269484,0.0030189999961294234
2960,18250,580,0.002133400004822761,0.022356500005116686
2961,18250,476,0.001794400013750419,0.00681240000994876
2991,18250,238,0.0009629999985918403,0.003888800012646243
3039,18300,258,0.0010264999873470515,0.004133799986448139
3041,18300,972,0.003461599990259856,0.024573300004703924
3041,18350,940,0.003326400008518249,0.025717200012877584
3041,18400,932,0.0033155000128317624,0.02685550000751391
3072,18300,208,0.0009544999920763075,0.00396329999784939
3073,18300,570,0.00211719999788329,0.02272919999086298
3152,18350,164,0.0008268999808933586,0.0034599000064190477
3160,18350,178,0.0007729000062681735,0.003360000002430752
3161,18350,1014,0.003722499997820705,0.027895300008822232
3169,18350,684,0.0024723000242374837,0.023516799992648885
3170,18350,650,0.002445699996314943,0.023820699978386983
3171,18350,138,0.0006883000023663044,0.00325220002559945
3176,18450,502,0.0018748999864328653,0.020344699994893745
3176,18550,684,0.0025027999945450574,0.023108299996238202
3243,18400,122,0.0006668999849352986,0.0029701000021304935
3243,18500,118,0.0005625000048894435,0.0030629000102635473
3243,18600,102,0.000522699992870912,0.0026205000176560134
3244,18400,522,0.0019226000003982335,0.02131409998401068
3244,18450,142,0.0007098000205587596,0.0034724000142887235
3272,18400,208,0.000881900021340698,0.003756299993256107
3291,18400,156,0.0007039000047370791,0.0035297999856993556
3292,18400,226,0.0009180000051856041,0.004525299998931587
3401,18450,122,0.0006371999916154891,0.0031894000130705535
3402,18450,126,0.0006059000152163208,0.00309209999977611
3410,18450,696,0.00254840002162382,0.023421899997629225
3422,18450,200,0.0008917999803088605,0.00368180000805296
3426,18450,300,0.0011844999971799552,0.004814999992959201
3427,18450,172,0.000836799998069182,0.003543099999660626
3430,18450,1052,0.00386550000985153,0.026600199984386563
3447,18500,290,0.001174500008346513,0.004618399980245158
3466,18550,106,0.0005456000217236578,0.0026885000115726143
3466,18600,114,0.000541499990504235,0.00290990000939928
3466,18650,128,0.0006129999819677323,0.002902800013544038
3466,18700,104,0.0005243000050541013,0.002576700004283339
3466,18750,128,0.0005932000058237463,0.0028005999920424074
3466,18800,134,0.0006010000070091337,0.0029039999935775995
3466,18850,146,0.0007538000063505024,0.0030823999841231853
3466,18900,128,0.0006059000152163208,0.0028257000085432082
3466,18950,142,0.0006351000047288835,0.00328469998203218
3466,19000,154,0.0007031000277493149,0.003235700016375631
3466,19050,312,0.001279199990676716,0.004798000009031966
3466,19100,576,0.002067599998554215,0.021212699997704476
3467,18600,784,0.0029864999814890325,0.022924400022020563
3484,18500,578,0.0021447000035550445,0.020531599991954863
3485,18500,234,0.001026500016450882,0.003968100005295128
3485,18550,1210,0.004214199987472966,0.028301200014539063
3486,18500,278,0.0011605999898165464,0.004448899999260902
3492,18500,982,0.0036483000149019063,0.02519450002000667
3508,18550,778,0.0028082000208087265,0.026712399994721636
3547,18550,286,0.001211800001328811,0.005053799977758899
3547,18600,242,0.0010045000235550106,0.004368099995190278
3547,18650,204,0.0008703999919816852,0.0038186000019777566
3547,18700,200,0.0008339999767486006,0.004001599998446181
3547,18750,218,0.0009212000004481524,0.004022800014354289
3547,18800,234,0.0009309999877586961,0.0040609999850858
3547,18850,240,0.0009628999978303909,0.004110300011234358
3547,18900,214,0.0010089999996125698,0.004107400018256158
3560,18550,238,0.0009584999934304506,0.003921499999705702
3564,18550,760,0.0026800000050570816,0.02342420001514256
3565,18550,564,0.002147899998817593,0.022450099990237504
3567,18550,170,0.0008910000033210963,0.003669800003990531
3578,18600,860,0.0030337000207509845,0.024636599991936237
3578,18650,838,0.0030775000050198287,0.024419199995463714
3578,18700,552,0.0021785999997518957,0.021205600001849234
3578,18750,826,0.002996399998664856,0.023442999983672053
3581,18600,178,0.0008546999888494611,0.0035638000117614865
3582,18600,106,0.0005356000037863851,0.0026941999967675656
3591,18600,166,0.0007458000036422163,0.003198499995050952
3591,18650,772,0.0028138000052422285,0.02353830001084134
3620,18600,338,0.001360700000077486,0.005256000004010275
3631,18600,240,0.0009777999948710203,0.004271700017852709
3633,18600,1172,0.004097800003364682,0.02747470000758767
3634,18600,560,0.002122600009897724,0.0208938000141643
3635,18600,386,0.0015396999951917678,0.005558800010476261
3639,18650,254,0.0010550000006332994,0.0040951000119093806
3639,18700,240,0.0009688000136520714,0.003999699983978644
3639,18750,222,0.0009182999783661216,0.0039920000126585364
3639,18800,220,0.0008989999769255519,0.0036398000083863735
3639,18850,240,0.001077399996574968,0.004100599995581433
3639,18900,280,0.0010962999949697405,0.005012100009480491
3667,18650,202,0.0008384000102523714,0.0036395999777596444
3677,18650,102,0.000535300001502037,0.0025856999855022877
3677,18700,116,0.0005517999816220254,0.0027221000054851174
3677,18850,106,0.0005224999913480133,0.0028649000159930438
3677,19200,110,0.0005280000041238964,0.0026849000132642686
3677,19300,104,0.000526699994225055,0.002731800021138042
3677,19400,102,0.0005220999883022159,0.0026108000020030886
3677,19450,108,0.0005684999923687428,0.0025562000228092074
3677,19650,106,0.0006406999891623855,0.002575599995907396
3677,19900,134,0.0006129000103101134,0.0028714000072795898
3677,20000,288,0.0011414999898988754,0.004391199996462092
3677,20100,944,0.00326399999903515,0.02486139998654835
3677,20150,158,0.0007745999901089817,0.003383100003702566
3691,18650,1306,0.004870900011155754,0.027438699995400384
3699,18650,178,0.0011431000020820647,0.0037567999970633537
3700,18650,122,0.000607599999057129,0.0028851999959442765
3721,18700,1290,0.0044553000188898295,0.029514399997424334
3721,18750,264,0.001118500018492341,0.004523699986748397
3721,18800,1306,0.004619299987098202,0.02721540001221001
3775,18700,694,0.0026544999855104834,0.023412700014887378
3775,18750,704,0.002671199996257201,0.02356329999747686
3775,18800,668,0.002485799981513992,0.02383900000131689
3775,18850,704,0.0025769000058062375,0.021878300001844764
3775,18900,696,0.0025431999820284545,0.02305850002449006
3776,18700,890,0.003182400017976761,0.024857900018105283
3777,18700,106,0.0005726000235881656,0.0028173999744467437
3814,18750,570,0.0020970999903511256,0.022883099998580292
3859,18750,130,0.0008394000178668648,0.0033168999943882227
3922,18800,142,0.0006579000037163496,0.0033946000039577484
3923,18800,708,0.0025421000027563423,0.02220490001491271
3952,18800,324,0.0013322000158950686,0.005130200006533414
3954,18800,132,0.0007232000061776489,0.0033356999920215458
3954,18900,124,0.0005918999959249049,0.003093900013482198
3954,19050,118,0.0005688999954145402,0.0027729999856092036
3954,19100,364,0.001392499980283901,0.005179900006623939
3954,19200,15796,0.09455189999425784,0.18561529999715276
3954,19250,202,0.0009054000256583095,0.003911000007065013
3954,19300,244,0.0010106000117957592,0.004353500000433996
3954,19350,142,0.0006536000000778586,0.0030978999857325107
3954,19400,230,0.0009477999992668629,0.0040825000032782555
3954,19450,126,0.0005796999903395772,0.0028368000057525933
3954,19550,166,0.0007268000044859946,0.003280600009020418
3954,19600,132,0.0006197999755386263,0.0029836000176146626
3954,19650,104,0.0005165999755263329,0.002983400016091764
3954,19700,252,0.0009985999786294997,0.004211899999063462
3954,19750,222,0.000909099995624274,0.003877599985571578
3954,19850,148,0.0006472999812103808,0.0030550000083167106
3954,19900,158,0.0007528999994974583,0.003138200001558289
3954,19950,170,0.0007381000032182783,0.0033306999830529094
3954,20000,126,0.0005885999999009073,0.002879599982406944
3954,20050,136,0.0006225999968592077,0.0029309999954421073
3954,20100,120,0.0005793999880552292,0.002863800007617101
3954,20150,560,0.0021077000128570944,0.0252242999849841
3954,20200,106,0.0006529999955091625,0.002833300008205697
3954,20250,106,0.0005655999993905425,0.0026270999806001782
3954,20300,116,0.0005569999921135604,0.0027729000139515847
3954,20350,126,0.0005917999951634556,0.0028947000100743026
3954,20400,106,0.0005464999994728714,0.00271430000429973
3954,20450,558,0.0020293999987188727,0.020837799995206296
3954,20550,148,0.000704599980963394,0.003200900013325736
3954,20600,154,0.0007040999771561474,0.0034311000199522823
3954,20650,138,0.0006223999953363091,0.0030753999890293926
3954,20700,120,0.0005680999893229455,0.0028384000179357827
3954,20750,134,0.0006154000002425164,0.0028608000138774514
3954,20800,150,0.0006512999825645238,0.0031410999945364892
3954,20850,140,0.0006369000184349716,0.002907899994170293
3954,20900,142,0.0006415999960154295,0.0029602999857161194
3954,20950,134,0.0005981999856885523,0.002892399992560968
3954,21000,138,0.0006442999874707311,0.002997000003233552
3954,21050,178,0.0007532000017818063,0.0034681000106502324
3954,21100,144,0.0006466000049840659,0.0031094999867491424
3954,21150,130,0.0006037999992258847,0.0029094000055920333
3954,21200,130,0.0005948000180069357,0.002869500021915883
3954,21250,110,0.000732400018023327,0.0027621999906841666
3954,21300,148,0.0006633000157307833,0.003333999979076907
3954,21350,154,0.000669400003971532,0.003195199999026954
3954,21400,130,0.0006073999975342304,0.0028917999879922718
3954,21450,110,0.0005277999734971672,0.0027578000153880566
3954,21500,164,0.0007034999725874513,0.0034703999990597367
3954,21550,172,0.0007403999916277826,0.0032959000091068447
3954,21600,138,0.0006320000102277845,0.002897099999245256
3954,21650,110,0.0005941000126767904,0.003050200000870973
3954,21700,186,0.0007870999979786575,0.0035481000086292624
3954,21750,150,0.0006673999887425452,0.0032780000183265656
3954,21800,124,0.0006300999957602471,0.002841499983333051
3954,21850,122,0.0005743000074289739,0.003225599997676909
3954,21900,118,0.0005930000043008476,0.002808999997796491
3954,21950,136,0.0006224999960977584,0.0031082000059541315
3954,22000,126,0.0005930000043008476,0.002852199977496639
3954,22050,126,0.0005959999980404973,0.0030781999812461436
3954,22100,140,0.0006410999922081828,0.0030724999960511923
3954,22150,142,0.0006482999888248742,0.0030790000164415687
3954,22200,126,0.00060299999313429,0.0029275999986566603
3954,22250,138,0.000613799988059327,0.0033424999855924398
3954,22300,126,0.000598000013269484,0.003005699982168153
3954,22350,126,0.0005728999967686832,0.002810500009218231
3954,22400,130,0.0006047000060789287,0.00293059999239631
3954,22450,146,0.0006444000173360109,0.003338899987284094
3954,22500,148,0.000670900015393272,0.003085099975578487
3954,22550,136,0.0006251999875530601,0.002925300010247156
3954,22600,132,0.0006047999777365476,0.0029275999986566603
3954,22650,148,0.0006955999997444451,0.003501500003039837
3954,22700,158,0.0006931000098120421,0.003295700007583946
3954,22750,156,0.0009069999796338379,0.0033876000088639557
3954,22800,138,0.0006578000029549003,0.0031507000094279647
3954,22850,162,0.0007203000131994486,0.003641499992227182
3954,22900,104,0.0005359000060707331,0.002658399986103177
3954,22950,138,0.0006391000060830265,0.0029258999857120216
3954,23000,138,0.0006358000100590289,0.0030516999831888825
3954,23050,148,0.0006814000080339611,0.0032057999924290925
3954,23100,154,0.000682699988828972,0.003101600013906136
3954,23150,148,0.0006554999854415655,0.0030417000234592706
3954,23200,136,0.000620899983914569,0.0029269999940879643
3954,23250,126,0.0005796000186819583,0.0029913999896962196
3954,23300,128,0.0005854999762959778,0.0029227000195533037
3954,23350,134,0.0006179999909363687,0.0028510999982245266
3954,23400,120,0.0005601999873761088,0.002745799982221797
3954,23450,198,0.000833700003568083,0.0038022999942768365
3954,23500,120,0.0005837999924551696,0.0028155000181868672
3954,23550,188,0.0008181000011973083,0.0035573000204749405
3954,23600,120,0.0005726999952457845,0.002710600005229935
3954,23650,134,0.0006113999988883734,0.0028992000152356923
3954,23700,124,0.0006504999764729291,0.0028152000159025192
3954,23750,138,0.0006137000164017081,0.0030340999946929514
3954,23800,120,0.0005633000109810382,0.0028612999885808676
3954,23850,134,0.0006133000133559108,0.0028593000024557114
3954,23900,126,0.000585400004638359,0.00320030000875704
3954,23950,110,0.0005785000103060156,0.0028209000010974705
3954,24000,110,0.0005548000044655055,0.0026495999773032963
3954,24050,168,0.0007330999942496419,0.0033113000099547207
3954,24100,124,0.0005808999994769692,0.003375700005562976
3954,24150,128,0.0005875999922864139,0.003049399994779378
3954,24200,140,0.0006893000099807978,0.0031698000093456358
3954,24250,118,0.0005608000210486352,0.0034992999862879515
3954,24300,152,0.000687899999320507,0.0033127999922726303
3954,24350,106,0.00053779999143444,0.0026316000148653984
3954,24400,164,0.0007325999904423952,0.003258800017647445
3956,18800,280,0.0010984999826177955,0.004402000020490959
3998,18850,1302,0.00476929999422282,0.0279205999977421
4048,19000,122,0.0006567999953404069,0.0029657999984920025
4048,19100,124,0.0005825000116601586,0.002913000003900379
4048,19200,124,0.0005918999959249049,0.0028756000101566315
4056,18850,782,0.00275129999499768,0.02533990002120845
4060,18850,126,0.0008432000176981091,0.003242500009946525
4061,18850,222,0.0009468999924138188,0.00425810000160709
4061,18900,202,0.0008464999846182764,0.0037389000062830746
4061,18950,120,0.0005705000075977296,0.0027479999989736825
4061,19000,194,0.0007957000052556396,0.0036069999914616346
4061,19050,190,0.0007904999947641045,0.0038278000138234347
4061,19100,172,0.0007326000195462257,0.003365399985341355
4061,19150,106,0.000523299997439608,0.0026393000152893364
4061,19200,174,0.0007522999949287623,0.003419000015128404
4061,19250,202,0.0008625000191386789,0.003747699985979125
4061,19300,170,0.0007321999873965979,0.003488500020466745
4061,19350,160,0.0007670999912079424,0.0032749999954830855
4061,19400,172,0.0007620000105816871,0.003643100004410371
4061,19450,1092,0.0037958000029902905,0.02559629999450408
4061,19500,152,0.0007664999866392463,0.003290499997092411
4061,19550,178,0.000763599993661046,0.0033981000015046448
4061,19600,172,0.0007574999763164669,0.0033210000256076455
4061,19650,196,0.0008014999912120402,0.0038071000017225742
4061,19700,182,0.0007727000047452748,0.0034275999933015555
4061,19750,188,0.0007892000139690936,0.003487100009806454
4061,19800,200,0.0008353999874088913,0.003834100003587082
4061,19850,176,0.000838699983432889,0.0036971000081393868
4061,19900,170,0.0007304000027943403,0.0036319999780971557
4061,19950,202,0.0008385999826714396,0.003757800004677847
4061,20000,404,0.0015144999779295176,0.0059523000090848655
4061,20050,196,0.0008233000116888434,0.0038358999881893396
4061,20100,412,0.0015399999974761158,0.005841199978021905
4061,20150,198,0.0008147000044118613,0.003813499992247671
4061,20200,198,0.0008682000043336302,0.0035610999912023544
4061,20250,214,0.0008649000083096325,0.004042499989736825
4061,20300,166,0.0009172999998554587,0.003578499978175387
4061,20350,212,0.0009716999775264412,0.003959399997256696
4061,20400,192,0.0007928000122774392,0.0038241999864112586
4061,20450,138,0.0006335999933071434,0.003298499999800697
4061,20500,200,0.0008173999958671629,0.003647100005764514
4061,20550,188,0.000829399999929592,0.003486700006760657
4061,20600,214,0.0008613000100012869,0.003974599996581674
4061,20650,192,0.0007929000130388886,0.0035642999864649028
4061,20700,178,0.0007578999793622643,0.003307100007077679
4061,20750,190,0.0007979999936651438,0.003497900004731491
4061,20800,158,0.0007422999769914895,0.0035717000137083232
4061,20850,156,0.0006948999944142997,0.003258899989305064
4061,20900,170,0.0008178999996744096,0.0034451000101398677
4061,20950,158,0.0006743999838363379,0.003416399995330721
4061,21000,172,0.0007575000054202974,0.003375400003278628
4061,21100,168,0.0007257999968715012,0.003347699996083975
4061,21150,190,0.0008165999897755682,0.003740899992408231
4061,21200,174,0.0007602999976370484,0.0035234999959357083
4061,21250,194,0.0008036999788600951,0.0036771000013686717
4061,21300,182,0.0008119999838527292,0.003517500008456409
4062,18850,578,0.0022216000070329756,0.023932700016302988
4062,18950,620,0.002341300016269088,0.02269070001784712
4062,19000,122,0.0006556999869644642,0.0029636000108439475
4062,19050,106,0.000538699998287484,0.0026606000028550625
4062,19100,596,0.0021467000187840313,0.021146499988390133
4062,19150,390,0.0015710000006947666,0.005760000000009313
4062,19200,118,0.0005864999839104712,0.002832400001352653
4062,19250,572,0.0020693999831564724,0.02174850000301376
4062,19300,566,0.0021016000246163458,0.022259299992583692
4062,19350,116,0.0006604999944102019,0.003195500001311302
4062,19400,124,0.0006158000032883137,0.0030026999884285033
4062,19550,110,0.0006243000098038465,0.002669100009370595
4062,19600,106,0.0005684999923687428,0.002712199988309294
4062,19650,220,0.0008821999945212156,0.003816699987510219
4062,19700,104,0.0005166000046301633,0.0026455000042915344
4062,19750,132,0.0006085000059101731,0.0029206999752204865
4062,19800,130,0.0006462000019382685,0.002949999994598329
4062,19900,118,0.0005802999949082732,0.0036008000024594367
4062,19950,114,0.0006104999920353293,0.00340469999355264
4062,20000,370,0.0014529000036418438,0.005500200000824407
4062,20050,126,0.0006409999914467335,0.002945300017017871
4062,20100,276,0.0011590999783948064,0.004371500021079555
4062,20150,146,0.0006577999738510698,0.0032983000273816288
4067,18900,714,0.002574200014350936,0.023083000007318333
4068,18900,158,0.0007707000186201185,0.0035219000128563493
4068,18950,142,0.0006901999877300113,0.0030537999991793185
4068,19000,158,0.000693499983754009,0.0032518999942112714
4068,19050,128,0.000598999991780147,0.0028352000226732343
4069,18900,710,0.0025436999858357012,0.02297380001982674
4069,18950,728,0.0026968000165652484,0.022384499985491857
4069,19000,726,0.002654399984749034,0.021750400017481297
4099,18900,310,0.0012795999937225133,0.00490120000904426
4112,18900,202,0.0008506999874953181,0.003633500018622726
4179,19000,608,0.0021702999947592616,0.022267599997576326
4179,19050,610,0.0022822000028099865,0.021597599989036098
4234,18950,228,0.0009831000061240047,0.004230099992128089
4235,18950,320,0.0012562000192701817,0.0047673000080976635
4238,18950,1218,0.004329600022174418,0.026698000001488253
4239,18950,126,0.0006413999944925308,0.0030912999936845154
4240,18950,190,0.000831899989861995,0.0036669000110123307
4242,18950,156,0.0007053000153973699,0.0033968999923672527
4244,18950,130,0.0006152999994810671,0.0034194000181742013
4247,19000,326,0.001360399997793138,0.00516940001398325
4358,19000,120,0.0006294999911915511,0.0030092000088188797
4358,19050,162,0.0007186000002548099,0.0033190000103786588
4358,19150,180,0.0007811000104993582,0.0035690999939106405
4358,19200,146,0.0006410999922081828,0.0030510000069625676
4358,19250,142,0.0006278999790083617,0.0030038999975658953
4358,19300,874,0.00304770001093857,0.02460490001249127
4358,19350,136,0.0006944999913685024,0.0030409999890252948
4358,19400,290,0.001129999989643693,0.0047113999899011105
4358,19450,152,0.0007895999879110605,0.0035314999986439943
4358,19500,140,0.0006713999900966883,0.003246400010539219
4358,19550,132,0.0006001000001560897,0.002892799995606765
4358,19600,148,0.0006499000010080636,0.003030599997146055
4358,19650,140,0.0007535000040661544,0.003241600003093481
4358,19700,126,0.0006155000010039657,0.0028845999913755804
4358,19750,152,0.0007312999805435538,0.003271099994890392
4358,19800,136,0.0006415999960154295,0.0030030999914743006
4358,19850,130,0.0005978999834042042,0.003455700003542006
4358,19900,132,0.0006209000130183995,0.0031580999784637243
4358,19950,152,0.0007316000119317323,0.003337699978146702
4358,20000,366,0.0013723000010941178,0.005421399982878938
4358,20050,136,0.0006163000070955604,0.003158299979986623
4358,20150,148,0.0006857000116724521,0.0031673999910708517
4358,20200,136,0.0025969000125769526,0.003324099991004914
4358,20250,106,0.0005323999794200063,0.0026456000050529838
4358,20300,126,0.0005792999872937799,0.0028408000071067363
4358,20400,172,0.000731200008885935,0.003518499986967072
4358,20500,162,0.0006930999807082117,0.0031692000047769397
4358,20550,106,0.000516200001584366,0.0025662000116426498
4358,20600,128,0.0005861000099685043,0.0029095000063534826
4358,20650,158,0.0006897000130265951,0.00315140001475811
4359,19000,106,0.0005185999907553196,0.0026436000189278275
4359,19100,134,0.000605799985351041,0.0030273000011220574
4359,19150,190,0.0007807000074535608,0.0035134000063408166
4383,19000,638,0.002270099997986108,0.0224136000033468
4384,19650,150,0.0007124999829102308,0.0032906999986153096
4389,19000,1208,0.004241199989337474,0.027347800001734868
4392,19000,386,0.00152009999146685,0.005425400013336912
4393,19000,388,0.001426500006346032,0.005575699993642047
4500,19050,630,0.0022402000031434,0.024249999987659976
4501,19050,386,0.0016518999764230102,0.005762700020568445
4505,19050,1172,0.0041412000136915594,0.0283917999768164
4507,19050,294,0.0012266999983694404,0.005070199986221269
4522,19100,344,0.001377099979436025,0.00498120000702329
4522,19150,364,0.0013731000071857125,0.005208399990806356
4522,19200,322,0.0012189999979455024,0.004929599992465228
4522,19250,330,0.0012488999927882105,0.004841099987970665
4522,19300,286,0.0011377000191714615,0.00454999998328276
4522,19350,320,0.0013051999849267304,0.005076400004327297
4522,19400,284,0.0011326000094413757,0.00447149999672547
4522,19450,302,0.0011934000067412853,0.004780999996000901
4522,19500,314,0.0013048000109847635,0.004572800011374056
4522,19550,286,0.0010990999871864915,0.00437809998402372
4522,19600,294,0.0012676999904215336,0.004520599992247298
4522,19650,304,0.0011816999758593738,0.004477000009501353
4522,19700,320,0.001199799997266382,0.004862400004640222
4522,19750,292,0.0011597000120673329,0.004445200000191107
4522,19800,290,0.0011116999958176166,0.004423000005772337
4522,19850,336,0.0012962000037077814,0.004865199996856973
4523,19100,190,0.0007865999941714108,0.00348620000295341
4523,19150,320,0.0012138999882154167,0.004773600026965141
4523,19200,572,0.00221350000356324,0.02231569998548366
4523,19250,170,0.0007673999934922904,0.0034367000043857843
4584,19100,664,0.002362700004596263,0.022660699993139133
4621,19100,170,0.0007819000165909529,0.0036170999810565263
4626,19100,118,0.0005840999947395176,0.0027874000079464167
4627,19100,622,0.0023827000113669783,0.021313299977919087
4647,19150,136,0.0006854000093881041,0.003156999999191612
4647,19200,300,0.0011823000095319003,0.004900100000668317
4647,19250,114,0.0005584000027738512,0.0027276999899186194
4652,19150,164,0.0007083000091370195,0.003207100002327934
4700,19150,546,0.0019979999924544245,0.020925700024235994
4702,19150,122,0.0006348000024445355,0.0029657999984920025
4703,19150,104,0.0005694999999832362,0.0026368999970145524
4736,19200,220,0.0009380000119563192,0.004133999987971038
4754,19200,594,0.0021275999897625297,0.023020599997835234
4770,19200,874,0.0031835999980103225,0.023764399986248463
4770,19250,516,0.00195569999050349,0.0204993000079412
4777,19200,402,0.0015525999770034105,0.005738400010159239
4778,19200,910,0.00321359999361448,0.024759299994912
4781,19200,354,0.001552000001538545,0.005317999981343746
4794,19250,1076,0.003796300006797537,0.0271634999953676
4794,19300,612,0.002296799997566268,0.02430419999291189
4794,19350,564,0.0022936000023037195,0.021380100020905957
4794,19400,124,0.000663200014969334,0.003032400010852143
4794,19450,110,0.0005577999982051551,0.0027381000109016895
4794,19500,120,0.0005927000020164996,0.002741400006925687
4794,19550,106,0.0005390000005718321,0.0026476999919395894
4794,19600,118,0.0005611999949906021,0.0027479999989736825
4794,19700,518,0.0019305000023450702,0.021321000007446855
4794,19750,104,0.0006081000028643757,0.0028834999829996377
4794,19800,230,0.0009515999990981072,0.003850400011288002
4794,19850,116,0.0005600000149570405,0.0029653000237885863
4794,19900,120,0.0005776000034529716,0.0029421999934129417
4794,20050,124,0.0005783000087831169,0.002810200006933883
4794,20200,108,0.0005321000062394887,0.002595300000393763
4794,20250,110,0.0005407000135164708,0.0027068000053986907
4795,19250,280,0.0010967999987769872,0.004559799999697134
4795,19300,446,0.0017025000124704093,0.006179299991345033
4795,19350,238,0.0009921000164467841,0.0043252999894320965
4795,19450,228,0.0009406000026501715,0.003895300003932789
4795,19500,15781,0.053745899989735335,0.18329809998976998
4795,19600,218,0.0009538999875076115,0.004112299997359514
4795,19650,122,0.0006010000070091337,0.0029485000122804195
4795,19700,104,0.0005135000101290643,0.0027790000021923333
4837,19250,160,0.0006867999909445643,0.0031732000061310828
4856,19250,296,0.001146599999628961,0.004694799979915842
4856,19300,288,0.0012311000027693808,0.004595999984303489
4856,19350,326,0.0012483999889809638,0.005263300001388416
4863,19300,136,0.0006274000043049455,0.0031549000123050064
4863,19350,842,0.0030975999834481627,0.026076000009197742
4864,19250,896,0.003306200000224635,0.024527300003683195
4865,19250,314,0.0012615000014193356,0.0050632000202313066
4943,19300,158,0.0007186000002548099,0.0032756000000517815
4948,19300,102,0.000509100005729124,0.0025997000047937036
4949,19300,836,0.002936700009740889,0.0238684999931138
4949,19350,892,0.003190899995388463,0.025448400003369898
4949,19450,790,0.04016810000757687,0.023585300019476563
4949,19500,762,0.0028679000097326934,0.024627999984659255
4949,19550,726,0.0028854999982286245,0.023597099992912263
4949,19600,712,0.0026086000143550336,0.02322579998872243
4949,19650,734,0.0027506000187713653,0.02225990002625622
4949,19700,696,0.002666399988811463,0.023598300002049655
4960,19300,176,0.0007902000215835869,0.0036022999847773463
4961,19300,350,0.001353600004222244,0.005069599981652573
5024,19350,182,0.0007695000094827265,0.003524300002027303
5040,19350,184,0.0007661000126972795,0.0036521999863907695
5041,19350,106,0.0005145999894011766,0.002740800002356991
5042,19350,298,0.0011387999984435737,0.004827800003113225
5043,19350,596,0.0022538999910466373,0.023797200003173202
5058,19400,180,0.0008151000074576586,0.0036152999964542687
5058,19450,182,0.0007977999921422452,0.00373960001161322
5058,19500,218,0.0008997999830171466,0.004035999998450279
5097,19400,314,0.0012401000130921602,0.004845599993132055
5097,19450,200,0.0008188999781850725,0.0038111000030767173
5097,19500,324,0.0012365999864414334,0.005012000008719042
5097,19550,310,0.0011892000038642436,0.0045627999934367836
5097,19600,302,0.001151899981778115,0.0044867999968118966
5097,19650,272,0.0011085000005550683,0.004342900007031858
5097,19700,274,0.0010704000014811754,0.004503500007558614
5097,19750,254,0.0009740999958012253,0.004162400000495836
5097,19800,270,0.0012456999975256622,0.0045304000086616725
5106,19400,15465,0.05269049998605624,0.17673700000159442
5137,19400,1068,0.0038124000129755586,0.028565900021931157
5152,19400,554,0.00213350000558421,0.021107599983224645
5156,19400,764,0.002787500008707866,0.02245639998000115
5157,19400,1260,0.004452699999092147,0.027776000002631918
5282,19450,202,0.0009374000073876232,0.003944500000216067
5292,19450,1204,0.004283099988242611,0.02631169999949634
5293,19450,574,0.0021453000081237406,0.02081789998919703
5294,19450,15777,0.09199919999809936,0.17897009997977875
5359,19500,196,0.000877300015417859,0.0038296999991871417
5378,19500,1180,0.004267999989679083,0.02765870001167059
5398,19500,1130,0.0041877999901771545,0.025981699989642948
5403,19500,112,0.0006107999943196774,0.0030406999867409468
5404,19500,190,0.0008069000032264739,0.0036038999969605356
5405,19500,524,0.0019170999876223505,0.0216567000024952
5419,19650,136,0.0007252999930642545,0.0031445999920833856
5419,19700,126,0.0006279000081121922,0.0029526999860536307
5419,19750,136,0.0006668999849352986,0.003107500000623986
5419,19800,108,0.0005213999829720706,0.002771200001006946
5431,19550,520,0.002137100003892556,0.021940000005997717
5437,19550,302,0.0012901999871246517,0.004686900007072836
5437,19600,300,0.0011684999917633832,0.004826899996260181
5437,19650,322,0.0012215999886393547,0.004823199997190386
5437,19700,298,0.0011556999816093594,0.004494699998758733
5437,19750,300,0.0012610999983735383,0.004492500011110678
5437,19800,340,0.001276700000744313,0.0047716000117361546
5437,19850,312,0.0011760999914258718,0.004429500026162714
5437,19900,318,0.0012329000164754689,0.004497899994021282
5448,19550,912,0.003151799988700077,0.027001500013284385
5448,19600,876,0.00311879999935627,0.025250199978472665
5448,19650,916,0.0032725000055506825,0.026140999980270863
5448,19700,944,0.003396699990844354,0.025607399991713464
5448,19750,906,0.0032767000084277242,0.02483919999212958
5448,19800,946,0.0033705999958328903,0.02483490001759492
5452,19550,1144,0.00416780001251027,0.027316599996993318
5453,19550,104,0.0005835999909322709,0.0028045999933965504
5454,19550,484,0.0018034999957308173,0.006533500010846183
5461,19600,268,0.0011534000223036855,0.0042600999877322465
5462,19600,188,0.0007865000225137919,0.003537899989169091
5613,19650,466,0.0017037999932654202,0.006024600006639957
5632,19700,276,0.0010870000114664435,0.004294900019885972
5633,19700,204,0.0008244000200647861,0.003649299993412569
5688,19700,566,0.002057599980616942,0.023429100023349747
5732,19850,106,0.0005831000162288547,0.002836799976648763
5732,20150,108,0.0006073999975342304,0.002753300010226667
5732,20200,104,0.00053190000471659,0.0026224000030197203
5732,20250,122,0.0005798999918624759,0.0027828000020235777
5732,20300,144,0.0006413999944925308,0.0032355000148527324
5732,20500,102,0.0005412999889813364,0.0027565000054892153
5732,20550,112,0.0005524000152945518,0.0027193999849259853
5732,20600,128,0.0005964000010862947,0.0029264000186230987
5732,20650,122,0.0005680999893229455,0.0028512999997474253
5732,20700,124,0.000606999994488433,0.003296900016721338
5732,20750,152,0.0008454000053461641,0.003986600000644103
5733,19750,536,0.002108899992890656,0.02090400000452064
5733,19800,590,0.002151699998648837,0.021323599998140708
5774,19750,496,0.0018460999999660999,0.0065608000149950385
5775,19750,720,0.0027415000076871365,0.022352600004523993
5783,19800,246,0.0010679000115487725,0.00434399998630397
5784,19800,208,0.000906000001123175,0.0043240000086370856
5795,19800,148,0.0006833999941591173,0.003111199999693781
5795,19850,248,0.0009993000130634755,0.00414249999448657
5814,19800,728,0.002563500020187348,0.022130099998321384
5816,19800,156,0.0007350000087171793,0.003325600002426654
5863,19850,690,0.002476400026353076,0.022817600023699924
5874,19850,160,0.0007551999879069626,0.0033490000059828162
5881,19850,278,0.0011403999815229326,0.004487300000619143
5885,19850,104,0.0005166999762877822,0.0026833000010810792
5888,19850,370,0.0014149000053294003,0.0052958999876864254
5889,19850,470,0.0017653999966569245,0.006066200003260747
5890,19850,968,0.003540600009728223,0.02527489999192767
5890,19900,1032,0.004038100014440715,0.025897199986502528
5890,19950,1020,0.003671300015412271,0.025264800002332777
5890,20000,160,0.0008265999786090106,0.003364600008353591
5890,20050,1012,0.003889299987349659,0.025848999997833744
5891,19850,570,0.0021121000172570348,0.020597599999746308
5909,19900,288,0.0012103000190109015,0.004743600002257153
5924,19900,284,0.0011584999738261104,0.004434600006788969
5925,19900,196,0.0008262999763246626,0.00395890002255328
5946,20000,136,0.0006581000052392483,0.0029455999901983887
5946,20100,586,0.002123600017512217,0.023944799992023036
5946,20150,132,0.0006713000184390694,0.0033327999990433455
5952,19900,348,0.00133790000109002,0.005122800008393824
5964,19900,210,0.0008627999923191965,0.00398549999226816
5965,19900,104,0.00050970001029782,0.0025797999987844378
5965,20000,180,0.0007715999963693321,0.0034004000190179795
5965,20100,174,0.000746600009733811,0.0033147999783977866
5965,20150,332,0.0012692999735008925,0.00522560000536032
5966,19900,346,0.0013445999938994646,0.005095700005767867
5966,19950,368,0.0014072000049054623,0.005287999985739589
5966,20000,178,0.000745400000596419,0.0034005999914370477
5966,20050,322,0.0012199999764561653,0.004724099999293685
5969,19900,666,0.002343300002394244,0.02265810000244528
5987,19950,378,0.001494500000262633,0.005650999984936789
6007,19950,590,0.002150000014808029,0.02197050000540912
6007,20050,612,0.002300499996636063,0.021239199995761737
6007,20100,136,0.0008536000095773488,0.003183799999533221
6007,20200,574,0.002078900026390329,0.022017200011759996
6007,20250,590,0.0022418000153265893,0.021775899978820235
6007,20300,570,0.0021935999975539744,0.021328700007870793
6007,20350,550,0.0021269999851938337,0.022328499995637685
6007,20400,126,0.0006479000148829073,0.0030900000128895044
6008,19950,450,0.0016749000060372055,0.006199600000400096
6009,19950,106,0.0005670000100508332,0.0026929999876301736
6009,20000,598,0.002173100016079843,0.023075099976267666
6010,20100,108,0.0006012000085320324,0.002981900004670024
6014,19950,450,0.0017011000018101186,0.005830600013723597
6022,19950,324,0.0012407000176608562,0.004757499991683289
6075,20000,206,0.0008535000088158995,0.0036330000148154795
6075,20050,426,0.0015546999929938465,0.005682199989678338
6075,20100,232,0.0009054000256583095,0.004037500009872019
6075,20150,216,0.0008575000101700425,0.004085799999302253
6075,20200,396,0.0014679999731015414,0.005988500022795051
6075,20250,398,0.001595499983523041,0.006059500010451302
6075,20300,396,0.0014993000077083707,0.005771099997218698
6075,20350,390,0.0015773999912198633,0.0057397999917156994
6075,20400,382,0.0014568000042345375,0.005629099992802367
6075,20450,188,0.0008382000087294728,0.0038182999996934086
6075,20500,344,0.0013867999950889498,0.005490499985171482
6104,20000,136,0.0006337999948300421,0.0032359999895561486
6105,20000,176,0.0007622000121045858,0.003563100006431341
6134,20050,378,0.001420000015059486,0.0052937000000383705
6142,20000,344,0.0013115000037942082,0.005038300005253404
6143,20000,354,0.001367799995932728,0.005170999997062609
6150,20050,538,0.0020064999989699572,0.021940099977655336
6150,20150,148,0.000760800001444295,0.0035862000077031553
6150,20200,348,0.0013515999889932573,0.005108100012876093
6150,20250,378,0.001504999992903322,0.005531999981030822
6150,20300,414,0.001580999989528209,0.005547000007936731
6150,20350,402,0.0015435999957844615,0.005710199999157339
6150,20400,330,0.0012882000009994954,0.004919400002108887
6150,20450,334,0.0013125000114087015,0.004759699979331344
6150,20500,336,0.0013090000138618052,0.00477219998720102
6150,20550,332,0.0012553000124171376,0.0047383000201079994
6150,20600,374,0.001399400003720075,0.005244700005277991
6150,20650,366,0.0013824999914504588,0.005120899993926287
6150,20700,352,0.0013185999996494502,0.005154400016181171
6150,20750,362,0.0013957000046502799,0.005149800010258332
6150,20800,334,0.0012558000162243843,0.004968299996107817
6150,20850,338,0.001294299989240244,0.004895999998552725
6150,20900,382,0.0014912000042386353,0.005672900006175041
6150,20950,370,0.0013868999958503991,0.005737400002544746
6150,21000,358,0.001361000002361834,0.005121100024553016
6150,21050,320,0.0012115999998059124,0.0048544000019319355
6150,21100,334,0.0014467000146396458,0.004985799983842298
6150,21150,358,0.0013445999938994646,0.0051558999984990805
6150,21200,338,0.0012718999932985753,0.005184899986488745
6150,21250,340,0.0012684999965131283,0.005000199977075681
6150,21300,380,0.0014399999927263707,0.0055921000021044165
6150,21350,368,0.001362200011499226,0.0052460999868344516
6150,21400,396,0.0014556999958585948,0.0060406000120565295
6150,21450,378,0.001807399996323511,0.005485000001499429
6150,21500,310,0.0012146000226493925,0.004958099976647645
6150,21550,400,0.0014703000197187066,0.006450600019888952
6181,20050,172,0.0007871999987401068,0.003908100014086813
6193,20050,168,0.000753700005589053,0.0038266999763436615
6193,20100,372,0.0019261999987065792,0.009926300001097843
6193,20150,944,0.003657400025986135,0.029323099995963275
6193,20200,168,0.0008773999870754778,0.004509499995037913
6193,20250,168,0.0008680000028107315,0.0040034000121522695
6193,20300,158,0.0007594999915454537,0.0035356000007595867
6194,20050,162,0.0008025999995879829,0.00357509998138994
6194,20150,402,0.0015389000182040036,0.005838699988089502
6194,20200,142,0.0006522999901790172,0.003114499995717779
6194,20250,164,0.0007188000017777085,0.0033349999866914004
6194,20300,162,0.0006973000126890838,0.0032546999864280224
6194,20350,156,0.0006990999972913414,0.0031983999942895025
6204,20050,308,0.0012117000005673617,0.0046913000114727765
6213,20100,158,0.0007157000072766095,0.003288300009444356
6213,20150,230,0.0009416999819222838,0.004056200006743893
6213,20200,238,0.0009479000000283122,0.004016300023067743
6213,20250,220,0.0008780999924056232,0.004147100000409409
6213,20300,192,0.0007944999961182475,0.0036239000037312508
6213,20350,214,0.0008667999936733395,0.003920199989806861
6213,20400,200,0.0008315000159200281,0.0037520999903790653
6213,20450,208,0.0008665999921504408,0.0037826999905519187
6213,20500,208,0.0008516999951098114,0.003769599978113547
6213,20550,200,0.000817699998151511,0.0036995999980717897
6213,20600,200,0.0009265999833587557,0.0038372999988496304
6213,20650,202,0.000822900008643046,0.0037401000154204667
6213,20700,206,0.0008565000025555491,0.003728699986822903
6213,20750,218,0.0008670999959576875,0.004054799996083602
6213,20800,210,0.0008494000067003071,0.0037329000188037753
6213,20850,210,0.0008382999803870916,0.0037545000086538494
6213,20900,218,0.0009323999984189868,0.004062999971210957
6213,20950,200,0.0008444999984931201,0.003711700002895668
6213,21000,210,0.000890900002559647,0.0038850999844726175
6213,21050,210,0.0009260000078938901,0.004104899999219924
6213,21100,202,0.0008489999745506793,0.004039400024339557
6213,21150,202,0.0008591999940108508,0.0038078000070527196
6213,21200,202,0.0008913999772630632,0.003871200024150312
6213,21250,226,0.0009449999779462814,0.004393100010929629
6229,20100,344,0.0013399999879766256,0.005313500005286187
6229,20150,108,0.0005911999905947596,0.003942000010283664
6249,20100,138,0.0006907999922987074,0.0032829999981913716
6264,20100,136,0.0006384000007528812,0.0030728999990969896
6265,20100,170,0.0007379000016953796,0.00342989998171106
6287,20150,328,0.0012829000188503414,0.005141500005265698
6287,20200,328,0.0012636000174097717,0.004850600002100691
6287,20250,334,0.0012528000224847347,0.004899999999906868
6287,20300,326,0.001333299995167181,0.004918299993732944
6321,20200,158,0.0007044000085443258,0.003184400004101917
6321,20300,156,0.0008159999852068722,0.003162200009683147
6321,20350,144,0.0006540000031236559,0.003268300002673641
6321,20400,160,0.0006981999904382974,0.0032013000163715333
6321,20450,102,0.0005148999916855246,0.002547299984144047
6321,20500,150,0.0006573999999091029,0.0030802999972365797
6322,20250,142,0.0006560000183526427,0.0031843999749980867
6328,20150,260,0.0010309999925084412,0.0041040999931283295
6341,20150,386,0.0014451000024564564,0.005193099990719929
6352,20250,104,0.0005270999972708523,0.0025950999988708645
6352,20300,102,0.0005026999861001968,0.0025647000002209097
6352,20350,114,0.0005399000074248761,0.0026544999855104834
6352,20500,104,0.0005139999848324805,0.0025836999993771315
6352,20800,102,0.0005084999720565975,0.0025610000011511147
6352,20850,102,0.0005105999880470335,0.0025667000154498965
6352,20900,106,0.0005150999932084233,0.002580800006398931
6352,20950,106,0.0005174999823793769,0.0025662000116426498
6352,21000,108,0.0005324000085238367,0.002618300000904128
6352,21150,118,0.0005569000204559416,0.002690900000743568
6352,21200,118,0.0005640999879688025,0.0027166999934706837
6352,21250,126,0.0005779000057373196,0.0028458999877329916
6352,21300,114,0.0005447999865282327,0.002719700016314164
6352,21400,122,0.0006182999932207167,0.002740700001595542
6352,21450,106,0.0005172999808564782,0.0030423999996855855
6352,21550,104,0.0007070999999996275,0.0029008999990765005
6352,21600,108,0.0005200000014156103,0.0026400999922771007
6362,20200,272,0.0010836999863386154,0.004328600014559925
6375,20200,1228,0.004668899986427277,0.027008600009139627
6379,20200,246,0.0010081999935209751,0.004186400008620694
6385,20250,298,0.0011568999907467514,0.0045482999994419515
6385,20300,280,0.0010956999904010445,0.004439200012711808
6385,20350,298,0.0012024999887216836,0.004646500019589439
6385,20400,184,0.0007695000094827265,0.0033986999769695103
6385,20450,134,0.0005981000140309334,0.0028851999959442765
6385,20500,330,0.001243700011400506,0.004938400001265109
6389,20250,228,0.0009117000154219568,0.0037622999807354063
6408,20250,962,0.0033620999893173575,0.026578199991490692
6408,20300,1022,0.0036370999878272414,0.025787699996726587
6409,20250,136,0.0007140999950934201,0.0031466000073123723
6412,20250,238,0.0009947000071406364,0.003969499986851588
6421,20300,226,0.0009072000102605671,0.003789299982599914
6428,20300,234,0.0009703999967314303,0.0038511999882757664
6445,20350,146,0.0006412999937310815,0.0030339000222738832
6445,20450,136,0.0006154000002425164,0.003240600024582818
6445,20500,162,0.0007182999979704618,0.003209899994544685
6461,20350,176,0.0007664999866392463,0.0034002999891526997
6461,20400,274,0.0010728999914135784,0.004387599998153746
6461,20450,104,0.0005645999917760491,0.002720799995586276
6461,20500,108,0.0005304999940562993,0.0026254999975208193
6461,20600,114,0.0005398999783210456,0.002785900025628507
6461,20650,122,0.000627999979769811,0.0028458000160753727
6461,21000,104,0.0005160000000614673,0.0029109000170137733
6461,21050,884,0.0031814999820198864,0.024235400022007525
6461,21300,118,0.0007488999981433153,0.0029063000110909343
6462,20350,1292,0.004455999995116144,0.027674500015564263
6463,20400,580,0.002297200000612065,0.024041399999987334
6469,20350,104,0.0005901000113226473,0.0028064999787602574
6472,20350,410,0.001558400021167472,0.005719899985706434
6473,20350,120,0.0005756999889854342,0.002973900001961738
6477,20400,126,0.0005972999788355082,0.0031070999975781888
6477,20450,144,0.0006725999992340803,0.0033180000027641654
6505,20400,1248,0.004374699987238273,0.029114000004483387
6513,20400,310,0.0012430000060703605,0.005024300015065819
6519,20400,430,0.0016208000015467405,0.005945299984887242
6543,20450,272,0.00114969999413006,0.00437069998588413
6546,20450,1256,0.004497300018556416,0.02726619999157265
6549,20450,124,0.0006537000008393079,0.0031906000222079456
6549,20500,144,0.0006541999755427241,0.0033397000224795192
6550,20450,118,0.0006067000213079154,0.002773399988655001
6554,20450,328,0.0012759000237565488,0.005225399974733591
6555,20450,376,0.0014734000142198056,0.005280899989884347
6577,20500,350,0.0013251999916974455,0.005711500009056181
6587,20500,1050,0.0038810000114608556,0.026324499980546534
6606,20500,314,0.0012919000000692904,0.005088900012196973
6606,20550,294,0.0011723999923560768,0.004458899988094345
6606,20600,348,0.0013153000036254525,0.005350299994461238
6606,20650,276,0.0010937000042758882,0.004316700011258945
6606,20700,286,0.001126500021200627,0.004396099975565448
6606,20750,308,0.001194899989059195,0.004778600006829947
6612,20500,234,0.0009546999935992062,0.0038699999859090894
6613,20500,234,0.0009391999919898808,0.003753199998755008
6624,20550,1382,0.005034699977841228,0.029412000003503636
6624,20600,1302,0.004598600004101172,0.02843330000177957
6652,20550,452,0.0017242000030819327,0.006081299972720444
6653,20550,104,0.00051710000843741,0.002671499998541549
6654,20550,134,0.0007307000050786883,0.003036000009160489
6659,20550,286,0.0011092000058852136,0.004421699995873496
6659,20600,500,0.00187569999252446,0.006458399991970509
6659,20650,446,0.0016099000058602542,0.005809800000861287
6666,20550,168,0.000770099984947592,0.003431799996178597
6666,20600,112,0.0006723999977111816,0.0030012000061105937
6666,20650,118,0.0005887000006623566,0.003002899989951402
6666,20700,146,0.0007075000030454248,0.003169699979480356
6666,20750,152,0.000698099989676848,0.0032657000119797885
6666,20800,108,0.000527600001078099,0.002859800006262958
6666,20850,108,0.0005315000016707927,0.0027993000112473965
6666,20900,126,0.0006125000072643161,0.0030094000103417784
6666,20950,116,0.0005714000144507736,0.0029844999953638762
6666,21000,128,0.0005988999910186976,0.0030918999982532114
6666,21050,140,0.0007525999972131103,0.0033044000156223774
6666,21100,140,0.0007657000096514821,0.0030836000223644078
6666,21150,118,0.0005648999940603971,0.002913300006184727
6666,21200,400,0.001575400005094707,0.006571200006874278
6666,21250,412,0.0017857999773696065,0.00628210001741536
6666,21300,122,0.0006300999957602471,0.0031239000090863556
6666,21350,138,0.0006509999802801758,0.003132000012556091
6666,21400,138,0.0006578000029549003,0.00298990000737831
6666,21450,138,0.0006151999987196177,0.003068699996219948
6666,21500,202,0.0008319000189658254,0.003941299975849688
6666,21550,148,0.00066380001953803,0.003150899981847033
6666,21600,132,0.0006085000059101731,0.0028652999899350107
6666,21650,132,0.0005938999820500612,0.002843800000846386
6666,21750,140,0.0006221000221557915,0.0030082000012043864
6666,21800,106,0.0005200000014156103,0.002609000017400831
6666,21850,134,0.0006165000086184591,0.0028805999900214374
6666,21900,118,0.0005579999997280538,0.0028430999955162406
6666,21950,142,0.0006464000034611672,0.003127400006633252
6666,22000,210,0.0014263000048231333,0.004543299990473315
6666,22050,140,0.0006616000027861446,0.0031008000078145415
6666,22100,228,0.0009558000019751489,0.0041602999845054
6666,22150,106,0.0005251999828033149,0.002987599989864975
6666,22200,136,0.0006505999772343785,0.0031882000039331615
6666,22300,138,0.0006473999819718301,0.0030587000073865056
6666,22350,154,0.0007179999956861138,0.003264300001319498
6666,22400,154,0.0007765000045765191,0.003158299979986623
6666,22450,132,0.0005997999978717417,0.0029547000012826174
6666,22500,164,0.0007362999895121902,0.0034494000137783587
6666,22550,164,0.0007180999964475632,0.0034090999979525805
6666,22600,164,0.0007779999868944287,0.003872800007229671
6666,22650,166,0.0007416000007651746,0.0033857999951578677
6666,22700,164,0.0007305999752134085,0.0032352000125683844
6666,22750,102,0.0005241000035312027,0.0026218999992124736
6666,22800,112,0.000540299981366843,0.002644799998961389
6666,22850,148,0.0006417999975383282,0.0030254999874159694
6666,22900,166,0.0007116999768186361,0.003187399997841567
6666,22950,138,0.0006102999905124307,0.002880499989259988
6666,23000,144,0.0006726999999955297,0.0029741000034846365
6666,23050,158,0.0006978999881539494,0.0030787000141572207
6669,20550,536,0.00202089999220334,0.02171880000969395
6673,20600,136,0.0006561999907717109,0.003072300023632124
6699,20600,386,0.0014515999937430024,0.005391100014094263
6701,20600,618,0.002202000003308058,0.020687400014139712
6705,20650,102,0.0005364000098779798,0.0028452000115066767
6706,20650,130,0.0006172999856062233,0.0029824000084772706
6706,20700,144,0.0006484999903477728,0.0030858000100124627
6717,20650,1306,0.004876899998635054,0.02781440000399016
6717,20700,1270,0.004734499991172925,0.02795630000764504
6719,20650,184,0.0009102000040002167,0.003736899991054088
6719,20700,266,0.001080199988791719,0.004330600000685081
6720,20650,320,0.0012319000088609755,0.005039699986809865
6722,20650,326,0.0012544999772217125,0.00509970000712201
6722,20700,304,0.0011622000019997358,0.005025099992053583
6722,20750,302,0.001212700008181855,0.004835500003537163
6722,20800,320,0.0012061000161338598,0.00489229999948293
6722,20850,324,0.0012362999841570854,0.00524050000240095
6722,20900,324,0.0012999000027775764,0.005164800008060411
6722,20950,328,0.0012969000090379268,0.005188799987081438
6722,21000,346,0.0015184000076260418,0.005745500006014481
6722,21050,322,0.0012495999981183559,0.0049715000204741955
6722,21100,314,0.0012562999909278005,0.0048513000074308366
6722,21150,314,0.0012403999862726778,0.004746699996758252
6722,21200,358,0.0013430999824777246,0.0054019000090193
6722,21250,338,0.00128749999566935,0.005090599996037781
6722,21300,340,0.0012955999991390854,0.00507449998985976
6722,21350,318,0.0012033999955747277,0.005616200010990724
6722,21400,316,0.0013060999917797744,0.005543700011912733
6722,21450,302,0.0012408999900799245,0.005029899999499321
6722,21550,302,0.0012071000237483531,0.00493680001818575
6722,21600,382,0.0014569999766536057,0.00538710001274012
6722,21650,300,0.0013352000096347183,0.005023899982916191
6722,21700,308,0.0011817000049632043,0.005094799998914823
6722,21750,280,0.0011520000116433948,0.004962699982570484
6722,21800,306,0.0011878999939654022,0.0047636000090278685
6722,21850,306,0.0011946999875362962,0.004876799997873604
6722,21900,296,0.0012490999943111092,0.004709400003775954
6722,21950,294,0.001158699975349009,0.004643300024326891
6722,22000,920,0.0031998000049497932,0.02476370002841577
6722,22050,298,0.0012226999970152974,0.004985800012946129
6722,22100,944,0.003410299977986142,0.025488500017672777
6722,22150,298,0.0014435000193770975,0.005097000015666708
6722,22200,298,0.0011939999822061509,0.004878500010818243
6722,22250,306,0.0011758000182453543,0.005137600004673004
6722,22300,308,0.00121489999582991,0.004809900012332946
6722,22350,300,0.0011711999832186848,0.004702300007920712
6722,22400,286,0.0011698000016622245,0.004818999994313344
6722,22450,302,0.0011691999970935285,0.004721200006315485
6722,22500,322,0.0012120000028517097,0.004870700009632856
6722,22550,334,0.0012521000171545893,0.005004199978429824
6722,22600,308,0.0011696000001393259,0.004772799991769716
6722,22650,306,0.0012835999950766563,0.004832199978409335
6722,22700,306,0.001221699989400804,0.004731100023491308
6722,22750,330,0.0012378999963402748,0.0052133999997749925
6722,22800,340,0.001294599991524592,0.005361199990147725
6722,22850,312,0.0012085000053048134,0.005171299999346957
6722,22900,288,0.0012732000031974167,0.004971799993654713
6722,22950,328,0.0013154000043869019,0.005352300009690225
6722,23000,314,0.0012753999908454716,0.005044000019552186
6722,23050,300,0.0011899999808520079,0.004900600004475564
6722,23100,346,0.001354500011075288,0.005354299995815381
6722,23150,340,0.0013210999895818532,0.00548640001215972
6722,23200,338,0.0013497000036295503,0.005420599976787344
6722,23250,348,0.0014802999794483185,0.005497100006323308
6722,23300,334,0.0012962000037077814,0.004992000001948327
6722,23350,318,0.001244000013684854,0.005085100012365729
6722,23400,334,0.0012765999999828637,0.005091099999845028
6722,23450,352,0.0013325999898370355,0.0053730999934487045
6722,23500,312,0.0011968000035267323,0.005020799988415092
6722,23550,326,0.0012740000092890114,0.0050857999885920435
6722,23600,330,0.0012516999850049615,0.0053152999898884445
6722,23650,318,0.001264399994397536,0.004953499999828637
6722,23700,348,0.0013057999894954264,0.005309000000124797
6722,23750,368,0.0013713999942410737,0.005368999991333112
6722,23800,352,0.0016203999985009432,0.005763099994510412
6722,23850,366,0.001412600016919896,0.005699000001186505
6722,23900,326,0.0013205999857746065,0.0051324000232852995
6722,23950,330,0.0013104999961797148,0.005052699998486787
6722,24000,316,0.0012109999952372164,0.004952099989168346
6722,24050,322,0.001264699996681884,0.005413999984739348
6722,24100,306,0.0011838999926112592,0.005057500005932525
6722,24150,292,0.0011839999933727086,0.0047190999903250486
6722,24200,314,0.0012106999929528683,0.004924000008031726
6722,24250,320,0.0012811000051442534,0.004902099986793473
6722,24300,338,0.0013318000128492713,0.005356199981179088
6722,24350,332,0.0012623000075109303,0.0051463999843690544
6722,24400,326,0.0012519000156316906,0.005286800005706027
6722,24450,314,0.0012339999957475811,0.004796699999133125
6722,24500,312,0.0011827000125776976,0.004882799985352904
6722,24550,336,0.001407100004144013,0.005187300004763529
6722,24600,340,0.0013153000036254525,0.005248300003586337
6722,24650,340,0.0013017000164836645,0.005695900006685406
6722,24700,350,0.0013822000182699412,0.005320600001141429
6722,24750,324,0.0013151000021025538,0.00514720001956448
6722,24800,338,0.0016164999979082495,0.005036100017605349
6722,24850,354,0.0013168999867048115,0.005333899985998869
6722,24900,354,0.0014223000034689903,0.005233200005022809
6722,24950,320,0.0012282999814487994,0.005405600008089095
6722,25000,336,0.0012854000087827444,0.005193999997572973
6722,25050,332,0.0012817999813705683,0.005119600013131276
6722,25100,334,0.001272099994821474,0.00508050000644289
6722,25150,346,0.0013451999984681606,0.005098699999507517
6722,25200,350,0.0013204000133555382,0.0052832000073976815
6722,25250,354,0.0014330999983940274,0.0053054000018164515
6722,25300,326,0.0012306999997235835,0.004964600026141852
6722,25350,328,0.0012441000144463032,0.005040599993662909
6722,25400,294,0.001177600002847612,0.0047002999926917255
6722,25450,336,0.0012931000092066824,0.005124199989950284
6722,25500,310,0.001267499988898635,0.004722099984064698
6722,25550,348,0.0013330999936442822,0.0051315000164322555
6722,25600,286,0.001293099980102852,0.005264700012048706
6722,25650,290,0.0012067999923601747,0.005137600004673004
6722,25700,272,0.0011135999811813235,0.005402800015872344
6722,25750,298,0.0013031999988015741,0.0050091999873984605
6722,25800,290,0.0011532999924384058,0.004729800013592467
6722,25850,298,0.0014063999988138676,0.004871899989666417
6722,25900,306,0.001176600024336949,0.004852699988987297
6722,25950,310,0.0012110000243410468,0.005097000015666708
6722,26000,302,0.0011667000071611255,0.004699200013419613
6722,26050,316,0.0012214000162202865,0.005005099985282868
6722,26100,298,0.0012479999859351665,0.004825000010896474
6741,20700,444,0.0016385000199079514,0.005808699992485344
6746,20700,442,0.0016303000156767666,0.005814400006784126
6777,20750,136,0.0006261999951675534,0.0028477000014390796
6777,20800,140,0.0006225999968592077,0.003024300007382408
6777,20850,126,0.0005742999783251435,0.0028122000221628696
6777,20900,138,0.0006255999905988574,0.0032543000124860555
6777,21000,150,0.0006484999903477728,0.0032842000073287636
6777,21050,158,0.0007136999920476228,0.0032146000012289733
6777,21100,172,0.0007501000072807074,0.0032159000111278147
6777,21150,162,0.0006864999886602163,0.0035444000095594674
6777,21250,114,0.0005499999970197678,0.002659599995240569
6777,21300,186,0.0007881000055931509,0.003533800016157329
6777,21350,186,0.0007780999876558781,0.0035306000208947808
6777,21400,136,0.0007653000066056848,0.003426799987209961
6779,20750,726,0.002654099982464686,0.024154100014129654
6780,20750,142,0.0007331999950110912,0.0032330999965779483
6786,20750,1298,0.0415610000200104,0.028699900023639202
6797,20800,488,0.0018668999837245792,0.006296100007602945
6798,20800,856,0.003000599972438067,0.023439600015990436
6798,20850,888,0.003184799978043884,0.024699200002942234
6798,20900,878,0.0031645999988541007,0.02435479999985546
6798,20950,874,0.003191700001480058,0.025758300005691126
6798,21000,914,0.003249900008086115,0.025368300004629418
6798,21050,170,0.0007807999791111797,0.0035505999985616654
6827,20800,922,0.0032589999900665134,0.023878000007243827
6835,20800,256,0.0010613000195007771,0.004199099988909438
6842,20850,292,0.0011473000049591064,0.0044775999849662185
6860,20850,856,0.0029821000061929226,0.02490109999780543
6862,20850,150,0.0007214999932330102,0.003555300005245954
6862,20900,134,0.0006450999935623258,0.002912700001616031
6862,21000,130,0.0006543000054080039,0.0028640000091399997
6862,21050,106,0.0005493000207934529,0.0026000999787356704
6862,21100,138,0.0006314000056590885,0.0032961000106297433
6862,21200,192,0.0007965999830048531,0.0036303999950177968
6865,20850,506,0.001847900013672188,0.02086119999876246
6900,20900,288,0.0011675999849103391,0.00456930001382716
6900,20950,252,0.001043500000378117,0.004255399981047958
6900,21000,392,0.0014575000095646828,0.005525899992790073
6900,21050,396,0.001510800007963553,0.005280299985315651
6900,21100,392,0.0014433000178541988,0.00533369998447597
6900,21150,402,0.0014620999863836914,0.005563699989579618
6900,21200,482,0.00181350001366809,0.006623199995374307
6900,21250,492,0.001948899996932596,0.0068134999892208725
6900,21300,402,0.0015995999856386334,0.005596900009550154
6900,21350,412,0.0015944000042509288,0.005528999987291172
6900,21400,416,0.001584699988598004,0.0055382999998983
6907,20900,496,0.001881899981526658,0.006474200024968013
6908,20900,204,0.000836799998069182,0.0035023000091314316
6909,20900,618,0.0022862000041641295,0.023543299990706146
6923,20950,602,0.0022356999979820102,0.02148910000687465
6923,21000,576,0.002271900011692196,0.023030299984384328
6923,21050,572,0.002134199981810525,0.022471200005384162
6929,20950,208,0.0009219000057782978,0.003853800008073449
6929,21000,148,0.0006829000194557011,0.003163499990478158
6929,21050,146,0.0006365999870467931,0.0033496000105515122
6929,21100,140,0.0006468000065069646,0.0029503999976441264
6929,21150,172,0.0007321999873965979,0.0032404999947175384
6929,21200,150,0.0006436999829020351,0.003036100009921938
6929,21250,166,0.0007206000154837966,0.003507099987473339
6934,20950,396,0.0015230000135488808,0.005407299991929904
6934,21000,400,0.001490199996624142,0.00552639999659732
6934,21050,390,0.0014645000046584755,0.00534559998777695
6934,21100,366,0.0013998000067658722,0.005409600009443238
6934,21150,382,0.0014502000121865422,0.005224399996222928
6934,21200,422,0.001576300011947751,0.0055312999757006764
6940,20950,148,0.0006536000000778586,0.003399499983061105
6942,21000,158,0.0006921000021975487,0.003712500008987263
6942,21050,172,0.0007374999986495823,0.0035396000021137297
6942,21100,178,0.0007787999929860234,0.0034804000169970095
6942,21150,174,0.0007415000000037253,0.0038699000142514706
6942,21200,130,0.0006006000039633363,0.002992099995026365
6942,21250,116,0.000590600015129894,0.002790900005493313
6942,21300,140,0.0006317000079434365,0.0033198999881278723
6942,21350,144,0.0006547999801114202,0.003162200009683147
6942,21400,158,0.0007042000070214272,0.0031270000035874546
6942,21450,186,0.0007716999971307814,0.0033980000007431954
6942,21500,204,0.000825099996291101,0.0038566000002902
6949,21100,570,0.002059899998130277,0.021965699997963384
6952,21100,876,0.003131400007987395,0.023793700005626306
6952,21150,944,0.003338299982715398,0.025726899999426678
6952,21200,870,0.0031709999893791974,0.02466699999058619
6952,21250,900,0.003267199994297698,0.02405089998501353
6952,21300,900,0.0033756000048015267,0.024490200012223795
6952,21350,856,0.0030983999895397574,0.026422599999932572
6952,21400,858,0.0033131999953184277,0.026150000019697472
6952,21450,906,0.003202499996405095,0.02502120001008734
6952,21500,374,0.0014597999979741871,0.005325300007825717
6969,21150,608,0.0021770000166725367,0.021090200025355443
6973,21150,224,0.0009562000050209463,0.004011099983472377
6973,21200,180,0.0007719999994151294,0.0034207999997306615
6973,21500,888,0.0031482999911531806,0.02515790000325069
6992,21200,106,0.0005893000052310526,0.0027732000162359327
6993,21200,162,0.0007323999889194965,0.0033203000202775
6993,21250,150,0.0006592999852728099,0.0031294999935198575
6993,21300,148,0.0006659000064246356,0.0030508999770972878
6993,21350,178,0.000754999986384064,0.0033574000117368996
6993,21400,186,0.0008211999956984073,0.003627900005085394
6993,21450,164,0.0006863000162411481,0.003173999983118847
6993,21500,104,0.0005041999975219369,0.0025667999871075153
7016,21250,346,0.0013249999901745468,0.004872199991950765
7051,21250,150,0.0006433000089600682,0.0030586000066250563
7056,21300,506,0.0018415000231470913,0.02081629997701384
7056,21350,480,0.0018829999899026006,0.0064224000088870525
7056,21400,440,0.0016112000157590955,0.005811399983940646
7056,21450,422,0.0015722000098321587,0.006024999980581924
7056,21500,140,0.0006330999894998968,0.003059700015000999
7056,21550,416,0.0015408000035677105,0.005792599986307323
7056,21600,434,0.001633500010939315,0.006182799988891929
7056,21650,428,0.0015706999984104186,0.005921400006627664
7056,21700,416,0.0015737999929115176,0.0058828000037465245
7056,21750,408,0.0014826999977231026,0.005770699994172901
7056,21800,398,0.001520699996035546,0.005805900000268593
7056,21850,400,0.0014685999776702374,0.0056437000166624784
7056,21900,410,0.0014889999874867499,0.00607020000461489
7056,21950,398,0.0014792000001762062,0.005582999991020188
7056,22000,142,0.0006345000001601875,0.0031824999896343797
7056,22050,428,0.001636000000871718,0.005949999991571531
7056,22100,106,0.0005234999989625067,0.0026874999748542905
7056,22150,422,0.001530899986391887,0.006176199996843934
7056,22200,432,0.0016073999868240207,0.006241299997782335
7056,22250,432,0.0016108000127132982,0.006010099983541295
7056,22300,432,0.0015743999974802136,0.006239400012418628
7056,22350,452,0.0016900000046007335,0.006087599991587922
7057,21300,196,0.0008024999988265336,0.0038548999873455614
7057,21350,198,0.0007964000105857849,0.0036817000072915107
7057,21400,184,0.0008062999986577779,0.003871900000376627
7057,21450,202,0.0008535000088158995,0.003949200006900355
7057,21500,156,0.000680199998896569,0.003143299982184544
7057,21550,212,0.0008999999845400453,0.003791299997828901
7057,21600,206,0.001039199996739626,0.0038493000029120594
7057,21650,212,0.0009209999989252537,0.0037991000281181186
7057,21700,122,0.0005654999986290932,0.002813300001434982
7080,21300,530,0.0019289999909233302,0.021675600000889972
7084,21300,272,0.001104000024497509,0.004534899984719232
7091,21350,210,0.0008775999885983765,0.003857700008666143
7091,21400,212,0.0009843000152613968,0.00374249997548759
7091,21450,222,0.0009433000232093036,0.003876399976434186
7091,21500,214,0.0008719000034034252,0.0038486999983433634
7091,21550,222,0.0008911000040825456,0.0040314999932888895
7091,21600,198,0.000822000001790002,0.0035106999857816845
7091,21650,220,0.0008820000221021473,0.0039026999729685485
7091,21700,234,0.0009453000093344599,0.004372299998067319
7091,21750,222,0.0008739999902900308,0.004048500006319955
7091,21800,212,0.0008574000094085932,0.003848899999866262
7091,21850,218,0.0008788999984972179,0.003874999994877726
7092,21350,302,0.0011467000003904104,0.004422900005010888
7115,21350,190,0.0007925999816507101,0.0034610000147949904
7115,21400,198,0.0008061999978963286,0.004146599996602163
7115,21450,206,0.00082970000221394,0.0035782000049948692
7115,21500,226,0.000901699997484684,0.0037148999981582165
7115,21550,208,0.0008464000129606575,0.003572899993741885
7115,21600,182,0.0007520999934058636,0.003550800000084564
7115,21650,188,0.0008144000021275133,0.003451700002187863
7115,21700,122,0.0005689999961759895,0.002730999985942617
7115,21750,178,0.0007496000034734607,0.003344099997775629
7115,21800,180,0.0008314000151585788,0.0040129999979399145
7115,21850,200,0.0008317999891005456,0.0034994000161532313
7115,21900,210,0.0008431999885942787,0.003575600014301017
7115,21950,206,0.0008422999817412347,0.0036665000079665333
7115,22000,230,0.0010547999991104007,0.004183600016403943
7115,22050,242,0.0010084999958053231,0.004109200002858415
7122,21350,310,0.0012971000105608255,0.004699899989645928
7125,21400,302,0.0011566000175662339,0.0047011999995447695
7125,21450,274,0.0010747000051196665,0.004348799993749708
7128,21400,316,0.0012420999992173165,0.004722399986349046
7141,21450,130,0.0007474999874830246,0.0034229999873787165
7141,21600,104,0.0005261999904178083,0.0030870999908074737
7141,21650,110,0.0007464000082109123,0.0030166000069584697
7141,21700,120,0.0005665000062435865,0.002807800017762929
7147,21450,394,0.001569200016092509,0.005621299991616979
7150,21450,310,0.0012220999924466014,0.004965300002368167
7150,21500,312,0.0012100999883841723,0.004960699996445328
7150,21550,314,0.0011953999928664416,0.004632000025594607
7150,21600,288,0.001101600006222725,0.004213500011246651
7150,21650,276,0.0010612000187393278,0.004145199985941872
7150,21700,330,0.0012483999889809638,0.004690000001573935
7150,21750,268,0.001052400009939447,0.004116399999475107
7150,21800,288,0.0011004999978467822,0.004319900006521493
7150,21850,362,0.001347100012935698,0.0049919000011868775
7197,21500,184,0.0007570000016130507,0.0034345000167377293
7199,21500,436,0.0016005999932531267,0.006463199999416247
7225,21550,202,0.0009475999977439642,0.004041700012749061
7225,21600,198,0.0008448000007774681,0.003751300013391301
7225,21650,216,0.0009691000159364194,0.003996499988716096
7225,21700,240,0.0010126999986823648,0.004278700012946501
7225,21750,258,0.0010497999901417643,0.004347500012954697
7225,21800,210,0.0008514999935869128,0.003795700002228841
7225,21850,218,0.0009116000146605074,0.0042317000043112785
7225,21900,220,0.0009392000210937113,0.004386899992823601
7225,21950,222,0.000918099976843223,0.004174000001512468
7225,22000,226,0.000990900007309392,0.004273800004739314
7225,22050,230,0.0009738999942783266,0.003968900011386722
7225,22100,256,0.0010233000211883336,0.004610500007402152
7225,22150,274,0.0013953000016044825,0.004616499994881451
7225,22200,260,0.0010489000123925507,0.0042421999969519675
7225,22250,288,0.0010990999871864915,0.004511200007982552
7225,22300,276,0.0011187000200152397,0.004417999996803701
7225,22350,268,0.0010560999799054116,0.00420779999694787
7225,22400,264,0.0010384999914094806,0.004534900013823062
7225,22450,250,0.000981699995463714,0.0041809999966062605
7225,22500,270,0.0010919999913312495,0.004912700009299442
7225,22550,256,0.001033300010021776,0.004541900008916855
7225,22600,256,0.0012805000005755574,0.0042628999799489975
7225,22650,284,0.0011137999827042222,0.004760100011480972
7225,22700,234,0.0009292000031564385,0.004410399997141212
7225,22750,230,0.0009288000001106411,0.003986499999882653
7225,22800,226,0.0009145000076387078,0.0040123999933712184
7225,22850,228,0.0009282999963033944,0.0038628999900538474
7225,22900,246,0.0009652000153437257,0.004079699981957674
7225,22950,242,0.00098230000003241,0.004052699980093166
7225,23000,236,0.0009311999892815948,0.0038388000102713704
7225,23050,244,0.0009427000186406076,0.003916899993782863
7225,23100,114,0.0005404999828897417,0.002714600006584078
7225,23150,114,0.0005432000034488738,0.002735200017923489
7225,23200,220,0.0008913999772630632,0.003729599993675947
7225,23250,230,0.0009303000115323812,0.003793599986238405
7225,23300,234,0.0009270000155083835,0.0040655000193510205
7225,23350,222,0.0009179000044241548,0.0037299999967217445
7225,23400,218,0.0008802999800536782,0.003950700018322095
7225,23450,224,0.0008858999935910106,0.003824800020083785
7225,23500,214,0.0009177000029012561,0.004171000007772818
7225,23550,202,0.0008533000072930008,0.0037523999926634133
7225,23600,254,0.0010134000040125102,0.004075999982887879
7235,21550,1136,0.004295699996873736,0.027976499986834824
7235,21600,1098,0.0039588999934494495,0.025802999996813014
7254,21550,372,0.0014788999978918582,0.005389500001911074
7294,21600,334,0.0013044000079389662,0.005102099996292964
7304,21600,14770,0.04997769999317825,0.16836270000203513
7326,21650,298,0.0012519999872893095,0.004785900004208088
7326,21700,240,0.0009679000067990273,0.004129299981286749
7326,21750,266,0.001045000011799857,0.0043929000094067305
7326,21800,264,0.00107559998286888,0.004459100018721074
7326,21850,268,0.0010405999782960862,0.004324600013205782
7326,21900,258,0.0010083999950438738,0.004249099991284311
7326,21950,278,0.0010745999752543867,0.004426500003319234
7326,22000,288,0.0011038000229746103,0.004467500024475157
7326,22050,286,0.0010926999966613948,0.004636500001652166
7326,22100,310,0.0012026999902445823,0.004726100014522672
7326,22150,268,0.0010334000107832253,0.0043369999912101775
7326,22200,278,0.0010649999894667417,0.004703500017058104
7326,22250,276,0.0010781000019051135,0.004525500000454485
7326,22300,274,0.0011118999973405153,0.004496899986406788
7326,22350,288,0.001113600010285154,0.0046125999942887574
7326,22400,278,0.0010878000175580382,0.004373000003397465
7326,22450,296,0.0011430000013206154,0.004579400003422052
7326,22500,150,0.000678699987474829,0.00308319999021478
7326,22550,138,0.0006173999863676727,0.003002800018293783
7326,22600,306,0.0011668000079225749,0.004600199987180531
7326,22650,314,0.0013060000201221555,0.004670899972552434
7326,22700,330,0.0012341999972704798,0.004860099987126887
7326,22750,278,0.001087299984646961,0.004576600011205301
7326,22800,296,0.0011689999955706298,0.004516799992416054
7326,22850,296,0.036245099996449426,0.005263499973807484
7326,22900,292,0.001170699979411438,0.004577900021104142
7326,22950,274,0.0010862999770324677,0.004415900009917095
7326,23000,310,0.0012288000143598765,0.004596899991156533
7326,23050,326,0.001269900007173419,0.00496779999230057
7326,23100,330,0.0012531999964267015,0.005110500002047047
7326,23150,306,0.0011833999888040125,0.004810000013094395
7326,23200,302,0.0011802999943029135,0.004624799999874085
7326,23250,312,0.0011725999938789755,0.004828300006920472
7326,23300,316,0.001221699989400804,0.004649900016374886
7326,23350,320,0.001208400004543364,0.004876599996350706
7326,23400,298,0.0011728999961633235,0.004511100007221103
7326,23450,308,0.0011669000086840242,0.004540699999779463
7326,23500,306,0.0011506000009831041,0.004646599991247058
7326,23550,290,0.001119799999287352,0.004487199999857694
7326,23600,290,0.0011478000087663531,0.004599899984896183
7326,23650,306,0.0011503999994602054,0.004554599989205599
7326,23700,306,0.0011884999985340983,0.004510900005698204
7326,23750,314,0.0011864000116474926,0.004936499986797571
7326,23800,328,0.001329899998381734,0.005094299995107576
7326,23850,218,0.0009210999996867031,0.003793899988522753
7326,23900,224,0.0010413999843876809,0.0043043000041507185
7326,23950,278,0.0011374000168871135,0.004713700007414445
7326,24000,248,0.0009907000057864934,0.004514999978709966
7326,24050,266,0.0011534999939613044,0.0049356999807059765
7326,24100,280,0.0010856000008061528,0.004546500014839694
7326,24150,264,0.001049399987095967,0.004251700011081994
7326,24200,284,0.0011620000004768372,0.004456299997400492
7326,24250,282,0.0010988999856635928,0.004275700019206852
7326,24300,298,0.0011445000127423555,0.004686800006311387
7326,24350,318,0.0012258999922778457,0.004995700001018122
7326,24400,292,0.0011919999960809946,0.004798799986019731
7326,24450,302,0.0011783999798353761,0.004689099994720891
7326,24500,296,0.0011273999989498407,0.004662699997425079
7326,24550,290,0.0011150999926030636,0.0045205000205896795
7330,21650,1124,0.004186900012427941,0.028170099976705387
7336,21650,14523,0.04903850000118837,0.16430740000214428
7357,21800,122,0.0006412999937310815,0.0030769000004511327
7357,21850,112,0.0005450000171549618,0.0027623999922070652
7357,21900,106,0.0005181000160519034,0.0026100999966729432
7357,21950,106,0.0005173999816179276,0.0025775000103749335
7357,22000,110,0.0005306000239215791,0.0026562999992165715
7357,22100,106,0.0005156999977771193,0.002595500001916662
7357,22250,102,0.0005108999903313816,0.0027442999999038875
7357,22600,102,0.0005258000164758414,0.0026083999837283045
7357,22700,104,0.0005107999895699322,0.00258390000090003
7357,22800,134,0.000613799988059327,0.002892499993322417
7357,23100,104,0.0005112999933771789,0.002529799996409565
7379,21700,198,0.0008065000001806766,0.0036678000178653747
7380,21700,14175,0.08672229998046532,0.1644277999876067
7381,21700,952,0.0034420000156387687,0.025705399981234223
7435,21750,996,0.0035057000059168786,0.02669989998685196
7439,21750,14249,0.0477312000002712,0.15817879998940043
7464,21800,168,0.0007853999850340188,0.0033398999948985875
7464,21850,190,0.0007959000067785382,0.004261399997631088
7464,21900,212,0.0008692999836057425,0.003702799993334338
7464,21950,242,0.0009667999984230846,0.003953300009015948
7464,22000,13971,0.08672609998029657,0.16018690000055358
7464,22050,214,0.0009285999985877424,0.0041680000140331686
7464,22150,234,0.0009600000048521906,0.003995499981101602
7478,21800,1088,0.0037866999919060618,0.02754760000971146
7489,21800,14015,0.049102499993750826,0.15913329998147674
7490,21800,174,0.0008159999852068722,0.0035943000111728907
7490,21850,146,0.0007728000055067241,0.0033215000003110617
7490,21900,136,0.0006220999930519611,0.0028986000106669962
7490,21950,124,0.0005862000107299536,0.002761000010650605
7521,21850,962,0.003335900022648275,0.02477680001175031
7525,21850,14016,0.08524850002140738,0.15347879999899305
7532,21900,940,0.0033814999915193766,0.025886999996146187
7532,21950,920,0.0033220000041183084,0.024805599998217076
7532,22000,416,0.001582199998665601,0.005926799989538267
7532,22050,946,0.003296399983810261,0.024838499986799434
7532,22100,430,0.001643700001295656,0.006222500000149012
7539,21900,216,0.0008798999770078808,0.004117800010135397
7539,21950,214,0.0008985000022221357,0.0037979999906383455
7544,21900,304,0.001180000021122396,0.004528299992671236
7549,21900,140,0.0006369000184349716,0.003322899981867522
7558,21950,364,0.0014080999826546758,0.005299300013575703
7559,21950,13968,0.04709120001643896,0.16246180000598542
7577,22000,310,0.001269900007173419,0.005347199999960139
7578,22000,276,0.0010920999920926988,0.004776600020704791
7636,22050,14125,0.0881844999967143,0.16353609997895546
7641,22050,536,0.002040700026554987,0.02242430002661422
7642,22450,140,0.000760199996875599,0.0032008999842219055
7642,22500,162,0.0007294999959412962,0.0034278999955859035
7642,22550,148,0.0006466000049840659,0.0030801999964751303
7642,22600,184,0.0007791000243742019,0.0037589000130537897
7642,22650,204,0.0008504999859724194,0.004004499991424382
7642,22700,160,0.0006949999951757491,0.0033130999945569783
7642,22750,160,0.0006973000126890838,0.0031300999980885535
7642,22800,154,0.0006608999974559993,0.003599699994083494
7642,22850,154,0.0007169999880716205,0.0033672999998088926
7642,22900,160,0.0007121000089682639,0.0035226999898441136
7642,22950,166,0.0007224000000860542,0.0035047999990638345
7642,23000,166,0.0007244999869726598,0.0038969000161159784
7642,23050,148,0.0006611999997403473,0.0031925000075716525
7642,23100,166,0.0007187999726738781,0.003333500004373491
7642,23150,172,0.0007640999974682927,0.003393899998627603
7642,23200,154,0.0006835000240243971,0.003313599998364225
7642,23250,136,0.000621799990767613,0.002921900013461709
7642,23300,146,0.0006573999999091029,0.0029946999857202172
7642,23350,180,0.0008087999885901809,0.0033702999935485423
7642,23400,190,0.0007965999830048531,0.0035586000012699515
7642,23450,134,0.0006138999888207763,0.0028734000225085765
7642,23500,208,0.0008443999977316707,0.0040074000135064125
7642,23550,110,0.0005396000051405281,0.0027831000043079257
7642,23600,174,0.0007312999805435538,0.0033244999940507114
7642,23650,176,0.0009722999820951372,0.003473800024949014
7642,23700,178,0.0007884000078774989,0.003507699992042035
7642,23750,182,0.0007756999984849244,0.003509200003463775
7642,23800,202,0.0008447000000160187,0.003700000001117587
7642,23850,196,0.0008087999885901809,0.0036659000033978373
7642,23900,180,0.0007455000013578683,0.00345810002181679
7642,23950,170,0.0007785000198055059,0.0033792999747674912
7642,24000,182,0.0008045000140555203,0.003479600010905415
7642,24050,176,0.000823200010927394,0.003343699994729832
7642,24100,208,0.0008536000095773488,0.0036054999800398946
7642,24150,172,0.0007134999905247241,0.0032906000269576907
7642,24200,186,0.0007676999957766384,0.0034219000081066042
7642,24250,186,0.0007719999994151294,0.0034397999988868833
7642,24300,200,0.0009012999944388866,0.004408600012538955
7642,24350,186,0.0008106000022962689,0.003611699998145923
7642,24400,190,0.0008020999957807362,0.0035111000179313123
7642,24450,178,0.0007546000124420971,0.0037130999844521284
7642,24500,158,0.0007125000120140612,0.0031588000128977
7642,24550,196,0.0008080999832600355,0.0035142000124324113
7642,24600,186,0.0007626000151503831,0.0034331000060774386
7642,24650,214,0.0009049999935086817,0.0037560999917332083
7642,24700,210,0.0008437999931629747,0.0037527999957092106
7642,24750,192,0.0007963000098243356,0.003380699985427782
7642,24800,180,0.000754999986384064,0.0034844999900087714
7656,22100,228,0.0008988999761641026,0.003767300018807873
7666,22100,382,0.0014490000030491501,0.005617599992547184
7666,22150,142,0.0006413999944925308,0.0033030000049620867
7666,22200,122,0.0005727999960072339,0.0028098000038880855
7666,22250,130,0.0006251999875530601,0.0028328000043984503
7666,22300,154,0.000680500001180917,0.0031331999925896525
7666,22350,166,0.0007183999987319112,0.003329900006065145
7666,22400,120,0.0005655999993905425,0.0029653000237885863
7666,22450,142,0.0007095000182744116,0.003551600006176159
7666,22500,154,0.0007373999978881329,0.003763399989111349
7666,22550,156,0.0008108000038191676,0.003526100015733391
7666,22600,108,0.0005384999967645854,0.0029109000170137733
7666,22650,148,0.0006563999922946095,0.003200499981176108
7666,22700,132,0.000603899999987334,0.002900799998315051
7666,22750,142,0.0006255000189412385,0.003286499995738268
7666,22800,118,0.000586000009207055,0.002754200017079711
7666,22850,132,0.0006028000207152218,0.002891599986469373
7666,22900,126,0.0005834000185132027,0.002792499988572672
7666,22950,150,0.000673700007610023,0.0033247999963350594
7666,23000,158,0.0006893999816384166,0.003180100000463426
7666,23050,128,0.0005867999861948192,0.0029262000171002
7666,23100,230,0.0009199000196531415,0.003922599978977814
7666,23150,236,0.0009820999985095114,0.004102399980183691
7666,23200,140,0.0006406000175047666,0.0031071000266820192
7666,23250,112,0.0005573999951593578,0.0027216000016778708
7666,23300,122,0.0005690999969374388,0.0027913999801967293
7666,23350,110,0.0005330999847501516,0.0027928000199608505
7666,23400,108,0.0005299999902490526,0.0026498000079300255
7666,23450,124,0.0005763999943155795,0.0028323000005912036
7666,23500,110,0.0005390000005718321,0.002804600022500381
7666,23550,134,0.0006062999891582876,0.0030444000149145722
7666,23600,134,0.0006159000040497631,0.003022899996722117
7666,23650,108,0.0005504000000655651,0.002665700012585148
7666,23700,126,0.0005931999767199159,0.0030836999940220267
7666,23800,164,0.0008018000226002187,0.0038070999726187438
7666,23850,124,0.0006877000269014388,0.003007499995874241
7666,23900,120,0.0005791000148747116,0.0027487999759614468
7666,23950,106,0.0005172000091988593,0.0025769000058062375
7666,24000,124,0.0005681999900843948,0.002758899994660169
7666,24050,106,0.0005247000080998987,0.002568500000052154
7666,24100,150,0.0006522000185213983,0.00306239997735247
7666,24150,130,0.0005881999968551099,0.0028329000051598996
7666,24200,126,0.0005824999825563282,0.0028279999969527125
7666,24300,106,0.000518000015290454,0.0025557999906595796
7666,24350,132,0.0006068999937269837,0.0030759000219404697
7666,24400,136,0.0006084000051487237,0.0028877999866381288
7666,24450,120,0.0005549000052269548,0.0027187000086996704
7666,24500,126,0.0005816000048071146,0.0027882000140380114
7666,24550,106,0.0005186999915167689,0.0026335000002291054
7666,24600,136,0.0006216000183485448,0.0030873999930918217
7666,24650,120,0.0005649999948218465,0.0027345999842509627
7666,24700,132,0.000603599997702986,0.0028307999891694635
7666,24750,156,0.0006823000148870051,0.0031226999999489635
7666,24800,136,0.0006212999869603664,0.002926500019384548
7666,24850,130,0.0005909999890718609,0.0028165999974589795
7666,24950,120,0.0005674999847542495,0.002682299993466586
7666,25000,138,0.0006186000246088952,0.0028648000152315944
7666,25050,120,0.0005518000107258558,0.002905300003476441
7666,25100,142,0.0006408999906852841,0.0029966000001877546
7666,25150,138,0.0006211000145412982,0.0028840999875683337
7666,25200,126,0.000580100022489205,0.0027808999875560403
7666,25250,118,0.0005535999953281134,0.0026824999949894845
7666,25300,134,0.0006068999937269837,0.002845000009983778
7666,25350,148,0.0006553000130224973,0.003128399985143915
7666,25400,124,0.0005917999951634556,0.0027520000003278255
7666,25450,108,0.0005271999980323017,0.002590399992186576
7666,25500,110,0.0005500999977812171,0.0026689000078476965
7666,25550,108,0.0005284000071696937,0.002680299978237599
7666,25600,120,0.0005621000018436462,0.002699899981962517
7666,25650,120,0.0005662000039592385,0.002730399981373921
7666,25700,108,0.0005277000018395483,0.00255129998549819
7666,25800,136,0.0007004000071901828,0.003146399976685643
7666,25850,124,0.0006295000202953815,0.0028778999985661358
7666,25950,156,0.0006885000038892031,0.003500599996186793
7666,26000,136,0.0006156000017654151,0.0032306000066455454
7666,26100,124,0.0006054000114090741,0.0028325000021141022
7666,26200,126,0.0005921000265516341,0.002888000017264858
7666,26300,124,0.0005834000185132027,0.0028520000050775707
7666,26350,152,0.0006671999872196466,0.0031607999990228564
7666,26400,120,0.0005747999821323901,0.002809700003126636
7666,26450,136,0.00060299999313429,0.002882900007534772
7666,26500,106,0.0005144999886397272,0.002730200008954853
7666,26550,138,0.0007975999906193465,0.0030137000139802694
7666,26600,136,0.0006442000158131123,0.002990399982081726
7666,26650,146,0.0006506999779958278,0.0032033000024966896
7666,26700,122,0.0005713999853469431,0.0027771000168286264
7666,26750,150,0.0006573999999091029,0.003102599992416799
7666,26800,114,0.0006377999961841851,0.002782299998216331
7666,26850,166,0.0007117000059224665,0.0033267999824602157
7666,26900,174,0.0007312999805435538,0.004921500018099323
7666,26950,150,0.0006853999802842736,0.003036600013729185
7666,27000,120,0.0005576999974437058,0.003098899993347004
7666,27050,108,0.0005204000044614077,0.0026724999770522118
7666,27100,120,0.0005773000011686236,0.002796600019792095
7666,27150,106,0.0005242999759502709,0.0026811000134330243
7666,27250,122,0.0005687999946530908,0.0027329000004101545
7666,27300,120,0.000589400005992502,0.002882999979192391
7666,27350,134,0.000604200002271682,0.0029796999879181385
7666,27400,104,0.000543999980436638,0.002729600004386157
7666,27450,124,0.0005808999994769692,0.002794900006847456
7666,27500,120,0.0005711000121664256,0.0035103000118397176
7666,27550,112,0.0005398000066634268,0.0028848999936599284
7666,27600,150,0.0006435999821405858,0.0031644999980926514
7667,22100,276,0.0010695999953895807,0.004550099984044209
7675,22150,882,0.0033657999883871526,0.02669120000791736
7679,22150,234,0.0010080999927595258,0.0044203999859746546
7682,22150,384,0.0014872000028844923,0.005447300005471334
7697,22200,104,0.0005608000210486352,0.002775299974018708
7697,22250,104,0.0005673000123351812,0.0027633999998215586
7697,22300,104,0.0005816999764647335,0.0026550000184215605
7697,22350,120,0.0005589000065810978,0.0028002999897580594
7698,22200,162,0.0007037999748717993,0.0031976000173017383
7698,22250,146,0.0006379999977070838,0.0032447999983560294
7698,22300,132,0.0006044000037945807,0.0030137999856378883
7698,22350,134,0.0006263000250328332,0.002903499989770353
7698,22400,158,0.00067559999297373,0.0032072000030893832
7698,22450,146,0.0006366999878082424,0.002973399998154491
7706,22200,394,0.001591100008226931,0.005470299976877868
7715,22200,228,0.0009183000074699521,0.0038260000001173466
7732,22250,110,0.0005267999949865043,0.0026412000006530434
7733,22250,138,0.0007163000118453056,0.00304909999249503
7733,22350,106,0.0005689999961759895,0.002681399986613542
7733,22400,106,0.0005225000204518437,0.002550699980929494
7733,22550,102,0.0005012999754399061,0.002563200017903
7733,22800,104,0.000519599998369813,0.0026713999977800995
7733,22850,104,0.000520200002938509,0.00253499997779727
7733,23000,108,0.0005197999998927116,0.0026212999946437776
7733,23150,102,0.0005035999929532409,0.0026027999992948025
7734,22250,166,0.000731500011170283,0.0032298000005539507
7734,22300,170,0.0007519999926444143,0.003647600009571761
7739,22250,316,0.001248300017323345,0.004792099993210286
7740,22250,14340,0.04832209998858161,0.16559389999019913
7747,22300,304,0.0012805000005755574,0.005447000003186986
7755,22350,13518,0.09138989998609759,0.15279970000847243
7756,22350,1112,0.003922900010365993,0.026299099990865216
7762,22400,318,0.0013633000198751688,0.004956399992806837
7762,22450,272,0.0010673000069800764,0.006175399990752339
7765,22400,154,0.0006766000005882233,0.0032304000051226467
7765,22450,154,0.0006603999936487526,0.0032189000048674643
7765,22500,156,0.0007115000043995678,0.003854199982015416
7765,22550,172,0.0007877000025473535,0.004148800013354048
7765,22600,150,0.0007366999925579876,0.003326700010802597
7765,22650,160,0.0007397999870590866,0.0035078999935649335
7765,22700,150,0.0006628000119235367,0.0033168999943882227
7765,22750,166,0.0007729000062681735,0.003451399999903515
7765,22800,140,0.0007044000085443258,0.0032076000061351806
7765,22850,146,0.000693799986038357,0.003216000011889264
7765,22900,130,0.0006234000029508024,0.0029762999911326915
7828,22500,104,0.000509100005729124,0.002737000002525747
7829,22500,308,0.0011905999854207039,0.004976399999577552
7830,22500,1164,0.004136000003200024,0.028709800011711195
7830,22550,1150,0.004470700019737706,0.027589400007855147
7831,22500,13762,0.04758279997622594,0.1519595000136178
7831,22550,13816,0.08649180000065826,0.1584183000086341
7849,22550,304,0.0012499000004027039,0.004968499997630715
7894,22600,304,0.001171700016129762,0.004905899986624718
7895,22600,778,0.0027120999875478446,0.023217400012072176
7896,22600,266,0.0011626000050455332,0.00434549999772571
7917,22650,148,0.0006895000115036964,0.003045099991140887
7917,22700,166,0.0007170999888330698,0.003279099997598678
7917,22750,156,0.0006744000129401684,0.0031765000021550804
7920,22650,138,0.0006774999783374369,0.0030343000253196806
7920,22700,138,0.0006385000015143305,0.002937600016593933
7920,22750,140,0.0006215999892447144,0.002914800017606467
7923,22650,1116,0.004039599996758625,0.02578860000357963
7955,22700,1096,0.004023899993626401,0.02566600000136532
7955,22750,1084,0.004511299979640171,0.029690299998037517
8055,22800,146,0.0008545999880880117,0.003384300012839958
8058,22800,13546,0.04605710000032559,0.1494230999960564
8060,22850,140,0.0008960000122897327,0.003538799996022135
8064,23150,108,0.0005425999988801777,0.0028568999841809273
8064,23850,302,0.0012322999828029424,0.004800800001248717
8064,24750,120,0.0005841999955009669,0.003201599989552051
8103,22850,1118,0.003996400017058477,0.026812899974174798
8103,22900,1068,0.004127399995923042,0.036331100011011586
8105,22850,13362,0.09171159999095835,0.14939479998429306
8144,22950,112,0.0006419999990612268,0.002907100017182529
8145,22900,114,0.0005593000096268952,0.0027771000168286264
8145,22950,128,0.0006732000038027763,0.0029264999902807176
8146,22900,13513,0.045940800016978756,0.1541379000118468
8191,22950,140,0.002129800006514415,0.003667099983431399
8202,23000,128,0.0006073999975342304,0.0030160000023897737
8203,23000,104,0.0005060999828856438,0.0026291999965906143
8228,23000,142,0.000655200012261048,0.0030001000268384814
8228,23050,144,0.0006512999825645238,0.002987299987580627
8228,23100,156,0.0007133000181056559,0.003119500004686415
8228,23150,158,0.0006777999806217849,0.0031561999931000173
8235,23000,1038,0.0036208000092301518,0.026350599975557998
8242,23000,114,0.0006224999960977584,0.002900099992984906
8281,23050,252,0.0010437000019010156,0.004055299999890849
8281,23100,132,0.0006861000147182494,0.003125899995211512
8305,23100,1006,0.003628800011938438,0.02496209999662824
8328,23100,206,0.0009458999847993255,0.0037278000090736896
8352,23150,224,0.0009187999821733683,0.003655900014564395
8380,23200,120,0.0005643999902531505,0.0027197999879717827
8381,23250,120,0.0005620000010821968,0.003101399983279407
8381,23300,118,0.0005708000098820776,0.0028264000138733536
8381,23350,114,0.0005572000227402896,0.0027544000186026096
8381,23400,106,0.000514900020789355,0.0026251999952364713
8381,23450,110,0.0005405000119935721,0.002587299997685477
8381,23750,106,0.0006184999947436154,0.0027083999884780496
8381,23800,126,0.0005915999936405569,0.0028620999946724623
8381,23850,102,0.0005028000159654766,0.002615699981106445
8381,23950,106,0.0005328000115696341,0.0027595999999903142
8381,24200,108,0.0005688000237569213,0.002826999989338219
8381,24300,104,0.0005494000215549022,0.0026461999805178493
8381,24350,106,0.0005578999989666045,0.0026985000004060566
8381,24450,104,0.000522000016644597,0.0026264000043738633
8381,24500,108,0.0005430000019259751,0.0028559000056702644
8381,24550,104,0.0005223999905865639,0.0027676000026986003
8381,24800,106,0.0005319999763742089,0.0028235000208951533
8381,24900,106,0.000592500000493601,0.0025975000171456486
8381,24950,102,0.0005234999989625067,0.0026956000074278563
8381,25000,112,0.0005513000069186091,0.0027599000022746623
8381,25050,102,0.0005167000053916126,0.002536299987696111
8381,25100,110,0.0005282999773044139,0.002634000004036352
8381,25150,110,0.0005591000081039965,0.002614299999549985
8381,25200,102,0.0005058000097051263,0.0025338999985251576
8381,25250,104,0.0005088000034447759,0.0026885000115726143
8381,25300,132,0.000597400008700788,0.002866500028176233
8381,25400,102,0.0005048000020906329,0.0025319000124000013
8381,25500,112,0.0005524999869521707,0.002845300012268126
8381,25550,120,0.0005718000174965709,0.002779899979941547
8381,25650,120,0.0005574999959208071,0.0027857999957632273
8381,25700,116,0.0005573999951593578,0.0026820000202860683
8381,25750,102,0.0005458999949041754,0.002525699994293973
8381,25800,108,0.0005612000240944326,0.0025999000063166022
8381,25900,120,0.0005548999761231244,0.0029728000226896256
8381,26150,142,0.0006273000035434961,0.0029998999962117523
8381,26200,108,0.0005533999938052148,0.0026036000053863972
8381,26300,128,0.0005804999964311719,0.0027788000006694347
8381,26350,120,0.0005652999971061945,0.0029155999945942312
8381,26400,116,0.0006336999940685928,0.0050657000101637095
8381,26450,122,0.0007146999996621162,0.0031664999842178077
8381,26500,118,0.000603299995418638,0.003329600003780797
8381,26600,138,0.0007145999989006668,0.0035847999970428646
8381,26750,154,0.000742900010664016,0.003437999985180795
8381,26800,106,0.0005966000026091933,0.0029931000026408583
8381,26850,128,0.000606699992204085,0.002960900019388646
8381,27000,106,0.0005254000134300441,0.0027285999967716634
8381,27050,120,0.0005954999942332506,0.002842599991708994
8381,27100,106,0.0005332000146154314,0.002754800021648407
8381,27150,124,0.0006340999971143901,0.0027993999829050153
8381,27200,114,0.0005457999941427261,0.0027632999990601093
8381,27250,112,0.00064900002325885,0.0027723999810405076
8381,27300,106,0.0005277000018395483,0.002617399994051084
8381,27350,116,0.0005597000126726925,0.002705699997022748
8381,27400,118,0.0005581000004895031,0.0026794000004883856
8381,27450,106,0.00051710000843741,0.0030107999918982387
8381,27550,116,0.0005578999989666045,0.002751599997282028
8381,27600,118,0.000589100003708154,0.00277799999457784
8381,27700,106,0.000520500005222857,0.002564199996413663
8381,27750,124,0.0005660000024363399,0.002773099986370653
8381,27800,108,0.0005749999836552888,0.0026165000163018703
8381,27850,108,0.0005219000158831477,0.002608899987535551
8381,28100,106,0.0005345999961718917,0.0025523000222165138
8381,28150,102,0.0005050000036135316,0.0025419000012334436
8381,28200,110,0.0005252000119071454,0.0026553999923635274
8381,28250,106,0.0005331000138539821,0.0025658999802544713
8381,28300,118,0.0005696000007446855,0.0027686999819707125
8381,28350,116,0.0005614000256173313,0.00266239998745732
8381,28400,132,0.0005994999955873936,0.0028808999923057854
8381,28450,132,0.0006028999923728406,0.0032091999892145395
8381,28500,108,0.0005271999980323017,0.0025997000047937036
8381,28550,108,0.000522000016644597,0.002593499986687675
8381,28600,102,0.0005070999905001372,0.0025470000109635293
8381,28650,106,0.0005153999954927713,0.0026717000000644475
8381,28700,128,0.000594000011915341,0.0029741000034846365
8381,28750,124,0.0005749000119976699,0.0029474000039044768
8381,28800,102,0.0005332000146154314,0.0025991000002250075
8381,28850,104,0.000523299997439608,0.0026846999826375395
8381,28900,120,0.0006235000037122518,0.0031620999798178673
8381,29000,120,0.000618099991697818,0.0028098000038880855
8381,29050,108,0.0005270999972708523,0.002605499990750104
8381,29250,108,0.0005572999943979084,0.0026971999905072153
8381,29300,106,0.0005243000050541013,0.0025357999838888645
8381,29350,138,0.0007298999989870936,0.003136699990136549
8381,29400,136,0.0007062999939080328,0.0028968999977223575
8381,29450,162,0.0007051999855320901,0.003278400021372363
8381,29500,120,0.0005536999960895628,0.0027373999764677137
8381,29550,158,0.0008023999980650842,0.003195099998265505
8381,29600,114,0.000544299982720986,0.0027840000111609697
8381,29700,108,0.0005175999831408262,0.0026784000219777226
8381,29800,110,0.0005241000035312027,0.0026076000067405403
8381,29900,108,0.000529499986441806,0.002679800003534183
8381,29950,122,0.0005631000094581395,0.0027754000038839877
8381,30000,106,0.0005157999985385686,0.0025676999939605594
8381,30050,120,0.0005729000258725137,0.002716700022574514
8381,30100,112,0.000529499986441806,0.0026591999921947718
8381,30150,112,0.000528500007931143,0.0027372999757062644
8381,30200,114,0.0005249000096227974,0.002757499983999878
8381,30300,174,0.0008272999839391559,0.0032577000092715025
8381,30400,108,0.0005144000169821084,0.00291579999611713
8381,30500,128,0.000603599997702986,0.003194599994458258
8381,30550,112,0.0005328000115696341,0.002803299983497709
8381,30600,118,0.0006847000040579587,0.0029501999961212277
8381,30650,122,0.0005633000109810382,0.003046900004846975
8381,30700,110,0.0005482000124175102,0.002686599997105077
8381,30900,106,0.0005289999826345593,0.002595300000393763
8381,30950,106,0.0005144999886397272,0.0026493000041227788
8381,31000,112,0.000537499989150092,0.002633700001752004
8381,31050,112,0.0005238999729044735,0.0027264000091236085
8381,31100,128,0.0005828999856021255,0.0032918000069912523
8381,31150,106,0.000510000012582168,0.002721799974096939
8381,31200,106,0.0005328000115696341,0.0027882999856956303
8381,31250,120,0.0005919999966863543,0.002741400006925687
8381,31300,122,0.0005567000189330429,0.002796499989926815
8381,31350,104,0.0007284999883268028,0.0025344000023324043
8381,31400,106,0.0005078999965917319,0.0025730000052135438
8381,31500,120,0.0005784000095445663,0.002806300006341189
8381,31600,104,0.000527900003362447,0.002617399994051084
8381,31650,134,0.0006098999874666333,0.0033319999929517508
8381,31700,134,0.0006152999994810671,0.002951500006020069
8381,31900,130,0.0006263999966904521,0.0027938999992329627
8381,31950,132,0.0006336999940685928,0.002918200014391914
8381,32050,140,0.0006151999987196177,0.0031373999954666942
8381,32150,102,0.0005049000028520823,0.002967100008390844
8381,32300,120,0.0005697000015061349,0.002835499995853752
8381,32350,128,0.0005889000021852553,0.0031792999943718314
8381,32400,118,0.0005608999927062541,0.0032066999992821366
8381,32500,140,0.000673700007610023,0.0038952000031713396
8381,32550,124,0.0006483999895863235,0.0035601000126916915
8381,32600,124,0.0007060999923851341,0.0032253999961540103
8381,32650,106,0.0005717999883927405,0.0032851000141818076
8381,32700,128,0.0006073999975342304,0.0038040000072214752
8381,32850,124,0.0005893999768886715,0.0032770000107120723
8381,32900,126,0.0006750999891664833,0.003304699988802895
8381,32950,130,0.0006717999931424856,0.003162800014251843
8381,33000,136,0.0006185999955050647,0.0030436999804805964
8381,33050,118,0.0005605999904219061,0.002885399997467175
8381,33100,140,0.0006199000054039061,0.0030375999922398478
8381,33150,114,0.0005589000065810978,0.003028400009498
8381,33200,148,0.0007035000016912818,0.003983100003097206
8381,33250,116,0.0005988999910186976,0.00329510000301525
8381,33350,122,0.0006146000232547522,0.002942599996458739
8381,33400,104,0.0005135000101290643,0.00261799999861978
8381,33450,122,0.0005691999976988882,0.002785699995001778
8381,33500,108,0.000534999999217689,0.0026267999783158302
8381,33650,110,0.0005290999833960086,0.0026257999998051673
8381,33700,108,0.0005231999966781586,0.0025781999866012484
8381,33750,106,0.0005098000110592693,0.0025495000008959323
8381,33800,118,0.0005455999926198274,0.002679500001249835
8381,33850,108,0.0005219000158831477,0.002550999983213842
8381,33900,104,0.0005185999907553196,0.002533199993195012
8381,33950,106,0.0005059999821241945,0.0025280000118073076
8381,34000,106,0.0005110999918542802,0.0025505000085104257
8381,34050,104,0.0005030999891459942,0.0025062999920919538
8381,34100,118,0.0005533999938052148,0.00265650000073947
8381,34150,106,0.0005074000218883157,0.0025422999751754105
8381,34200,120,0.0005559000128414482,0.002678200020454824
8381,34300,120,0.00055849997443147,0.002711500012082979
8381,34350,116,0.0005391000013332814,0.002676700009033084
8381,34400,114,0.0005407000135164708,0.002699099975870922
8381,34450,110,0.0005216000135987997,0.002583299996331334
8381,34500,120,0.0005529999907594174,0.002706300001591444
8381,34550,108,0.0005251999828033149,0.002617000020109117
8381,34650,128,0.0005882999976165593,0.002826699987053871
8381,34700,130,0.0005969000048935413,0.0028058000025339425
8381,34750,124,0.0005755999882239848,0.00273060001200065
8381,34800,120,0.0005562999867834151,0.002691800007596612
8381,34850,120,0.0005593000096268952,0.00279279999085702
8381,34900,124,0.0005864999839104712,0.0027830000035464764
8381,34950,118,0.0005577999982051551,0.002681999991182238
8381,35000,138,0.0006543000054080039,0.0030331999878399074
8381,35200,102,0.0005191999953240156,0.0027833000058308244
8381,35250,118,0.0005568999913521111,0.0033109000069089234
8381,35300,116,0.0005705000075977296,0.002740099997026846
8381,35350,124,0.0005815000040456653,0.0029436000040732324
8381,35400,148,0.0006564999930560589,0.00328169998829253
8381,35450,130,0.0006041000015102327,0.0031370999931823462
8381,35500,140,0.0006711999885737896,0.003115400002570823
8381,35550,122,0.000598999991780147,0.003000400000018999
8381,35600,134,0.000606699992204085,0.003107700002146885
8381,35650,122,0.000593100005062297,0.002907400019466877
8381,35700,122,0.0005649999948218465,0.003040600015083328
8402,23200,918,0.0032896999910008162,0.026198699983069673
8406,23200,142,0.0007097999914549291,0.0032325999927707016
8407,23200,244,0.000982600002316758,0.004274200007785112
8408,23250,220,0.0009618999902158976,0.0038637000252492726
8408,23300,230,0.0009103000047616661,0.004211999999824911
8408,23350,206,0.000833700003568083,0.003921299998182803
8408,23400,238,0.0009279999940190464,0.004077099991263822
8408,23450,192,0.0007776000129524618,0.0036979999858886003
8408,23500,208,0.0008604000031482428,0.003669800003990531
8408,23550,194,0.0008074000070337206,0.003573800000594929
8408,23600,238,0.0009522000036668032,0.0038815000152681023
8408,23650,224,0.0009042999881785363,0.003946000011637807
8408,23700,232,0.0009310999885201454,0.003789200010942295
8408,23750,232,0.0009082000178750604,0.003730899974470958
8408,23800,226,0.0008916999795474112,0.003714999998919666
8421,23250,252,0.001350200007436797,0.004067100002430379
8441,23300,274,0.0010694999946281314,0.0041600000113248825
8441,23350,236,0.0009465999901294708,0.004089699999894947
8441,23400,250,0.001059200003510341,0.004114099981961772
8441,23450,254,0.0009839999838732183,0.004121700010728091
8441,23500,216,0.0008513999928254634,0.004104799998458475
8441,23550,232,0.001101900008507073,0.004034699988551438
8441,23600,256,0.0010102000087499619,0.00407150000683032
8441,23650,240,0.0009367000020574778,0.003968599979998544
8441,23700,234,0.0010209000029135495,0.0046150000125635415
8441,23750,244,0.0009436999971512705,0.003981600020779297
8441,23800,214,0.0008545999880880117,0.0038388000102713704
8441,23900,294,0.0011518000101204962,0.004709399974672124
8441,23950,234,0.0009334000060334802,0.003893499990226701
8441,24000,206,0.0008644000045023859,0.0038905999972485006
8441,24050,216,0.0008885999850463122,0.003881700016791001
8441,24100,222,0.0008817999914754182,0.0041877999901771545
8441,24150,218,0.0008593999955337495,0.003984199982369319
8441,24200,236,0.0009429999918211251,0.0040290000033564866
8441,24250,258,0.0010207000013906509,0.004201500007184222
8441,24300,236,0.0009320999961346388,0.003928599995560944
8441,24350,240,0.0009428999910596758,0.0039841000107117
8443,23300,796,0.0028236999933142215,0.024054400011664256
8475,23550,13346,0.0849778999981936,0.1539512999879662
8475,23600,13429,0.04550130001734942,0.14853239999501966
8475,23750,13558,0.08563990000402555,0.14961679998668842
8475,23800,13534,0.04599640000378713,0.15515880001476035
8475,23900,13372,0.04621860000770539,0.14831090002553537
8475,23950,13371,0.0844537999946624,0.15471090000937693
8483,23650,258,0.001178200007416308,0.005026400001952425
8519,23700,242,0.0013422999763861299,0.004739399999380112
8519,23750,184,0.0007839000027161092,0.0038557999941986054
8519,23800,176,0.0008963000145740807,0.003426100010983646
8519,23850,204,0.0008625000191386789,0.003989499993622303
8519,23900,216,0.0008768999832682312,0.004224500007694587
8519,23950,232,0.0009619999909773469,0.004110999987460673
8519,24000,210,0.0008606000046711415,0.0039031000051181763
8519,24050,230,0.0009361999982502311,0.004191599990008399
8519,24100,226,0.000918399979127571,0.003997699997853488
8519,24150,234,0.0010745000035967678,0.004106200009118766
8519,24200,212,0.0008548999903723598,0.004055600002175197
8519,24250,224,0.0009092999971471727,0.003949500009184703
8519,24300,216,0.0008801000076346099,0.003789800015510991
8519,24350,212,0.0008640000014565885,0.003946199984056875
8528,23850,238,0.000977699994109571,0.00394249998498708
8540,23900,216,0.0008661999891046435,0.003713299985975027
8544,24400,106,0.000533799990080297,0.0026021999947261065
8545,23950,148,0.0007954000029712915,0.0036619000020436943
8545,24000,134,0.000665400002617389,0.003167499991832301
8545,24050,124,0.0005952999927103519,0.0030264999950304627
8545,24100,124,0.0006199000054039061,0.0029212000081315637
8545,24150,128,0.0006046000053174794,0.0031933000136632472
8545,24200,146,0.0007136999920476228,0.0031595999898854643
8545,24250,152,0.0006596000166609883,0.00322250000317581
8545,24300,170,0.000734600005671382,0.0035746999783441424
8545,24450,154,0.0006821000133641064,0.0031823999888729304
8545,24500,142,0.0006304999988060445,0.00296770001295954
8545,24550,142,0.0006262999959290028,0.002965299994684756
8545,24600,138,0.000618099991697818,0.002862299996195361
8545,24650,154,0.0006573999999091029,0.003117500018561259
8545,24700,164,0.0007012000132817775,0.0032116999791469425
8545,24750,110,0.0005286000086925924,0.0026373000000603497
8545,24800,148,0.0006482000171672553,0.003100400004768744
8545,24850,150,0.0006471999804489315,0.0030442000133916736
8545,24900,150,0.0006558999884873629,0.0030313000024762005
8545,24950,138,0.0006195000023581088,0.002877000020816922
8548,24000,13275,0.045028699998511,0.1474216000060551
8548,24050,13207,0.0859719000000041,0.15270849998341873
8554,24100,13176,0.04595770000014454,0.14622580001014285
8557,24150,13327,0.08291569998255,0.1504177000024356
8557,24200,13422,0.04556709999451414,0.15377150001586415
8567,24250,13309,0.04607199999736622,0.14722149999579415
8576,24300,13179,0.08148110000183806,0.15010690002236515
8612,24350,134,0.000700299977324903,0.004923500004224479
8631,24400,182,0.000888400012627244,0.0036085000028833747
8631,24450,172,0.0007807000074535608,0.003636399982497096
8631,24500,196,0.0008701999904587865,0.0037683999980799854
8631,24550,178,0.0008030000026337802,0.0036933999799657613
8631,24600,196,0.0008669999951962382,0.0036201000039000064
8631,24650,190,0.0007927999831736088,0.0040868000069167465
8631,24700,190,0.0007949999999254942,0.0036308999988250434
8631,24750,234,0.0009430000209249556,0.00400619997526519
8631,24800,190,0.000773499981733039,0.0037105999945197254
8631,24850,214,0.0009008000197354704,0.003823199978796765
8631,24900,200,0.0008067000017035753,0.0037697000079788268
8631,24950,196,0.0008380000072065741,0.0036177000147290528
8631,25000,194,0.0007986999989952892,0.00355140000465326
8631,25050,222,0.0008977999968919903,0.004028299998026341
8631,25100,238,0.0009565000073052943,0.004067499976372346
8631,25150,226,0.0011514000070746988,0.004099000012502074
8631,25200,238,0.000953300012042746,0.003942299983464181
8631,25250,244,0.000983500009169802,0.004094999982044101
8631,25300,204,0.0008164999890141189,0.0036971000081393868
8631,25350,232,0.000972400011960417,0.004277900006854907
8631,25400,204,0.0008414000039920211,0.003961000009439886
8631,25450,226,0.000973699992755428,0.004006900009699166
8631,25500,228,0.0009189000120386481,0.003958799992688
8631,25550,242,0.0009695000189822167,0.0043187999981455505
8631,25600,246,0.0010092000011354685,0.004186600010143593
8631,25650,272,0.0011377999908290803,0.00481969999964349
8631,25700,228,0.0009178000036627054,0.0039690999838057905
8631,25750,256,0.001212700008181855,0.00442260000272654
8631,25800,256,0.0010140000085812062,0.004411999980220571
8631,25850,252,0.0009913000103551894,0.0041856000025291
8631,25900,248,0.001106500014429912,0.0044172999914735556
8631,25950,244,0.0009783999994397163,0.004154099995503202
8631,26000,244,0.0009599000040907413,0.003964400006225333
8631,26050,252,0.000982900004601106,0.00402399999438785
8631,26100,268,0.0010664000001270324,0.0041763999906834215
8631,26150,162,0.0007029999978840351,0.0034371000074315816
8631,26200,212,0.000849799980642274,0.0038554000202566385
8631,26250,216,0.0008609000069554895,0.0037554999871645123
8631,26300,252,0.0009717000066302717,0.004151600005570799
8631,26350,206,0.0008697999874129891,0.0036493000225163996
8631,26400,166,0.0007059000199660659,0.003243799990741536
8631,26450,176,0.0007492999720852822,0.003363399999216199
8631,26500,206,0.0008379999781027436,0.0038742000178899616
8631,26550,244,0.0009621999925002456,0.0041745000053197145
8631,26600,244,0.0009624000231269747,0.003951899998355657
8631,26650,252,0.0009968999947886914,0.004761599993798882
8631,26700,228,0.0009103000047616661,0.0039050999912433326
8631,26750,240,0.0009890000219456851,0.004010299977380782
8631,26800,236,0.0009551999974064529,0.003929400001652539
8631,26850,230,0.0009099000017158687,0.0037592000153381377
8631,26900,256,0.0010169000015594065,0.0040129999979399145
8631,26950,234,0.0009433999948669225,0.004279300017515197
8631,27000,224,0.0009094999986700714,0.0037232000031508505
8631,27050,230,0.0009729000157676637,0.003790999995544553
8631,27100,208,0.0008439999946858734,0.004164200014201924
8631,27150,198,0.0008477999945171177,0.003485799999907613
8631,27200,208,0.0008437000215053558,0.0038158999814186245
8631,27250,208,0.000834399979794398,0.0038607000024057925
8631,27300,230,0.0008981999999377877,0.0038305000052787364
8631,27350,220,0.0008869999728631228,0.003671900019980967
8631,27400,228,0.0009005999891087413,0.0038804000068921596
8631,27450,230,0.0008945000008679926,0.003792000003159046
8631,27500,210,0.0008574000094085932,0.0037240000092424452
8632,24400,13164,0.04832129998249002,0.15163559999200515
8730,24850,168,0.000892100011697039,0.003516600001603365
8730,24900,184,0.0007937000191304833,0.003478200000245124
8730,25050,150,0.0006692000024486333,0.0030999000009614974
8730,25100,160,0.0006988999957684427,0.003143799985991791
8730,25150,182,0.0007589000160805881,0.003407799988053739
8730,25200,154,0.000659200013615191,0.0030764999974053353
8730,25250,170,0.0007170999888330698,0.003340299997944385
8730,25300,164,0.0007243000145535916,0.0032624999876134098
8730,25350,174,0.000738000002456829,0.003268100001150742
8730,25400,162,0.0007251000206451863,0.0031589999853167683
8730,25450,138,0.0006294999911915511,0.0029292000108398497
8730,25600,174,0.000738600007025525,0.003399100009119138
8730,25650,200,0.0008144000021275133,0.0035812999994959682
8730,25700,158,0.0006870000215712935,0.0032612999784760177
8730,25750,168,0.0007149000011850148,0.0033721000072546303
8730,25800,160,0.0006920000014360994,0.0033087999909184873
8730,25850,154,0.0007132999890018255,0.0032979999959934503
8730,25900,170,0.0007519999926444143,0.0036262000212445855
8730,25950,172,0.0007473999867215753,0.0034320999984629452
8730,26000,198,0.0008111999777611345,0.003774400014663115
8730,26050,178,0.0007943999953567982,0.004408499982673675
8730,26100,176,0.0008394000178668648,0.004137600015383214
8730,26150,168,0.000838699983432889,0.0035165000008419156
8730,26200,176,0.0007660000119358301,0.00370850000763312
8730,26250,188,0.0007978000212460756,0.003528999979607761
8730,26300,202,0.0008440999954473227,0.003559000004315749
8738,25450,12717,0.08147889998508617,0.14238410000689328
8738,26000,12419,0.04199999998672865,0.14125449999119155
8739,25000,234,0.0011420999944675714,0.00427450001006946
8742,25050,228,0.000981099990895018,0.003973600018071011
8743,25100,108,0.0005448000156320632,0.00271279999287799
8743,25150,102,0.0005114999949000776,0.0027694999880623072
8745,25100,132,0.0005993999948259443,0.0029276999994181097
8746,25150,228,0.0009610999841243029,0.003816500015091151
8749,25200,136,0.0006254999898374081,0.00295279998681508
8749,25250,180,0.0007617000082973391,0.00376029999461025
8749,25300,192,0.0008194000110961497,0.0035205000021960586
8749,25350,164,0.0007093999884091318,0.0033900999987963587
8749,25400,198,0.0008521999989170581,0.004034799989312887
8749,25450,178,0.0007610999746248126,0.0035296000132802874
8749,25500,186,0.0007674999942537397,0.003378800000064075
8749,25550,140,0.0006290000164881349,0.002918099984526634
8749,25600,184,0.000777199980802834,0.003586400009226054
8749,25650,152,0.0007298999989870936,0.0032601999992039055
8749,25700,170,0.0007070999999996275,0.003274700022302568
8749,25750,178,0.0007626000151503831,0.0035171999770682305
8749,25800,192,0.0008131999929901212,0.0037406999908853322
8749,25850,172,0.0007293999951798469,0.0032921000092756003
8749,25900,170,0.0007205000147223473,0.0035352999984752387
8749,25950,182,0.0007613000052515417,0.0033881999843288213
8749,26000,182,0.0008200999873224646,0.003653499996289611
8749,26050,188,0.000769499980378896,0.003678100008983165
8749,26100,182,0.000763599993661046,0.003444000001763925
8749,26150,172,0.0007215999939944595,0.003792300005443394
8749,26200,160,0.0007004999788478017,0.0031814000103622675
8749,26250,158,0.0006857000116724521,0.004863199981627986
8749,26300,196,0.0008120999846141785,0.003781200008234009
8749,26350,202,0.0008170999935828149,0.0036416000220924616
8749,26400,110,0.0005219000158831477,0.00285059999441728
8749,26450,196,0.0008166000188793987,0.0038905999972485006
8749,26500,176,0.0007736999832559377,0.003645799995865673
8749,26550,174,0.0007394999847747386,0.003556800016667694
8749,26600,170,0.0007750999939162284,0.003515999997034669
8749,26650,168,0.0007146999996621162,0.0035158999962732196
8749,26700,186,0.0007929999846965075,0.0037281000113580376
8749,26750,180,0.0007576000061817467,0.0036038999969605356
8749,26800,174,0.0007605999999213964,0.003467100003035739
8749,26850,184,0.0008051999902818352,0.003562199999578297
8749,26900,178,0.0009008000197354704,0.004308400006266311
8749,26950,176,0.0007459000044036657,0.0034147999831475317
8749,27000,180,0.0007425999792758375,0.0035797000164166093
8749,27050,194,0.0008270000107586384,0.0035715000121854246
8749,27100,164,0.0007151000027079135,0.0032264999754261225
8749,27150,186,0.0007762000022921711,0.0034016999998129904
8749,27200,172,0.0007659999828319997,0.003911600011633709
8749,27250,182,0.0007599999953527004,0.0033656000159680843
8749,27300,182,0.0007987999997567385,0.003356600005645305
8749,27350,184,0.0007636999944224954,0.003579199983505532
8749,27400,172,0.0007602999976370484,0.003511499991873279
8764,26250,300,0.0011614999966695905,0.005246500018984079
8766,26400,178,0.0007631999906152487,0.0037420000007841736
8769,26350,204,0.0008908000017981976,0.0036108000203967094
8823,26450,212,0.0008538000111002475,0.003889599989634007
8859,26500,236,0.0009368000028189272,0.003925599972717464
8873,26550,178,0.0007685000018682331,0.0035179000115022063
8873,26600,164,0.0007049000123515725,0.003445899987127632
8873,26650,176,0.0007543000101577491,0.0033808999869506806
8873,26700,150,0.0006468999781645834,0.0032266000052914023
8873,26750,152,0.000666300009470433,0.0030650999979116023
8873,26800,160,0.000691299996105954,0.0031461000035051256
8873,26850,174,0.0007328999927267432,0.0033067000040318817
8873,26900,188,0.0007719999994151294,0.0037942000199109316
8873,26950,176,0.0007633000204805285,0.003521099977660924
8873,27000,174,0.0007395999855361879,0.003296900016721338
8873,27050,178,0.0008236999856308103,0.003291100001661107
8873,27100,162,0.0007375999994110316,0.00316469999961555
8873,27150,174,0.00074230000609532,0.0032906999986153096
8873,27200,160,0.0006942999898456037,0.0031903999915812165
8873,27250,184,0.0007687000033911318,0.003431799996178597
8873,27300,192,0.0008057999948505312,0.003587499988498166
8873,27350,172,0.0007215000223368406,0.003849500004434958
8873,27400,180,0.0008503000135533512,0.003582199977245182
8873,27450,168,0.0007925000099930912,0.0038697999843861908
8873,27500,160,0.0007372999971266836,0.003484399989247322
8873,27550,152,0.0006715999916195869,0.003289899992523715
8873,27600,142,0.0006546999793499708,0.0032736000139266253
8873,27650,150,0.000675899995258078,0.0032617000106256455
8873,27700,152,0.0006775000074412674,0.0032407999970018864
8873,27750,166,0.0007360999879892915,0.003748800023458898
8873,27800,176,0.0008248000231105834,0.003846600011456758
8873,27850,178,0.000830000004498288,0.0035279000003356487
8873,27900,154,0.0006797999958507717,0.00322099999175407
8873,27950,182,0.0007790999952703714,0.003752599994186312
8873,28000,172,0.0009534999844618142,0.0036718000192195177
8873,28050,168,0.0007352999818976969,0.0033506000181660056
8873,28100,170,0.0007385000062640756,0.003247400018153712
8873,28150,156,0.0006742999830748886,0.003083100018557161
8873,28200,164,0.0009358999959658831,0.0033054999948944896
8873,28250,154,0.000666000007186085,0.003118499997071922
8873,28300,142,0.0006340999971143901,0.0030867999885231256
8873,28350,142,0.0006314000056590885,0.002942899998743087
8873,28400,142,0.0006382999999914318,0.0029912999889347702
8873,28450,156,0.00067120001767762,0.0032931999885477126
8873,28500,146,0.0006356000085361302,0.003094899991992861
8873,28550,174,0.0007704000163357705,0.0037133999867364764
8873,28600,138,0.0006234999746084213,0.0029900000081397593
8873,28650,128,0.0005981000140309334,0.00285360001726076
8873,28700,156,0.000674999988405034,0.003195099998265505
8873,28750,128,0.0005845999985467643,0.002990599983604625
8873,28800,162,0.0007091999868862331,0.0033887000172398984
8873,28850,202,0.0008700999896973372,0.0036211000115145
8873,28900,178,0.0008194999827537686,0.003386500000488013
8873,28950,148,0.0006425000028684735,0.0032525999995414168
8873,29000,174,0.0008459000091534108,0.003597200004151091
8873,29050,164,0.0007018999895080924,0.0037718999956268817
8873,29100,160,0.0009055999980773777,0.0032685000041965395
8873,29150,154,0.0006631999858655035,0.0034345000167377293
8873,29200,138,0.0006278999790083617,0.0030060000135563314
8873,29250,150,0.0006557999877259135,0.0032296999997925013
8873,29300,178,0.0007847999804653227,0.003379400004632771
8873,29350,186,0.0009271999879274517,0.003525599982822314
8873,29400,192,0.0007997000066097826,0.0034586999972816557
8873,29450,176,0.0007648000027984381,0.003930300008505583
8873,29500,210,0.000860599975567311,0.004142000019783154
8873,29550,216,0.0008598999993409961,0.003861500008497387
8873,29600,144,0.0006559000175911933,0.0030781999812461436
8873,29650,164,0.0007143999973777682,0.0033057999971788377
8873,29700,170,0.0007901999924797565,0.003263000020524487
8873,29750,160,0.0006858999840915203,0.00321510000503622
8873,29800,184,0.0007966000121086836,0.0035869000130333006
8873,29850,188,0.0007760000007692724,0.0035542999976314604
8873,29900,196,0.0008208999934140593,0.0035571999906096607
8873,29950,186,0.0007753999962005764,0.003756599995540455
8873,30000,202,0.0008307000098284334,0.0035602999851107597
8873,30050,204,0.0009055000264197588,0.004115400020964444
8873,30100,204,0.0008767000108491629,0.004062899999553338
8873,30150,186,0.0009439000277779996,0.004107900022063404
8873,30200,176,0.0009110000100918114,0.003967500000726432
8873,30250,186,0.0007872999995015562,0.0038800000038463622
8873,30300,11871,0.07763020001584664,0.1396371999871917
8940,27650,108,0.0006055000121705234,0.002908099995693192
8940,27700,116,0.0005736000020988286,0.003111800004262477
8940,27850,122,0.0006156000017654151,0.0028153999883215874
8940,27900,132,0.0006163000070955604,0.00289949998841621
8940,27950,134,0.0006023000169079751,0.0028759000124409795
8940,28000,146,0.0006375999946612865,0.0031719999969936907
8940,28050,126,0.0005736000020988286,0.0027843999851029366
8940,28100,148,0.0006506000063382089,0.0030283999803941697
8940,28150,136,0.0005994999955873936,0.002892499993322417
8940,28200,134,0.0006083000043872744,0.002904499997384846
8940,28250,140,0.0006232000014279038,0.0029294000123627484
8940,28300,108,0.0005201000021770597,0.00261060000048019
8940,28350,134,0.0006120000034570694,0.002848400006769225
8940,28400,164,0.0007082000083755702,0.003416699997615069
8940,28450,118,0.0005590000073425472,0.0027714000025298446
8940,28500,134,0.0006418999982997775,0.002890699979616329
8940,28550,120,0.0005736000020988286,0.0027240999916102737
8940,28600,134,0.0005967000033706427,0.002891299984185025
8940,28650,108,0.0006206000107340515,0.0027091999945696443
8940,28700,108,0.0005322000070009381,0.0025917000020854175
8940,28750,108,0.0005275000003166497,0.002595500001916662
8940,28800,158,0.0007094999891705811,0.0033069000055547804
8940,28850,130,0.0005842999962624162,0.0031340999994426966
8940,28900,130,0.0005915999936405569,0.002851500001270324
8940,28950,120,0.0005651999963447452,0.0027372000040486455
8940,29000,122,0.0005753999867010862,0.002734500012593344
8940,29050,128,0.000583200016990304,0.0029226999904494733
8940,29100,130,0.0006282000103965402,0.0029711999814026058
8940,29150,118,0.0005547000037040561,0.002702300000237301
8940,29200,118,0.0005513000069186091,0.0026610999775584787
8940,29250,122,0.0005691999976988882,0.0030171000107657164
8940,29300,122,0.0005658000009134412,0.003031800006283447
8940,29350,136,0.000606399989919737,0.0032355000148527324
8940,29400,124,0.0005654999986290932,0.002882200002204627
8940,29450,136,0.0006478000141214579,0.0034290000039618462
8940,29500,134,0.0006265999982133508,0.003598400013288483
8940,29550,108,0.0005234999989625067,0.002783800009638071
8940,29650,124,0.0005704999784938991,0.002779800008283928
8940,29700,122,0.0006024999893270433,0.002855500002624467
8940,29750,110,0.000523599999723956,0.003235400014091283
8940,29800,126,0.0006354999786708504,0.003243400016799569
8940,29900,108,0.0005379000212997198,0.002679899975191802
8940,29950,136,0.000660100020468235,0.0029824999801348895
8940,30000,110,0.0005246000073384494,0.0029541999974753708
8940,30050,134,0.0006101999897509813,0.0029811999993398786
8940,30100,134,0.0006083000043872744,0.0028686999867204577
8940,30150,150,0.0006623999797739089,0.0030079999996814877
8940,30200,144,0.0006293000187724829,0.002876199985621497
8940,30250,166,0.0008060999971348792,0.0032823000219650567
8962,27650,240,0.0010331000084988773,0.004340100014815107
9153,28950,12573,0.04559739999240264,0.1466433000168763
9153,29300,12027,0.08348470000782982,0.13870630000019446
9153,29500,12295,0.04169670000555925,0.13866689999122173
9153,29550,12332,0.04391949999262579,0.1373637999931816
9153,29600,12353,0.08179470000322908,0.13931749999755993
9153,29650,12385,0.041608600004110485,0.14351219998206943
9153,29700,12341,0.04179769998881966,0.14189249998889863
9153,29750,12288,0.08515189998433925,0.14026230000308715
9153,29800,12257,0.04489080002531409,0.14173820000723936
9153,29950,11863,0.08340440000756644,0.13408610000624321
9153,30050,11731,0.03970120000303723,0.13102949998574331
9153,30100,11680,0.03965380002046004,0.131717700016452
9153,30150,11677,0.08303479998721741,0.1308048999926541
9153,30200,11662,0.04017339998972602,0.12880860001314431
9153,30250,11753,0.03945169999497011,0.12979880001512356
9161,30300,104,0.0005889000021852553,0.002659299992956221
9192,30400,12228,0.077659800008405,0.1386410999984946
9192,30450,120,0.0006222999945748597,0.0029212000081315637
9223,30400,186,0.0007993999752216041,0.0036087000044062734
9266,30650,110,0.0005877999938093126,0.002838399988831952
9266,30750,102,0.0005311999993864447,0.0025810999795794487
9266,30800,114,0.0005398000066634268,0.002667199994903058
9266,30850,114,0.0005352000007405877,0.0028021000034641474
9266,31000,132,0.0006114999996498227,0.0029049000004306436
9266,31050,106,0.000513700011651963,0.0025677999947220087
9266,31100,124,0.0005768999981228262,0.002725099999224767
9266,31150,116,0.0005490000185091048,0.0027194999856874347
9266,31200,114,0.0005397000059019774,0.0026459000073373318
9266,31250,116,0.0005604999896604568,0.002648499998031184
9266,31300,104,0.0005071999912615865,0.002564000023994595
9266,31350,116,0.0005496999947354198,0.0026381000061519444
9266,31550,110,0.0005363000091165304,0.002830999990692362
9266,31650,104,0.0005191000236663967,0.0025788999919313937
9266,31700,124,0.0006431000074371696,0.002836400002706796
9266,31750,132,0.000599299994064495,0.0031737000099383295
9266,31800,104,0.0005243000050541013,0.0031000000017229468
9266,31850,116,0.0005444999842438847,0.002783200005069375
9266,32000,106,0.0005141999863553792,0.002548499993281439
9266,32100,114,0.0005521999846678227,0.002872100012609735
9266,32150,108,0.0005150999932084233,0.0026310000102967024
9266,32350,106,0.0006510000093840063,0.0031069999968167394
9266,32400,106,0.0005267999949865043,0.002545099996495992
9266,32450,106,0.0005237000004854053,0.0025391000090166926
9266,32550,106,0.0005224999913480133,0.0026048000145237893
9266,32600,106,0.0005129000055603683,0.002578699990408495
9266,32700,106,0.0005106999888084829,0.003132000012556091
9266,32850,106,0.0005486999871209264,0.0025602000241633505
9266,32900,108,0.000523299997439608,0.0026249999937135726
9266,33050,108,0.0005221999890636653,0.0027996999851893634
9266,33250,124,0.0005844999977853149,0.003122599999187514
9266,33300,106,0.0005207000067457557,0.0025749999913387
9266,33350,102,0.0005040999967604876,0.002523399976780638
9266,33400,102,0.0004945000109728426,0.0024911999935284257
9266,33750,106,0.0005197999998927116,0.0028876000142190605
9266,33950,104,0.0005061000119894743,0.0028061000048182905
9266,34000,106,0.000521100009791553,0.0026095999928656965
9266,34050,120,0.0005677000153809786,0.0027777999930549413
9266,34150,124,0.0005670000100508332,0.0028226000140421093
9266,34300,104,0.0005949999904260039,0.002622600004542619
9266,34350,108,0.0008148000051733106,0.002773300016997382
9266,34500,126,0.0005781999789178371,0.002948000008473173
9266,34700,136,0.0006117000011727214,0.0029467999993357807
9266,34750,106,0.0005109999910928309,0.002779200003715232
9266,34800,114,0.000538699998287484,0.0030546000052709132
9266,34850,116,0.000543999980436638,0.00267129999701865
9266,34900,108,0.0005156999977771193,0.0028528000111691654
9266,34950,102,0.0005221999890636653,0.002743799996096641
9269,30500,12118,0.04213879999588244,0.13708229997428134
9272,30550,12139,0.08475469998666085,0.14136159999179654
9279,30650,118,0.0006530999962706119,0.002966600004583597
9317,30750,12431,0.042348099988885224,0.14051359999575652
9317,30800,12419,0.04152810000232421,0.13991810000152327
9317,30950,12179,0.07790070000919513,0.13927220000186935
9317,31000,12187,0.043070899992017075,0.13992479999433272
9317,31050,12097,0.07936230002087541,0.13780910000787117
9317,31100,12193,0.04092890000902116,0.139342399983434
9317,31150,12294,0.04172390000894666,0.1385526999947615
9317,31200,12482,0.08198860002448782,0.1478427999827545
9317,31250,12459,0.04334840000956319,0.1452708999859169
9317,31300,12497,0.08337829998345114,0.15305980000994168
9317,31350,12298,0.041326899983687326,0.1394385999883525
9317,31450,12268,0.04163600000902079,0.1384101000148803
9317,31500,12246,0.08454599999822676,0.14124749999609776
9317,31550,12124,0.0420256000070367,0.1500073000206612
9317,31600,12201,0.04358540000976063,0.14838840000447817
9317,31650,12074,0.07940320001216605,0.13835290001588874
9317,34700,11501,0.038028899987693876,0.13115969998762012
9317,35350,11445,0.08607299998402596,0.13235689999419264
9317,35400,11455,0.03925329999765381,0.12959699999191798
9317,35450,11704,0.03961619999608956,0.1398541000089608
9317,35500,11880,0.07851980000850745,0.13616249998449348
9317,35550,11962,0.0415008999989368,0.13538260001223534
9317,35850,11982,0.04016010000486858,0.13615110001410358
9317,35900,11792,0.07809610001277179,0.13302720000501722
9317,35950,11618,0.039527100016130134,0.13098190000164323
9317,36000,11546,0.0890926000138279,0.13221410001278855
9317,36550,11550,0.03919340000720695,0.13250209999387152
9317,36750,11563,0.03891609999118373,0.13092399999732152
9317,37950,11382,0.07817399999476038,0.12749949999852106
9317,38000,11445,0.03879430002416484,0.12921740001183935
9317,38050,11522,0.03964790000463836,0.1337815999868326
9317,38100,11667,0.08498889999464154,0.13181259998236783
9317,39000,11751,0.04009699999005534,0.12992760000634007
9317,39450,11356,0.03838439998799004,0.1297816000005696
9317,39950,11122,0.07329020000179298,0.13035950000630692
9317,40000,11084,0.03799149999395013,0.13259379999362864
9317,43000,10984,0.03754419999313541,0.12470179999945685
9317,43200,11462,0.07685840001795441,0.13629759999457747
9317,44000,11230,0.03929539999808185,0.13196890000835992
9317,44050,11385,0.08685449999757111,0.1319649999786634
9317,44100,11452,0.039175699988845736,0.12765480001689866
9317,44700,10959,0.03711830000975169,0.12672299999394454
9317,45150,10965,0.07389100000727922,0.12681770001654513
9317,45750,11113,0.037092800019308925,0.13100809999741614
9317,45800,11261,0.0385289000114426,0.1270037000067532
9317,45850,11327,0.07922559999860823,0.13187159999506548
9317,45900,11325,0.038374099996872246,0.13387790002161637
9317,46300,10930,0.03803270001662895,0.12544040000648238
9317,47700,10984,0.07402800000272691,0.12679579999530688
9317,48050,10958,0.03626829999848269,0.12523620002320968
9317,48300,10899,0.03713439998682588,0.12560959998518229
9317,48350,11100,0.0775701999955345,0.1250929000088945
9320,35750,136,0.000728400016669184,0.0030534999968949705
9323,35800,144,0.0006700999801978469,0.0030407000158447772
