bub_id,n_solves,total_bem_s,total_assemble_s,total_solve_s,mean_f_unit_hz,median_f_unit_hz,min_f_unit_hz,max_f_unit_hz
1,6,107.3629,104.1578,3.2052,5.9634,5.9523,5.7539,6.1978
71,1,81.2391,79.7774,1.4618,5.4283,5.4283,5.4283,5.4283
207,1,69.0879,67.5448,1.5431,5.5443,5.5443,5.5443,5.5443
258,1,2.2619,2.0564,0.2054,6.3587,6.3587,6.3587,6.3587
440,1,0.6827,0.52,0.1627,8.9396,8.9396,8.9396,8.9396
574,1,1.1698,1.0301,0.1396,8.2529,8.2529,8.2529,8.2529
575,1,8.8696,8.7827,0.0869,5.4344,5.4344,5.4344,5.4344
707,1,1.7768,1.6291,0.1476,6.2089,6.2089,6.2089,6.2089
715,1,0.9626,0.9406,0.0221,5.3205,5.3205,5.3205,5.3205
818,2,1.4233,1.2092,0.2141,6.0704,6.0704,5.3359,6.8049
819,108,84.1346,81.2476,2.887,5.453,5.3679,5.3148,6.5013
830,1,10.9809,10.7421,0.2388,5.9154,5.9154,5.9154,5.9154
832,1,4.6038,4.4606,0.1433,5.4342,5.4342,5.4342,5.4342
983,1,0.8888,0.8753,0.0135,5.3129,5.3129,5.3129,5.3129
986,1,18.5137,18.0939,0.4198,6.0292,6.0292,6.0292,6.0292
1044,1,5.4668,5.4323,0.0345,6.3538,6.3538,6.3538,6.3538
1109,1,54.4029,53.4398,0.9631,6.5314,6.5314,6.5314,6.5314
1131,1,5.038,4.877,0.161,6.3052,6.3052,6.3052,6.3052
1134,1,9.4419,9.3177,0.1242,5.4369,5.4369,5.4369,5.4369
1145,1,1.9508,1.8979,0.053,5.5109,5.5109,5.5109,5.5109
1254,1,0.264,0.2547,0.0094,5.3912,5.3912,5.3912,5.3912
1274,1,5.8324,5.7528,0.0796,5.4328,5.4328,5.4328,5.4328
1298,1,0.7947,0.7834,0.0113,5.4359,5.4359,5.4359,5.4359
1299,1,3.9055,3.8471,0.0584,6.3389,6.3389,6.3389,6.3389
1311,10,19.6466,19.2488,0.3978,5.6275,5.4455,5.3831,6.3525
1312,12,81.4554,80.0284,1.427,5.7799,5.826,5.3811,6.6135
1403,1,2.145,2.1014,0.0436,5.9451,5.9451,5.9451,5.9451
1412,1,1.072,1.0576,0.0143,5.834,5.834,5.834,5.834
1414,3,1.6915,1.6492,0.0423,5.4608,5.4395,5.4254,5.5174
1422,1,3.5709,3.4739,0.097,6.3414,6.3414,6.3414,6.3414
1427,1,0.7874,0.7341,0.0533,5.564,5.564,5.564,5.564
1430,1,2.9522,2.9283,0.0239,5.5172,5.5172,5.5172,5.5172
1507,1,1.0029,0.9572,0.0457,6.6597,6.6597,6.6597,6.6597
1550,1,0.2555,0.2453,0.0101,5.3192,5.3192,5.3192,5.3192
1568,1,1.0225,0.9932,0.0293,6.018,6.018,6.018,6.018
1569,1,1.3451,1.3221,0.023,6.3518,6.3518,6.3518,6.3518
1573,1,0.7833,0.7706,0.0128,5.7406,5.7406,5.7406,5.7406
1708,1,6.1264,6.0635,0.0629,5.9342,5.9342,5.9342,5.9342
1729,1,0.3859,0.3567,0.0292,5.7562,5.7562,5.7562,5.7562
1741,1,3.16,3.0754,0.0846,6.3367,6.3367,6.3367,6.3367
1742,1,1.3384,1.3012,0.0371,5.8321,5.8321,5.8321,5.8321
1843,1,1.662,1.4355,0.2265,6.4424,6.4424,6.4424,6.4424
1865,4,15.3945,15.1894,0.2051,5.623,5.6368,5.3592,5.8594
1869,4,2.9856,2.8422,0.1434,5.5436,5.5576,5.337,5.7221
1878,1,5.5342,5.4633,0.0709,6.1999,6.1999,6.1999,6.1999
1898,1,0.7229,0.7006,0.0223,5.5949,5.5949,5.5949,5.5949
1899,1,0.5626,0.5427,0.0199,5.3854,5.3854,5.3854,5.3854
2023,1,0.4072,0.3856,0.0216,5.4635,5.4635,5.4635,5.4635
2035,2,4.8124,4.7097,0.1027,5.6012,5.6012,5.3281,5.8743
2045,1,0.923,0.8655,0.0575,5.7685,5.7685,5.7685,5.7685
2182,1,8.1996,6.9994,1.2002,5.5067,5.5067,5.5067,5.5067
2184,1,0.4953,0.4749,0.0204,5.3704,5.3704,5.3704,5.3704
2185,1,0.4713,0.4476,0.0237,5.4504,5.4504,5.4504,5.4504
2345,1,3.2762,3.2257,0.0505,6.5512,6.5512,6.5512,6.5512
2348,1,0.3996,0.3801,0.0195,5.5319,5.5319,5.5319,5.5319
2349,1,1.4772,1.4597,0.0175,5.6871,5.6871,5.6871,5.6871
2352,1,6.5827,6.5071,0.0756,6.3563,6.3563,6.3563,6.3563
2538,2,3.4051,3.3069,0.0983,5.7193,5.7193,5.66,5.7786
2543,1,30.1218,29.3976,0.7242,5.7641,5.7641,5.7641,5.7641
2568,5,6.8209,6.5417,0.2792,5.664,5.6032,5.3296,6.0125
2626,1,0.524,0.5007,0.0233,5.8599,5.8599,5.8599,5.8599
2691,1,31.3316,30.6041,0.7275,5.8533,5.8533,5.8533,5.8533
2705,5,18.1489,17.8845,0.2643,5.5066,5.3493,5.3393,5.9125
2713,9,26.6845,26.3823,0.3022,5.7009,5.5669,5.3425,6.1598
2736,1,1.0067,0.9852,0.0215,5.5616,5.5616,5.5616,5.5616
2741,1,3.0809,3.0345,0.0464,6.6169,6.6169,6.6169,6.6169
2742,1,2.2599,2.2298,0.0302,6.2081,6.2081,6.2081,6.2081
2824,5,11.6173,11.4354,0.1818,5.5117,5.3556,5.3286,5.8778
2917,1,2.8202,2.7936,0.0266,5.5282,5.5282,5.5282,5.5282
2918,1,0.5151,0.4983,0.0168,5.3349,5.3349,5.3349,5.3349
2925,4,40.395,39.343,1.0519,5.7303,5.7407,5.4694,5.9703
2929,1,8.9224,8.7211,0.2013,5.6226,5.6226,5.6226,5.6226
2935,1,0.4209,0.4032,0.0177,5.3618,5.3618,5.3618,5.3618
2936,1,0.6011,0.5771,0.024,5.4883,5.4883,5.4883,5.4883
2937,1,0.4813,0.4616,0.0197,5.4537,5.4537,5.4537,5.4537
3121,1,3.1978,3.1086,0.0891,5.6043,5.6043,5.6043,5.6043
3129,6,8.9675,8.8146,0.153,5.4446,5.4005,5.3425,5.7685
3139,1,1.3915,1.3645,0.0271,5.7483,5.7483,5.7483,5.7483
3148,1,1.0688,1.0567,0.012,5.5498,5.5498,5.5498,5.5498
3149,1,23.1956,22.7268,0.4689,5.7844,5.7844,5.7844,5.7844
3150,1,0.7571,0.7483,0.0088,5.3515,5.3515,5.3515,5.3515
3154,1,34.4488,33.6997,0.7491,6.5195,6.5195,6.5195,6.5195
3236,2,36.7598,36.1444,0.6154,5.9458,5.9458,5.8819,6.0098
3240,1,4.6856,4.3859,0.2997,6.5763,6.5763,6.5763,6.5763
3303,1,0.7406,0.7186,0.022,5.4393,5.4393,5.4393,5.4393
3326,10,9.1609,8.9526,0.2083,5.5403,5.3982,5.349,5.9803
3328,1,0.5247,0.503,0.0217,5.4192,5.4192,5.4192,5.4192
3338,1,0.3487,0.3311,0.0176,5.3977,5.3977,5.3977,5.3977
3381,1,0.3931,0.3041,0.0889,6.5054,6.5054,6.5054,6.5054
3385,1,4.1208,4.0087,0.1121,5.9552,5.9552,5.9552,5.9552
3386,1,1.1519,1.1171,0.0348,5.4225,5.4225,5.4225,5.4225
3387,1,0.4665,0.4393,0.0272,5.593,5.593,5.593,5.593
3389,1,15.231,14.69,0.541,5.5748,5.5748,5.5748,5.5748
3396,1,0.7164,0.7053,0.0111,5.3385,5.3385,5.3385,5.3385
3481,4,7.5789,7.2996,0.2793,5.7642,5.7691,5.3562,6.1622
3482,6,1.9277,1.8021,0.1256,5.498,5.452,5.3414,5.836
3519,4,1.2343,1.1566,0.0777,5.3774,5.3786,5.3445,5.4078
3520,2,1.7666,1.7286,0.038,5.5741,5.5741,5.3767,5.7715
3620,1,0.3952,0.3714,0.0238,5.5115,5.5115,5.5115,5.5115
3636,1,0.233,0.2172,0.0158,5.3415,5.3415,5.3415,5.3415
3641,1,25.6636,25.0727,0.5909,5.9873,5.9873,5.9873,5.9873
3689,1,0.4229,0.4029,0.02,5.3672,5.3672,5.3672,5.3672
3690,19,29.1171,28.2327,0.8844,5.6959,5.5516,5.341,6.2843
3730,1,0.2919,0.2727,0.0193,5.3297,5.3297,5.3297,5.3297
3734,1,5.5824,5.5366,0.0459,5.6148,5.6148,5.6148,5.6148
3749,1,0.4012,0.3822,0.019,5.3333,5.3333,5.3333,5.3333
3752,1,0.9422,0.9171,0.025,5.4514,5.4514,5.4514,5.4514
3753,1,0.4549,0.4375,0.0174,5.3688,5.3688,5.3688,5.3688
3754,1,0.4639,0.4403,0.0236,5.3536,5.3536,5.3536,5.3536
3755,1,0.4285,0.4067,0.0219,5.3391,5.3391,5.3391,5.3391
3757,1,0.3444,0.3274,0.017,5.3313,5.3313,5.3313,5.3313
3799,6,4.9459,4.8099,0.136,5.3717,5.3383,5.3264,5.5318
3933,1,0.3448,0.3231,0.0217,5.4645,5.4645,5.4645,5.4645
3947,1,14.8621,14.1916,0.6705,6.1322,6.1322,6.1322,6.1322
3984,1,0.6949,0.6771,0.0178,5.4021,5.4021,5.4021,5.4021
4020,1,0.6586,0.6341,0.0245,5.5686,5.5686,5.5686,5.5686
4028,1,2.6841,2.6325,0.0516,5.6666,5.6666,5.6666,5.6666
4052,1,1.9211,1.8744,0.0467,5.7042,5.7042,5.7042,5.7042
4060,1,0.7749,0.7558,0.0191,5.3692,5.3692,5.3692,5.3692
4062,1,1.215,1.1955,0.0195,5.4395,5.4395,5.4395,5.4395
4072,1,0.3064,0.2917,0.0147,5.3596,5.3596,5.3596,5.3596
4075,1,0.7114,0.6848,0.0266,5.7664,5.7664,5.7664,5.7664
4076,1,0.3228,0.3027,0.0201,5.3728,5.3728,5.3728,5.3728
4078,3,6.6645,6.4277,0.2369,5.7842,5.9527,5.3236,6.0764
4079,3,5.8515,5.5968,0.2547,5.5855,5.3648,5.3444,6.0473
4080,1,35.8843,35.0036,0.8806,6.229,6.229,6.229,6.229
4082,1,1.0012,0.94,0.0613,7.9427,7.9427,7.9427,7.9427
4084,1,2.289,2.2592,0.0298,5.9944,5.9944,5.9944,5.9944
4090,1,0.3379,0.3185,0.0193,5.3415,5.3415,5.3415,5.3415
4096,5,6.3277,6.2584,0.0693,5.4248,5.397,5.3314,5.6318
4097,1,0.7942,0.7814,0.0128,5.4273,5.4273,5.4273,5.4273
4199,1,0.3222,0.3024,0.0198,5.3547,5.3547,5.3547,5.3547
4217,1,0.4125,0.39,0.0225,5.417,5.417,5.417,5.417
4218,1,1.7652,1.6965,0.0687,5.9139,5.9139,5.9139,5.9139
4223,2,0.8886,0.8345,0.0541,5.5916,5.5916,5.4344,5.7489
4227,9,4.9142,4.7039,0.2103,5.4782,5.4275,5.3303,5.7802
4238,1,0.2541,0.2388,0.0153,5.3476,5.3476,5.3476,5.3476
4263,1,1.3452,1.1898,0.1554,5.8493,5.8493,5.8493,5.8493
4281,1,0.3079,0.2857,0.0222,5.8417,5.8417,5.8417,5.8417
4282,1,0.341,0.3175,0.0235,5.3813,5.3813,5.3813,5.3813
4297,1,0.36,0.2761,0.0839,5.6041,5.6041,5.6041,5.6041
4307,1,0.6333,0.6032,0.0301,5.4805,5.4805,5.4805,5.4805
4308,1,0.4928,0.4766,0.0162,5.3535,5.3535,5.3535,5.3535
4309,1,8.3485,8.1511,0.1974,6.0697,6.0697,6.0697,6.0697
4310,1,0.3724,0.3543,0.0181,5.3369,5.3369,5.3369,5.3369
4311,1,1.4215,1.3892,0.0322,5.9753,5.9753,5.9753,5.9753
4312,1,21.3354,20.6528,0.6826,6.2634,6.2634,6.2634,6.2634
4313,1,1.7395,1.6988,0.0407,5.5359,5.5359,5.5359,5.5359
4330,1,0.4695,0.446,0.0235,5.3651,5.3651,5.3651,5.3651
4437,1,0.565,0.5485,0.0165,5.4669,5.4669,5.4669,5.4669
4447,7,2.9127,2.7753,0.1374,5.3865,5.3359,5.3263,5.5862
4469,1,0.4012,0.3765,0.0247,5.4709,5.4709,5.4709,5.4709
4476,1,1.2677,1.2516,0.0161,5.5436,5.5436,5.5436,5.5436
4481,5,14.2012,13.8613,0.3399,5.6309,5.4457,5.3534,6.1541
4484,2,6.3992,6.307,0.0922,5.9555,5.9555,5.9282,5.9828
4488,1,4.2743,4.2013,0.073,5.8567,5.8567,5.8567,5.8567
4520,1,0.4451,0.4278,0.0173,5.3703,5.3703,5.3703,5.3703
4523,1,0.657,0.6379,0.0191,5.341,5.341,5.341,5.341
4528,1,0.7202,0.7003,0.0198,5.3855,5.3855,5.3855,5.3855
4529,1,0.8556,0.8344,0.0213,5.879,5.879,5.879,5.879
4538,1,1.1708,1.1433,0.0276,5.7497,5.7497,5.7497,5.7497
4540,1,0.3053,0.2911,0.0142,5.3452,5.3452,5.3452,5.3452
4545,1,0.5496,0.5232,0.0264,5.473,5.473,5.473,5.473
4546,1,4.9656,4.7243,0.2413,5.6281,5.6281,5.6281,5.6281
4547,1,23.8407,23.1502,0.6905,5.9406,5.9406,5.9406,5.9406
4548,1,1.1417,1.0319,0.1099,5.6845,5.6845,5.6845,5.6845
4549,1,0.6443,0.6183,0.026,5.4967,5.4967,5.4967,5.4967
4550,1,1.076,0.8681,0.2079,5.8795,5.8795,5.8795,5.8795
4553,5,7.0015,6.8799,0.1216,5.8375,5.9128,5.3394,6.4687
4555,1,0.532,0.5159,0.0161,5.322,5.322,5.322,5.322
4561,3,5.7878,5.5404,0.2475,5.7164,5.5533,5.3933,6.2026
4595,3,3.1888,3.1002,0.0886,5.6266,5.6339,5.4891,5.7568
4606,5,1.9889,1.8952,0.0938,5.3471,5.3494,5.3373,5.3593
4621,1,0.3917,0.3703,0.0214,5.3806,5.3806,5.3806,5.3806
4638,1,0.5649,0.5496,0.0154,5.3553,5.3553,5.3553,5.3553
4682,2,5.0216,4.8109,0.2107,5.6559,5.6559,5.416,5.8958
4683,1,0.4984,0.4675,0.0309,5.5501,5.5501,5.5501,5.5501
4713,1,0.8524,0.838,0.0143,5.3682,5.3682,5.3682,5.3682
4739,1,0.3646,0.3496,0.015,5.337,5.337,5.337,5.337
4747,1,0.2013,0.1721,0.0292,7.6671,7.6671,7.6671,7.6671
4749,1,1.9499,1.8722,0.0776,6.0555,6.0555,6.0555,6.0555
4750,1,21.2557,20.4502,0.8055,5.898,5.898,5.898,5.898
4751,1,0.2085,0.1949,0.0135,5.3625,5.3625,5.3625,5.3625
4752,1,0.3456,0.3248,0.0208,5.4962,5.4962,5.4962,5.4962
4753,7,5.4479,5.2912,0.1567,5.528,5.417,5.3502,5.8845
4754,1,1.6233,1.5913,0.032,5.7608,5.7608,5.7608,5.7608
4755,1,5.5195,5.3821,0.1374,5.5184,5.5184,5.5184,5.5184
4799,1,0.3921,0.3621,0.0299,5.557,5.557,5.557,5.557
4810,2,0.503,0.4711,0.0319,5.3408,5.3408,5.3359,5.3458
4832,1,2.1237,2.0996,0.0241,5.7707,5.7707,5.7707,5.7707
4911,1,9.7866,9.6605,0.126,6.239,6.239,6.239,6.239
4913,7,47.6017,46.162,1.4397,5.6685,5.4512,5.3253,6.1369
4937,545,431.1607,417.339,13.8218,5.3731,5.3434,5.3054,6.4053
4938,104,172.2799,168.1765,4.1034,5.4779,5.3855,5.3178,6.2653
4942,2,7.1379,7.0178,0.1201,5.8876,5.8876,5.5735,6.2017
4988,21,100.069,97.3042,2.7648,5.6144,5.4227,5.331,6.3234
4989,406,397.2147,385.1102,12.1045,5.419,5.3428,5.3017,7.2365
5027,5,2.0691,1.9671,0.102,5.4169,5.3536,5.3378,5.5983
5028,8,7.9578,7.7231,0.2346,5.5255,5.4077,5.3287,5.961
5030,1,0.7944,0.7619,0.0325,5.5827,5.5827,5.5827,5.5827
5032,1,0.8014,0.7729,0.0285,5.6839,5.6839,5.6839,5.6839
5033,1,0.3202,0.304,0.0163,5.327,5.327,5.327,5.327
5035,9,16.488,15.8194,0.6686,5.5186,5.3733,5.3321,6.1261
5036,1,30.2892,29.7086,0.5806,5.8756,5.8756,5.8756,5.8756
5046,372,405.283,393.3963,11.8867,5.3972,5.3444,2.8751,6.65
5047,5,1.6813,1.5765,0.1048,5.4892,5.4737,5.3926,5.5978
5073,19,10.9552,10.5049,0.4503,5.5106,5.4034,5.3201,6.0371
5083,1,0.3358,0.3196,0.0161,5.3458,5.3458,5.3458,5.3458
5096,2,0.7014,0.6553,0.0461,5.3905,5.3905,5.3518,5.4291
5114,1,0.2609,0.2455,0.0154,5.4248,5.4248,5.4248,5.4248
5119,5,23.6292,22.831,0.7982,5.5251,5.4326,5.3789,5.9701
5156,4,1.912,1.814,0.098,5.4013,5.3937,5.3792,5.4386
5157,2,1.3441,1.2994,0.0447,5.544,5.544,5.4184,5.6696
5158,1,1.0986,1.0479,0.0507,7.1098,7.1098,7.1098,7.1098
5159,8,5.1083,4.9067,0.2016,5.4571,5.4077,5.334,5.8941
5211,1,5.5059,5.4374,0.0686,6.1911,6.1911,6.1911,6.1911
5212,25,62.7835,61.7493,1.0342,5.6715,5.6602,5.3312,6.3467
5234,1,1.4596,1.4328,0.0268,5.3774,5.3774,5.3774,5.3774
5241,1,0.5701,0.5538,0.0163,5.3408,5.3408,5.3408,5.3408
5244,1,0.5715,0.554,0.0175,5.367,5.367,5.367,5.367
5246,1,8.9811,8.7878,0.1933,5.6036,5.6036,5.6036,5.6036
5252,1,1.4002,1.3806,0.0196,5.8355,5.8355,5.8355,5.8355
5253,1,0.3786,0.3607,0.0179,5.3771,5.3771,5.3771,5.3771
5254,1,2.1312,2.0991,0.0321,5.8636,5.8636,5.8636,5.8636
5328,1,0.3913,0.3715,0.0197,5.3726,5.3726,5.3726,5.3726
5377,3,3.3982,3.201,0.1972,5.7863,5.8649,5.3913,6.1029
5378,6,20.0918,19.7253,0.3665,5.7914,5.7105,5.3413,6.4541
5420,1,8.5016,8.2482,0.2533,5.6404,5.6404,5.6404,5.6404
5470,1,0.2442,0.2283,0.0159,5.4546,5.4546,5.4546,5.4546
5471,1,0.2571,0.2402,0.0169,5.3493,5.3493,5.3493,5.3493
5481,1,11.9927,11.847,0.1457,6.3233,6.3233,6.3233,6.3233
5482,1,0.8494,0.8334,0.016,5.3864,5.3864,5.3864,5.3864
5494,1,1.7548,1.7398,0.015,5.8096,5.8096,5.8096,5.8096
5501,6,3.9214,3.8156,0.1058,5.3712,5.3761,5.336,5.4007
5508,1,0.7163,0.6965,0.0199,5.4442,5.4442,5.4442,5.4442
5520,1,0.6542,0.6337,0.0205,5.3631,5.3631,5.3631,5.3631
5521,1,51.2373,50.0233,1.214,5.9594,5.9594,5.9594,5.9594
5522,1,3.3423,3.3235,0.0188,5.5074,5.5074,5.5074,5.5074
5523,1,10.8009,10.6574,0.1434,6.4331,6.4331,6.4331,6.4331
5525,1,42.9075,39.6006,3.3068,6.6566,6.6566,6.6566,6.6566
5621,25,42.1529,40.8462,1.3067,5.6615,5.4183,5.337,6.3545
5622,10,9.6911,9.3661,0.3251,5.6682,5.5211,5.3351,6.6503
5635,8,13.1814,12.8926,0.2888,5.4872,5.3646,5.3257,5.7908
5636,15,54.332,53.0231,1.3088,5.6637,5.7252,5.3214,6.1872
5673,3,5.4856,5.2817,0.2038,5.8061,5.5429,5.4235,6.452
5688,13,15.0965,14.7417,0.3548,5.4856,5.3791,5.3318,5.9211
5701,6,9.1858,9.0371,0.1486,5.4663,5.4198,5.332,5.7289
5729,1,1.3694,1.3464,0.023,5.4381,5.4381,5.4381,5.4381
5749,2,1.2299,1.1962,0.0337,5.4404,5.4404,5.3947,5.4861
5793,1,2.1329,2.0858,0.0471,5.4628,5.4628,5.4628,5.4628
5798,17,29.7179,29.0438,0.6741,5.6088,5.4979,5.3337,6.3201
5799,1,0.662,0.6391,0.0228,5.4838,5.4838,5.4838,5.4838
5811,1,0.4597,0.434,0.0257,5.7691,5.7691,5.7691,5.7691
5812,2,0.557,0.5218,0.0352,5.4538,5.4538,5.361,5.5467
5821,2,0.3894,0.3654,0.024,5.4081,5.4081,5.3934,5.4229
5840,1,7.5984,7.2894,0.309,5.6815,5.6815,5.6815,5.6815
5855,7,6.9638,6.8232,0.1406,5.5389,5.458,5.34,5.9257
5865,4,5.1769,5.0555,0.1214,5.6191,5.4972,5.3367,6.1453
5866,1,0.6693,0.6476,0.0217,5.4225,5.4225,5.4225,5.4225
5880,7,30.3887,29.9951,0.3937,5.7388,5.6446,5.3452,6.2928
5881,1,1.0813,1.0609,0.0204,5.7975,5.7975,5.7975,5.7975
5884,1,33.3658,30.2259,3.1399,6.5254,6.5254,6.5254,6.5254
5891,2,2.3581,2.3094,0.0488,5.481,5.481,5.3808,5.5812
5896,1,0.5188,0.4948,0.024,5.3513,5.3513,5.3513,5.3513
5897,1,0.6762,0.6483,0.0279,5.6002,5.6002,5.6002,5.6002
5898,1,23.1318,22.5424,0.5894,5.7676,5.7676,5.7676,5.7676
5899,59,133.8141,130.9585,2.8556,5.4309,5.3845,5.3249,5.8636
5900,1,0.5834,0.5625,0.021,5.4551,5.4551,5.4551,5.4551
5901,1,0.3503,0.3302,0.0201,5.3334,5.3334,5.3334,5.3334
5902,1,0.4339,0.4087,0.0252,5.6484,5.6484,5.6484,5.6484
5903,1,0.3035,0.2836,0.0199,5.4231,5.4231,5.4231,5.4231
5904,1,0.3487,0.3267,0.022,5.5697,5.5697,5.5697,5.5697
5905,1,1.8857,1.8685,0.0171,5.4808,5.4808,5.4808,5.4808
5933,3,4.5093,4.3254,0.1839,5.912,5.9574,5.5274,6.2512
5947,2,0.4224,0.4038,0.0185,5.3562,5.3562,5.3495,5.3629
5948,3,1.1969,1.13,0.0669,5.4597,5.3657,5.3381,5.6752
5970,2,1.1322,1.0872,0.045,5.4829,5.4829,5.368,5.5977
5980,4,22.8435,22.3169,0.5266,5.6301,5.5057,5.345,6.1642
6011,1,1.1938,1.1625,0.0314,5.5122,5.5122,5.5122,5.5122
6071,1,1.1877,1.1567,0.031,5.4193,5.4193,5.4193,5.4193
6077,1,13.3036,12.8405,0.4631,5.6236,5.6236,5.6236,5.6236
6090,8,8.4162,8.2366,0.1796,5.5506,5.4627,5.3572,6.0871
6093,1,3.8645,3.7998,0.0647,5.8691,5.8691,5.8691,5.8691
6095,1,0.9877,0.9609,0.0267,5.4506,5.4506,5.4506,5.4506
6096,1,0.5465,0.5271,0.0194,5.4288,5.4288,5.4288,5.4288
6100,1,0.9016,0.872,0.0296,5.7315,5.7315,5.7315,5.7315
6101,15,48.5287,47.694,0.8347,5.8843,5.8839,5.3444,6.4241
6106,1,0.6755,0.6511,0.0244,5.6988,5.6988,5.6988,5.6988
6114,276,334.0055,326.2883,7.7172,5.4278,5.3554,5.304,6.2155
6124,1,0.6087,0.5951,0.0136,5.3363,5.3363,5.3363,5.3363
6128,1,1.1028,0.9645,0.1382,6.1488,6.1488,6.1488,6.1488
6129,1,0.8808,0.8559,0.0249,5.5607,5.5607,5.5607,5.5607
6130,1,26.6476,25.3323,1.3153,6.6463,6.6463,6.6463,6.6463
6131,1,10.0545,9.6224,0.4322,6.4473,6.4473,6.4473,6.4473
6132,1,0.6135,0.5927,0.0209,5.521,5.521,5.521,5.521
6187,5,2.621,2.5275,0.0935,5.4132,5.3541,5.3397,5.5681
6209,4,3.1889,3.0965,0.0924,5.4796,5.461,5.3548,5.6415
6210,1,0.5328,0.511,0.0218,5.4199,5.4199,5.4199,5.4199
6233,1,7.8925,7.6777,0.2148,6.2192,6.2192,6.2192,6.2192
6301,1,0.8918,0.8645,0.0273,5.6273,5.6273,5.6273,5.6273
6307,1,0.4317,0.4147,0.0171,5.352,5.352,5.352,5.352
6308,1,2.076,2.0406,0.0354,6.2598,6.2598,6.2598,6.2598
6309,1,1.1116,1.0836,0.028,5.5431,5.5431,5.5431,5.5431
6310,1,0.7188,0.6949,0.0239,5.4033,5.4033,5.4033,5.4033
6320,1,0.3982,0.3802,0.018,5.4019,5.4019,5.4019,5.4019
6321,1,1.4697,1.439,0.0307,5.7503,5.7503,5.7503,5.7503
6327,1,21.4831,20.7891,0.694,6.3715,6.3715,6.3715,6.3715
6331,1,17.6487,17.094,0.5546,5.6274,5.6274,5.6274,5.6274
6350,1,1.133,1.1079,0.0252,5.4233,5.4233,5.4233,5.4233
6467,2,1.5411,1.4993,0.0418,5.3933,5.3933,5.3896,5.397
6468,20,28.7232,28.1383,0.5849,5.4909,5.4219,5.3325,5.9959
6475,3,1.3009,1.2381,0.0628,5.3996,5.4267,5.3403,5.4317
6483,4,1.3845,1.3146,0.0699,5.337,5.3366,5.3327,5.3421
6516,1,3.1529,3.1076,0.0453,5.941,5.941,5.941,5.941
6517,1,0.5467,0.5224,0.0242,5.6744,5.6744,5.6744,5.6744
6526,5,12.2411,11.904,0.3371,5.6639,5.4802,5.336,6.076
6527,3,0.989,0.9391,0.05,5.3576,5.3608,5.3212,5.3907
6536,1,0.5082,0.4835,0.0247,5.4862,5.4862,5.4862,5.4862
6546,1,0.6657,0.6414,0.0243,5.4236,5.4236,5.4236,5.4236
6547,23,37.5858,36.5578,1.028,5.4422,5.3566,5.3297,6.2216
6548,1,0.7059,0.6842,0.0217,5.5873,5.5873,5.5873,5.5873
6549,1,3.0745,3.0336,0.0409,5.3853,5.3853,5.3853,5.3853
6585,1,0.4734,0.4558,0.0176,5.3356,5.3356,5.3356,5.3356
6587,1,6.8553,6.7515,0.1038,6.1791,6.1791,6.1791,6.1791
6588,1,16.9421,16.4308,0.5113,5.6139,5.6139,5.6139,5.6139
6590,1,1.2894,1.2636,0.0258,5.5825,5.5825,5.5825,5.5825
6591,1,17.0851,16.4088,0.6763,6.1522,6.1522,6.1522,6.1522
6592,1,9.6648,9.5221,0.1427,6.2717,6.2717,6.2717,6.2717
6655,3,5.9781,5.9091,0.069,5.6427,5.6245,5.6039,5.6996
6704,1,21.9594,21.3946,0.5649,5.6492,5.6492,5.6492,5.6492
6715,2,1.1134,1.0797,0.0336,5.3383,5.3383,5.3325,5.3441
6783,1,0.4993,0.4826,0.0167,5.3304,5.3304,5.3304,5.3304
6849,1,1.5886,1.5613,0.0273,5.532,5.532,5.532,5.532
6853,1,3.0709,3.0275,0.0434,5.6154,5.6154,5.6154,5.6154
6863,1,4.8227,4.7708,0.0519,5.9774,5.9774,5.9774,5.9774
6864,1,0.7761,0.7567,0.0194,5.3986,5.3986,5.3986,5.3986
6877,1,9.0219,8.8197,0.2022,6.2952,6.2952,6.2952,6.2952
6879,1,0.9897,0.9671,0.0226,5.4374,5.4374,5.4374,5.4374
6880,1,3.3178,3.2807,0.0371,5.402,5.402,5.402,5.402
6881,1,0.4227,0.4078,0.0148,5.3412,5.3412,5.3412,5.3412
6882,1,22.1614,21.5383,0.623,6.2798,6.2798,6.2798,6.2798
6883,1,0.9037,0.8789,0.0249,6.0408,6.0408,6.0408,6.0408
6887,1,1.2844,1.2602,0.0242,5.3947,5.3947,5.3947,5.3947
6906,3,5.3448,5.2789,0.0659,5.7446,5.7232,5.3159,6.1945
6944,3,16.4461,16.1487,0.2974,5.9743,5.9759,5.9378,6.0091
6984,2,17.0832,16.5161,0.5671,5.7869,5.7869,5.3976,6.1763
6985,1,0.5706,0.5486,0.022,5.4001,5.4001,5.4001,5.4001
6999,1,24.6061,23.9515,0.6546,5.7951,5.7951,5.7951,5.7951
7073,8,22.6536,22.1947,0.4589,5.7217,5.6804,5.3619,6.1898
7074,1,3.6853,3.647,0.0383,5.4115,5.4115,5.4115,5.4115
7136,5,33.6576,33.0627,0.5949,5.7037,5.8101,5.3883,6.011
7137,6,12.5919,12.4193,0.1725,5.4981,5.4154,5.3393,5.7247
7156,1,10.3467,9.8313,0.5155,6.4616,6.4616,6.4616,6.4616
7175,3,6.5854,6.4826,0.1028,5.6513,5.7295,5.4303,5.7941
7183,2,7.1896,7.0357,0.154,5.5164,5.5164,5.3449,5.6878
7186,1,0.5014,0.4804,0.0211,5.3691,5.3691,5.3691,5.3691
7187,1,0.8688,0.8447,0.0241,5.7208,5.7208,5.7208,5.7208
7196,1,6.1699,6.053,0.1168,5.6512,5.6512,5.6512,5.6512
7197,1,0.4875,0.4655,0.022,5.3937,5.3937,5.3937,5.3937
7198,1,0.4621,0.4426,0.0195,5.3695,5.3695,5.3695,5.3695
7200,1,25.3389,24.6431,0.6958,6.1542,6.1542,6.1542,6.1542
7202,5,14.1716,13.9117,0.2599,5.4881,5.4003,5.3374,5.8549
7203,1,0.8962,0.8758,0.0204,5.3837,5.3837,5.3837,5.3837
7249,83,108.7332,105.9379,2.7953,5.4311,5.35,5.3115,6.0002
7266,1,0.2743,0.2577,0.0166,5.3666,5.3666,5.3666,5.3666
7267,2,0.541,0.5061,0.0349,5.4515,5.4515,5.3407,5.5624
7284,1,0.4445,0.4219,0.0225,5.3587,5.3587,5.3587,5.3587
7342,2,0.4259,0.4005,0.0254,5.368,5.368,5.3277,5.4084
7367,1,0.2163,0.2042,0.0121,5.7701,5.7701,5.7701,5.7701
7379,1,1.0088,0.9566,0.0521,5.9744,5.9744,5.9744,5.9744
7395,1,0.2947,0.2772,0.0175,5.6156,5.6156,5.6156,5.6156
7396,2,0.6306,0.5923,0.0384,5.5047,5.5047,5.3889,5.6205
7403,5,4.4971,4.2663,0.2309,5.4719,5.4175,5.3237,5.7766
7426,1,1.2964,1.2437,0.0527,5.8527,5.8527,5.8527,5.8527
7430,1,14.1008,13.4294,0.6714,6.155,6.155,6.155,6.155
7432,6,6.6292,6.3251,0.3041,5.533,5.4658,5.363,5.7595
7433,1,0.2322,0.2036,0.0286,5.8235,5.8235,5.8235,5.8235
7435,8,5.8599,5.6507,0.2092,5.4332,5.4025,5.3401,5.6347
7448,5,2.3439,2.2177,0.1261,5.5365,5.5001,5.3935,5.843
7449,132,65.8425,63.169,2.6735,5.3903,5.3617,5.3169,5.9464
7451,145,104.6799,101.2471,3.4328,5.4133,5.358,5.3069,5.8749
7453,1,0.4773,0.4451,0.0321,6.181,6.181,6.181,6.181
7480,89,33.1734,31.453,1.7204,5.3938,5.3536,5.3196,5.9135
7485,1,2.0942,2.0765,0.0178,5.676,5.676,5.676,5.676
7513,1,1.667,1.6351,0.0319,5.6661,5.6661,5.6661,5.6661
7530,1,0.5397,0.5224,0.0172,5.3399,5.3399,5.3399,5.3399
7533,1,5.9521,5.8689,0.0832,6.7192,6.7192,6.7192,6.7192
7549,6,5.1229,4.986,0.1369,5.4084,5.389,5.3507,5.5195
7556,1,3.2164,3.1692,0.0472,5.9903,5.9903,5.9903,5.9903
7598,1,21.1387,19.8524,1.2863,5.6971,5.6971,5.6971,5.6971
7599,1,1.9575,1.929,0.0286,5.4571,5.4571,5.4571,5.4571
7602,7,3.4461,3.313,0.1331,5.362,5.3465,5.3329,5.4474
7603,403,450.7765,439.2309,11.5455,5.4008,5.3501,5.3096,6.1815
7605,1,21.9268,21.2591,0.6677,6.0481,6.0481,6.0481,6.0481
7609,1,0.8727,0.8516,0.0211,5.3856,5.3856,5.3856,5.3856
7612,1,1.3187,1.2971,0.0216,5.633,5.633,5.633,5.633
7613,1,1.9408,1.9175,0.0234,5.4989,5.4989,5.4989,5.4989
7623,2,4.2844,4.2416,0.0428,5.8325,5.8325,5.8006,5.8644
7720,1,8.7101,8.6253,0.0847,6.1284,6.1284,6.1284,6.1284
7761,4,7.0561,6.951,0.1051,5.3885,5.392,5.3559,5.4141
7797,1,1.7235,1.6942,0.0293,5.711,5.711,5.711,5.711
7853,2,50.0938,48.6577,1.4361,5.7949,5.7949,5.7543,5.8356
7854,1,2.1783,2.1462,0.0321,5.7211,5.7211,5.7211,5.7211
7865,1,1.277,1.2533,0.0237,5.6819,5.6819,5.6819,5.6819
7870,1,0.5705,0.5511,0.0194,5.3924,5.3924,5.3924,5.3924
7874,1,20.0,19.5069,0.4932,6.043,6.043,6.043,6.043
7876,1,0.5042,0.4868,0.0174,5.4179,5.4179,5.4179,5.4179
7881,1,1.2631,1.2381,0.0251,5.7594,5.7594,5.7594,5.7594
7882,1,0.5027,0.4856,0.0171,5.3255,5.3255,5.3255,5.3255
7891,1,1.0701,1.0473,0.0228,5.4964,5.4964,5.4964,5.4964
7906,40,234.7374,230.4579,4.2795,5.4567,5.3994,5.3255,5.9037
7911,1,1.639,1.6097,0.0293,5.7764,5.7764,5.7764,5.7764
7913,1,1.003,0.9847,0.0183,5.3711,5.3711,5.3711,5.3711
7914,1,0.919,0.9041,0.0149,5.4283,5.4283,5.4283,5.4283
7915,1,2.6196,2.5872,0.0324,6.0098,6.0098,6.0098,6.0098
7938,1,0.5853,0.5729,0.0124,5.3595,5.3595,5.3595,5.3595
7998,32,53.4986,52.5326,0.966,5.4918,5.408,5.329,6.2014
7999,2,1.3054,1.2612,0.0442,5.357,5.357,5.3408,5.3731
8044,1,21.8905,21.1662,0.7243,6.1152,6.1152,6.1152,6.1152
8045,1,6.4043,6.2785,0.1258,6.1335,6.1335,6.1335,6.1335
8079,15,17.4467,16.9972,0.4495,5.4322,5.4089,5.3193,5.8355
8080,44,21.5853,20.6824,0.9029,5.4113,5.3765,5.3312,5.9968
8091,3,2.3597,2.2639,0.0958,5.7018,5.7505,5.4757,5.8792
8098,2,1.3501,1.2901,0.06,5.5918,5.5918,5.5916,5.592
8101,1,0.9363,0.9058,0.0305,5.3779,5.3779,5.3779,5.3779
8142,31,15.6674,14.819,0.8485,5.4055,5.3725,5.324,5.8177
8145,1,0.7496,0.7217,0.0279,5.7879,5.7879,5.7879,5.7879
8147,8,7.5678,7.2753,0.2924,5.4703,5.3603,5.3281,6.3113
8148,5,5.0479,4.8856,0.1623,5.3839,5.3703,5.3398,5.4534
8176,1,1.6699,1.6261,0.0438,5.6219,5.6219,5.6219,5.6219
8185,119,88.8836,85.9182,2.9655,5.4458,5.365,5.3119,5.9547
8193,1,3.6873,3.5997,0.0876,5.8477,5.8477,5.8477,5.8477
8202,1,0.5464,0.5283,0.0182,5.3668,5.3668,5.3668,5.3668
8210,1,2.9907,2.9583,0.0324,6.2101,6.2101,6.2101,6.2101
8211,3,9.6936,9.512,0.1816,5.715,5.4263,5.3826,6.3362
8213,1,8.0812,7.901,0.1802,6.2935,6.2935,6.2935,6.2935
8214,1,0.3896,0.3731,0.0165,5.362,5.362,5.362,5.362
8218,1,0.59,0.5686,0.0213,5.3274,5.3274,5.3274,5.3274
8270,22,25.7217,25.2134,0.5082,5.4401,5.365,5.3173,5.9534
8273,1,0.3981,0.3791,0.019,5.4355,5.4355,5.4355,5.4355
8306,12,5.8646,5.6153,0.2493,5.4428,5.4113,5.3326,5.9009
8332,1,2.1258,2.0668,0.059,5.3982,5.3982,5.3982,5.3982
8348,1,1.038,1.004,0.034,5.8979,5.8979,5.8979,5.8979
8360,1,0.2649,0.2483,0.0166,5.34,5.34,5.34,5.34
8361,1,0.2971,0.2738,0.0233,5.3433,5.3433,5.3433,5.3433
8373,1,0.2732,0.2567,0.0165,5.3206,5.3206,5.3206,5.3206
8374,3,1.8169,1.743,0.0739,5.5858,5.4047,5.3302,6.0226
8403,6,2.3576,2.2238,0.1338,5.4114,5.37,5.3346,5.5272
8404,2,1.9061,1.8508,0.0552,5.5818,5.5818,5.3351,5.8286
8409,1,0.3037,0.2851,0.0186,5.3748,5.3748,5.3748,5.3748
8410,1,0.4659,0.442,0.0238,5.6949,5.6949,5.6949,5.6949
8415,1,0.3379,0.3175,0.0203,5.3522,5.3522,5.3522,5.3522
8418,1,0.4244,0.4027,0.0218,5.3983,5.3983,5.3983,5.3983
8423,1,1.2754,1.2413,0.034,5.5683,5.5683,5.5683,5.5683
8425,8,12.7036,12.466,0.2376,5.644,5.6925,5.3596,5.9115
8436,1,3.695,3.658,0.0371,5.627,5.627,5.627,5.627
8437,1,49.3635,47.038,2.3255,6.5146,6.5146,6.5146,6.5146
8438,1,32.0799,31.1855,0.8943,6.0478,6.0478,6.0478,6.0478
8439,1,1.4814,1.4591,0.0223,5.3292,5.3292,5.3292,5.3292
8440,1,0.8087,0.7879,0.0208,5.394,5.394,5.394,5.394
8450,25,24.5735,23.8683,0.7052,5.5547,5.4281,5.3296,6.6769
8495,55,99.0994,96.4611,2.6383,5.5126,5.4017,5.3192,6.2903
8496,11,8.2244,7.9724,0.252,5.5501,5.4922,5.3287,5.9914
8514,1,0.6122,0.5919,0.0203,5.372,5.372,5.372,5.372
8593,1,0.3646,0.3477,0.0169,5.3361,5.3361,5.3361,5.3361
8608,2,1.0945,1.0478,0.0467,5.5505,5.5505,5.3704,5.7305
8609,11,9.704,9.3159,0.3881,5.552,5.3852,5.3356,6.4482
8627,1,0.4644,0.4417,0.0227,5.3219,5.3219,5.3219,5.3219
8636,1,0.3686,0.3401,0.0285,5.5691,5.5691,5.5691,5.5691
8641,1,1.0702,1.0268,0.0434,5.5481,5.5481,5.5481,5.5481
8660,1,0.9831,0.9554,0.0277,5.3275,5.3275,5.3275,5.3275
8661,1,0.4333,0.4111,0.0222,5.3887,5.3887,5.3887,5.3887
8678,1,0.4808,0.4573,0.0235,5.3836,5.3836,5.3836,5.3836
8679,1,6.8955,6.6763,0.2192,6.125,6.125,6.125,6.125
8681,1,28.2378,27.2257,1.0122,6.1836,6.1836,6.1836,6.1836
8682,1,0.5825,0.5611,0.0214,5.7607,5.7607,5.7607,5.7607
8683,1,37.6419,36.3935,1.2484,6.4622,6.4622,6.4622,6.4622
8684,1,1.6462,1.6167,0.0295,5.8823,5.8823,5.8823,5.8823
8685,1,0.6837,0.6632,0.0205,5.3829,5.3829,5.3829,5.3829
8690,1,0.5474,0.5267,0.0207,5.3806,5.3806,5.3806,5.3806
8695,10,27.7647,26.7426,1.0222,5.7655,5.7063,5.3322,6.4466
8696,15,29.5399,28.8919,0.648,5.6448,5.5458,5.3172,6.3149
8706,1,1.377,1.3526,0.0244,5.5442,5.5442,5.5442,5.5442
8707,11,13.8549,13.5963,0.2587,5.5979,5.5836,5.333,5.8669
8714,3,1.6578,1.6019,0.0559,5.3653,5.3574,5.344,5.3944
8776,17,40.3786,39.1933,1.1852,5.6057,5.488,5.3349,6.4297
8792,1,0.3429,0.3287,0.0143,5.3866,5.3866,5.3866,5.3866
8874,1,0.4792,0.4581,0.0212,5.5053,5.5053,5.5053,5.5053
8905,1,0.3477,0.3331,0.0147,5.382,5.382,5.382,5.382
8906,1,0.4089,0.3913,0.0176,5.3541,5.3541,5.3541,5.3541
8923,9,8.0337,7.7921,0.2416,5.4687,5.3858,5.3409,5.7687
8924,3,1.5569,1.4912,0.0657,5.4305,5.4398,5.3785,5.4731
8944,1,29.0312,28.31,0.7212,6.2584,6.2584,6.2584,6.2584
8960,1,1.3204,1.2982,0.0222,5.9237,5.9237,5.9237,5.9237
8965,1,1.0003,0.9762,0.0241,5.4203,5.4203,5.4203,5.4203
8971,18,17.8748,17.43,0.4449,5.466,5.4133,5.3269,5.826
8975,1,0.5,0.4787,0.0213,5.3638,5.3638,5.3638,5.3638
8981,2,3.9902,3.8948,0.0954,5.7496,5.7496,5.4159,6.0832
8984,1,0.3619,0.3447,0.0172,5.3849,5.3849,5.3849,5.3849
8988,9,28.5923,27.6551,0.9372,5.6587,5.4591,5.3265,6.5954
8993,1,4.4676,4.4192,0.0485,5.4089,5.4089,5.4089,5.4089
8996,1,40.3072,38.668,1.6392,6.5175,6.5175,6.5175,6.5175
8997,1,2.0365,2.0096,0.0269,5.9097,5.9097,5.9097,5.9097
8998,1,0.8275,0.8061,0.0214,5.3201,5.3201,5.3201,5.3201
9058,1,0.6344,0.6157,0.0186,5.3803,5.3803,5.3803,5.3803
9066,1,0.8097,0.7891,0.0206,5.3871,5.3871,5.3871,5.3871
9078,1,1.3947,1.3696,0.0252,5.5811,5.5811,5.5811,5.5811
9080,5,4.5361,4.4372,0.0989,5.4161,5.3546,5.3389,5.6089
9113,68,50.7467,49.2856,1.4611,5.4184,5.3817,5.3121,5.7851
9124,1,0.5829,0.5571,0.0258,5.424,5.424,5.424,5.424
9166,1,0.366,0.3447,0.0213,5.5506,5.5506,5.5506,5.5506
9167,1,5.862,5.6549,0.2071,6.1143,6.1143,6.1143,6.1143
9179,3,1.8477,1.7869,0.0608,5.3745,5.3772,5.3282,5.4181
9220,1,0.8397,0.819,0.0206,5.3201,5.3201,5.3201,5.3201
9227,1,0.7233,0.7016,0.0217,5.8644,5.8644,5.8644,5.8644
9231,1,1.2493,1.2265,0.0228,5.8426,5.8426,5.8426,5.8426
9234,1,50.1021,45.8299,4.2721,6.5353,6.5353,6.5353,6.5353
9235,1,0.8573,0.836,0.0213,5.3526,5.3526,5.3526,5.3526
9236,1,1.6485,1.6223,0.0262,5.9978,5.9978,5.9978,5.9978
9237,1,0.6685,0.6409,0.0275,6.0012,6.0012,6.0012,6.0012
9263,3,2.0357,1.9648,0.0709,5.3829,5.3736,5.3589,5.4161
9269,2,9.3084,9.1324,0.176,5.6168,5.6168,5.3244,5.9091
9302,2,1.0049,0.9691,0.0358,5.3494,5.3494,5.3392,5.3597
9336,1,0.9,0.8791,0.0209,5.7385,5.7385,5.7385,5.7385
9365,1,0.5658,0.5491,0.0167,5.3621,5.3621,5.3621,5.3621
9368,185,206.6358,201.3532,5.2826,5.4159,5.3502,5.3119,6.2807
9369,3,6.7191,6.6314,0.0877,5.3612,5.3436,5.3281,5.4118
9384,1,0.5401,0.5219,0.0182,5.4025,5.4025,5.4025,5.4025
9385,1,0.8357,0.8136,0.0221,5.4865,5.4865,5.4865,5.4865
9410,248,157.6972,151.8957,5.8015,5.4198,5.3493,5.3138,6.0944
9413,1,0.8365,0.8152,0.0213,5.3222,5.3222,5.3222,5.3222
9437,1,2.199,2.1663,0.0327,5.9902,5.9902,5.9902,5.9902
9455,1,0.6937,0.674,0.0197,5.6762,5.6762,5.6762,5.6762
9469,1,0.4731,0.4581,0.015,5.3663,5.3663,5.3663,5.3663
9486,1,0.5008,0.4843,0.0165,5.3368,5.3368,5.3368,5.3368
9488,1,0.8079,0.7902,0.0177,5.4183,5.4183,5.4183,5.4183
9489,1,0.4565,0.44,0.0165,5.3346,5.3346,5.3346,5.3346
9570,2,1.805,1.7614,0.0436,5.649,5.649,5.3681,5.9299
9667,263,249.7677,242.5922,7.1755,5.4249,5.3529,5.3092,6.1553
9668,5,5.171,5.0519,0.1191,5.4547,5.373,5.3253,5.8346
9690,8,6.2967,6.1134,0.1834,5.4233,5.4033,5.3551,5.5919
9769,1,0.6413,0.6299,0.0114,5.3985,5.3985,5.3985,5.3985
9770,147,191.5966,186.8212,4.7754,5.4642,5.3554,5.3171,6.672
9780,1,0.736,0.712,0.024,5.6321,5.6321,5.6321,5.6321
9795,1,0.644,0.6192,0.0248,5.8532,5.8532,5.8532,5.8532
9821,1,1.2213,1.2001,0.0212,5.7044,5.7044,5.7044,5.7044
9827,1,0.6351,0.6209,0.0142,5.3314,5.3314,5.3314,5.3314
9828,1,6.8671,6.7808,0.0863,5.4614,5.4614,5.4614,5.4614
9829,1,0.7073,0.688,0.0193,5.3959,5.3959,5.3959,5.3959
9830,1,2.3668,2.3333,0.0334,5.6533,5.6533,5.6533,5.6533
9832,1,0.7737,0.7562,0.0176,5.7431,5.7431,5.7431,5.7431
9833,1,0.728,0.7134,0.0146,5.3766,5.3766,5.3766,5.3766
9899,19,29.9343,29.3893,0.5451,5.5143,5.4188,5.3287,6.3512
9900,2,3.8916,3.8201,0.0715,5.8528,5.8528,5.7599,5.9457
9906,1,0.4762,0.4569,0.0194,5.6433,5.6433,5.6433,5.6433
9918,2,1.055,1.0182,0.0368,5.5553,5.5553,5.3408,5.7697
9951,1,0.631,0.6097,0.0213,5.4277,5.4277,5.4277,5.4277
10017,22,38.0815,36.4394,1.6421,5.5259,5.3858,5.3216,6.2993
10026,1,0.464,0.449,0.015,5.9543,5.9543,5.9543,5.9543
10033,1,0.6737,0.6549,0.0189,5.6983,5.6983,5.6983,5.6983
10091,1,0.1903,0.1746,0.0158,5.3339,5.3339,5.3339,5.3339
10126,1,0.2282,0.2175,0.0107,5.3716,5.3716,5.3716,5.3716
10133,1,0.2032,0.1908,0.0124,5.3792,5.3792,5.3792,5.3792
10135,1,0.2047,0.1944,0.0103,5.3734,5.3734,5.3734,5.3734
10138,1,0.5485,0.5327,0.0158,5.3165,5.3165,5.3165,5.3165
10145,1,0.1958,0.1799,0.0159,5.33,5.33,5.33,5.33
10146,1,3.178,3.0693,0.1087,6.0182,6.0182,6.0182,6.0182
10148,1,4.767,4.6439,0.1231,6.595,6.595,6.595,6.595
10150,1,0.6735,0.6589,0.0146,5.5034,5.5034,5.5034,5.5034
10151,1,0.7143,0.6984,0.0159,5.6018,5.6018,5.6018,5.6018
10190,72,24.5519,23.6232,0.9286,5.4193,5.3728,5.3155,5.8692
10191,8,2.2419,2.1403,0.1016,5.4046,5.3751,5.3373,5.6724
10199,1,0.3398,0.3272,0.0127,5.6529,5.6529,5.6529,5.6529
10205,1,0.3295,0.3161,0.0134,5.3918,5.3918,5.3918,5.3918
10222,133,64.1121,62.1717,1.9404,5.424,5.3531,5.3113,6.3083
10260,9,26.7768,26.5188,0.2579,5.5273,5.3761,5.3244,6.2755
10291,11,11.9833,11.8368,0.1465,5.4862,5.4057,5.3208,5.8164
10296,1,0.571,0.5583,0.0127,5.4446,5.4446,5.4446,5.4446
10311,1,0.7269,0.7129,0.014,5.7531,5.7531,5.7531,5.7531
10314,73,67.9197,66.0544,1.8653,5.4407,5.3881,5.3245,6.7712
10335,1,2.2837,2.2567,0.0269,5.7978,5.7978,5.7978,5.7978
10354,1,1.233,1.2126,0.0204,5.7318,5.7318,5.7318,5.7318
10357,1,0.8045,0.7879,0.0166,6.1335,6.1335,6.1335,6.1335
10363,4,9.5042,9.4104,0.0938,5.6208,5.6584,5.3801,5.7862
10366,1,0.7559,0.7452,0.0107,5.3804,5.3804,5.3804,5.3804
10367,1,11.0647,10.9194,0.1453,5.9779,5.9779,5.9779,5.9779
10368,1,1.5974,1.5828,0.0146,5.843,5.843,5.843,5.843
10405,102,99.8538,97.8442,2.0097,5.4062,5.3415,5.3138,6.2708
10416,1,0.4081,0.3992,0.0089,5.3427,5.3427,5.3427,5.3427
10428,75,198.6118,195.847,2.7649,5.4882,5.3462,5.3124,6.3111
10501,1,0.5403,0.5311,0.0092,5.3401,5.3401,5.3401,5.3401
10528,1,3.4282,3.4058,0.0224,6.0347,6.0347,6.0347,6.0347
10533,1,1.5236,1.4222,0.1014,5.4706,5.4706,5.4706,5.4706
10554,3,8.3161,8.2594,0.0568,5.8755,5.8804,5.8016,5.9445
10590,1,1.0268,1.0144,0.0124,5.6497,5.6497,5.6497,5.6497
10591,1,1.4732,1.4598,0.0134,6.0648,6.0648,6.0648,6.0648
10609,1,8.9686,8.8823,0.0863,6.0521,6.0521,6.0521,6.0521
10610,1,0.6229,0.6127,0.0102,5.4101,5.4101,5.4101,5.4101
10623,1,0.5808,0.5713,0.0094,5.3767,5.3767,5.3767,5.3767
10626,1,0.8197,0.809,0.0107,5.3717,5.3717,5.3717,5.3717
10635,4,4.5218,4.4749,0.0469,5.4782,5.4304,5.3355,5.7163
10636,4,3.8726,3.8233,0.0493,5.3935,5.385,5.3748,5.4293
10638,7,17.6548,17.2198,0.435,5.6011,5.3713,5.3321,6.2889
10640,1,1.9759,1.9579,0.018,5.7743,5.7743,5.7743,5.7743
10641,1,1.4532,1.4385,0.0146,5.3235,5.3235,5.3235,5.3235
10673,1,0.6391,0.6279,0.0111,5.4385,5.4385,5.4385,5.4385
10729,2,1.2576,1.2353,0.0223,5.7809,5.7809,5.7548,5.807
10730,1,0.393,0.3839,0.0091,5.3301,5.3301,5.3301,5.3301
10799,1,3.1477,3.1211,0.0267,5.7117,5.7117,5.7117,5.7117
10800,1,0.4351,0.4254,0.0097,5.3468,5.3468,5.3468,5.3468
10814,1,0.5422,0.5323,0.0099,5.3907,5.3907,5.3907,5.3907
10853,1,1.1807,1.1666,0.0142,6.0444,6.0444,6.0444,6.0444
10857,3,1.4163,1.3865,0.0298,5.3729,5.3504,5.3323,5.4359
10864,1,0.5286,0.5174,0.0111,5.5454,5.5454,5.5454,5.5454
10897,1,1.0312,1.0172,0.0139,5.54,5.54,5.54,5.54
10904,1,0.4366,0.4239,0.0127,5.3324,5.3324,5.3324,5.3324
10912,1,0.4482,0.4379,0.0103,5.3674,5.3674,5.3674,5.3674
10926,1,3.3155,3.2824,0.0331,5.8038,5.8038,5.8038,5.8038
10928,1,0.3478,0.3384,0.0094,5.7212,5.7212,5.7212,5.7212
10929,68,88.3118,87.3691,0.9427,5.4601,5.3747,5.3253,6.0711
10930,1,0.7279,0.7179,0.0099,5.3544,5.3544,5.3544,5.3544
10931,1,1.1918,1.1741,0.0176,5.5585,5.5585,5.5585,5.5585
10932,1,0.6355,0.6256,0.0098,5.3682,5.3682,5.3682,5.3682
10933,1,0.5369,0.5285,0.0084,5.3291,5.3291,5.3291,5.3291
10935,1,2.4968,2.4792,0.0176,5.8029,5.8029,5.8029,5.8029
10936,25,16.0634,15.8034,0.26,5.3637,5.3445,5.3227,5.5367
10946,13,6.8799,6.7421,0.1378,5.4051,5.3508,5.3221,5.7464
10947,13,8.0794,7.9238,0.1556,5.5384,5.4583,5.3389,5.9817
11013,1,0.8961,0.8826,0.0135,5.4869,5.4869,5.4869,5.4869
11028,1,3.894,3.8739,0.0201,5.7708,5.7708,5.7708,5.7708
11029,1,0.6595,0.6498,0.0097,5.4054,5.4054,5.4054,5.4054
11112,1,0.9427,0.9314,0.0113,5.3862,5.3862,5.3862,5.3862
11113,1,1.8749,1.8606,0.0143,5.331,5.331,5.331,5.331
11114,1,1.6742,1.6606,0.0136,6.2536,6.2536,6.2536,6.2536
11121,1,0.8086,0.7981,0.0105,5.4462,5.4462,5.4462,5.4462
11123,1,1.1078,1.097,0.0107,5.3668,5.3668,5.3668,5.3668
11124,1,0.6223,0.613,0.0093,5.3371,5.3371,5.3371,5.3371
11156,1,3.1048,3.0863,0.0185,5.8099,5.8099,5.8099,5.8099
11157,1,0.6002,0.5915,0.0087,5.3233,5.3233,5.3233,5.3233
11158,1,0.8024,0.7919,0.0105,5.435,5.435,5.435,5.435
11195,2,1.5564,1.5357,0.0207,5.3898,5.3898,5.3382,5.4414
11221,7,17.2848,17.1717,0.1131,5.5087,5.4374,5.3354,5.8528
11222,58,72.0069,70.9363,1.0706,5.5019,5.433,5.3239,6.2276
11260,1,0.3139,0.3022,0.0118,5.6857,5.6857,5.6857,5.6857
11301,1,30.8109,30.0118,0.7991,6.463,6.463,6.463,6.463
11310,1,0.6092,0.6004,0.0087,5.3315,5.3315,5.3315,5.3315
11361,2,2.5744,2.5455,0.0289,5.3965,5.3965,5.3699,5.4231
11368,1,0.9931,0.9829,0.0103,5.4096,5.4096,5.4096,5.4096
11369,2,2.783,2.7576,0.0254,5.4862,5.4862,5.3883,5.5841
11383,2,3.9273,3.8877,0.0396,5.4757,5.4757,5.4715,5.48
11394,5,51.8741,50.7098,1.1642,5.866,5.7116,5.4191,6.803
11395,9,29.4245,28.9804,0.4441,5.6175,5.4713,5.3204,6.4567
11397,1,4.1296,4.1038,0.0257,5.8257,5.8257,5.8257,5.8257
11410,1,0.9574,0.9462,0.0112,5.3987,5.3987,5.3987,5.3987
11412,1,0.7356,0.7252,0.0104,5.4332,5.4332,5.4332,5.4332
11429,1,1.742,1.7289,0.0131,5.4306,5.4306,5.4306,5.4306
11434,1,1.9834,1.969,0.0143,6.2299,6.2299,6.2299,6.2299
11435,1,2.1963,2.179,0.0173,5.3178,5.3178,5.3178,5.3178
11441,1,0.9329,0.9209,0.012,5.7756,5.7756,5.7756,5.7756
11443,1,0.9173,0.9071,0.0102,5.4281,5.4281,5.4281,5.4281
11444,1,2.3539,2.3378,0.0161,5.5124,5.5124,5.5124,5.5124
11445,1,0.8317,0.822,0.0098,5.3612,5.3612,5.3612,5.3612
11446,1,7.2869,7.2262,0.0607,5.7328,5.7328,5.7328,5.7328
11447,1,15.9139,15.6225,0.2913,6.2929,6.2929,6.2929,6.2929
11454,21,68.2257,67.5189,0.7068,5.559,5.4246,5.3265,6.3813
11490,2,3.8729,3.8436,0.0293,5.6199,5.6199,5.3434,5.8963
11491,1,0.5414,0.5325,0.0089,5.3577,5.3577,5.3577,5.3577
11507,1,30.8161,30.1826,0.6335,6.587,6.587,6.587,6.587
11512,2,3.0889,3.061,0.0279,5.5105,5.5105,5.4804,5.5406
11519,1,2.4491,2.4313,0.0178,5.5457,5.5457,5.5457,5.5457
11582,43,93.9003,92.8586,1.0417,5.4887,5.4051,5.326,6.4222
11602,1,0.7576,0.7478,0.0097,5.3986,5.3986,5.3986,5.3986
11617,1,0.7336,0.724,0.0096,5.3912,5.3912,5.3912,5.3912
11622,1,1.3011,1.2894,0.0117,5.3881,5.3881,5.3881,5.3881
11625,1,1.4306,1.4175,0.0131,5.911,5.911,5.911,5.911
11651,6,7.2517,7.1793,0.0724,5.5121,5.3883,5.3292,5.8279
11668,1,1.3365,1.2593,0.0772,6.2473,6.2473,6.2473,6.2473
11675,1,2.0065,1.992,0.0145,5.3288,5.3288,5.3288,5.3288
11677,1,2.007,1.9925,0.0145,5.8042,5.8042,5.8042,5.8042
11680,4,5.9246,5.8623,0.0623,5.615,5.579,5.3406,5.9616
11681,5,6.524,6.4515,0.0725,5.5131,5.5248,5.3661,5.6524
11699,1,0.6494,0.6391,0.0102,5.374,5.374,5.374,5.374
11700,10,21.284,21.1338,0.1502,5.484,5.3899,5.3371,5.8206
11702,2,8.1949,8.1434,0.0515,5.6126,5.6126,5.3743,5.851
11713,2,1.2062,1.1872,0.019,5.4151,5.4151,5.4109,5.4193
11715,1,2.9883,2.9699,0.0185,5.728,5.728,5.728,5.728
11785,2,4.1873,4.145,0.0423,5.6434,5.6434,5.3306,5.9561
11797,1,1.0609,1.0486,0.0123,5.6855,5.6855,5.6855,5.6855
11828,1,0.8355,0.8247,0.0108,5.5615,5.5615,5.5615,5.5615
11841,1,0.5921,0.5825,0.0096,5.4483,5.4483,5.4483,5.4483
11861,1,0.86,0.8495,0.0105,5.3805,5.3805,5.3805,5.3805
11878,1,18.7596,18.3563,0.4033,6.5951,6.5951,6.5951,6.5951
11892,1,0.6745,0.6642,0.0103,5.4633,5.4633,5.4633,5.4633
11901,1,2.1061,2.089,0.017,5.5866,5.5866,5.5866,5.5866
11914,1,1.0691,1.0589,0.0103,5.3344,5.3344,5.3344,5.3344
11923,4,6.8316,6.7834,0.0482,5.6214,5.5978,5.3376,5.9525
11926,1,0.8079,0.799,0.0089,5.4264,5.4264,5.4264,5.4264
11929,1,0.8637,0.8553,0.0084,5.4174,5.4174,5.4174,5.4174
11934,1,0.8231,0.8144,0.0086,5.3637,5.3637,5.3637,5.3637
11944,7,11.5,11.4126,0.0874,5.5718,5.5295,5.3197,6.0843
12038,7,2.8556,2.7611,0.0946,4.6748,5.3378,3.356,5.9828
12064,1,0.2034,0.1915,0.0119,5.344,5.344,5.344,5.344
12065,1,0.2195,0.2093,0.0101,5.3486,5.3486,5.3486,5.3486
12085,3,0.6329,0.603,0.03,5.4001,5.3741,5.3586,5.4675
12086,19,10.7587,10.4788,0.2799,5.5915,5.5838,5.3267,5.9428
12094,2,0.4072,0.3795,0.0277,5.0929,5.0929,4.8269,5.359
12095,402,130.0314,125.4442,4.5872,5.389,5.3412,4.6309,6.8195
12118,1,1.4544,1.4408,0.0136,5.3128,5.3128,5.3128,5.3128
12126,1,11.6325,11.4405,0.192,6.1413,6.1413,6.1413,6.1413
12137,4,6.5409,6.4702,0.0707,5.6026,5.561,5.4116,5.8769
12156,4,2.9594,2.9167,0.0427,5.416,5.3756,5.3434,5.5694
12158,1,0.4759,0.4669,0.009,5.3313,5.3313,5.3313,5.3313
12160,1,0.8081,0.7964,0.0117,5.4259,5.4259,5.4259,5.4259
12181,1,1.0526,1.0402,0.0124,5.4099,5.4099,5.4099,5.4099
12183,1,0.5597,0.5493,0.0104,5.4691,5.4691,5.4691,5.4691
12184,1,0.5372,0.5272,0.01,5.4084,5.4084,5.4084,5.4084
12185,1,7.7405,7.6324,0.1081,5.9724,5.9724,5.9724,5.9724
12188,249,257.558,252.6995,4.8585,5.4175,5.3513,5.3046,6.1237
12189,1,1.093,1.0812,0.0118,5.7902,5.7902,5.7902,5.7902
12193,1,2.591,2.5708,0.0202,5.9494,5.9494,5.9494,5.9494
12253,1,1.1025,1.0894,0.013,5.6894,5.6894,5.6894,5.6894
12254,1,2.5248,2.5075,0.0172,5.5317,5.5317,5.5317,5.5317
12312,6,12.6619,12.5276,0.1342,5.7542,5.4563,5.3429,7.0505
12314,151,86.6102,85.1402,1.47,5.3699,5.334,5.3093,5.9324
12333,1,0.5203,0.5102,0.0101,5.3307,5.3307,5.3307,5.3307
12334,1,0.5148,0.5059,0.0089,5.2965,5.2965,5.2965,5.2965
12337,151,113.4655,110.8398,2.6256,5.408,5.3497,5.3111,6.0493
12366,1,0.9631,0.9459,0.0171,5.6939,5.6939,5.6939,5.6939
12367,1,0.2557,0.2461,0.0095,5.3414,5.3414,5.3414,5.3414
12383,2,29.7411,28.809,0.932,6.039,6.039,5.351,6.7271
12397,2,0.7009,0.679,0.0219,5.4177,5.4177,5.4125,5.4229
12398,13,11.2032,10.8248,0.3784,5.5626,5.4812,5.3352,6.0973
12405,2,0.569,0.5483,0.0206,5.4128,5.4128,5.391,5.4347
12413,1,0.2123,0.2029,0.0094,5.3342,5.3342,5.3342,5.3342
12416,15,42.2784,41.2206,1.0579,5.4823,5.3754,5.3315,6.005
12437,1,0.306,0.296,0.0101,5.3565,5.3565,5.3565,5.3565
12441,1,0.2978,0.2881,0.0097,5.389,5.389,5.389,5.389
12445,1,0.3329,0.3201,0.0128,5.4667,5.4667,5.4667,5.4667
12446,2,4.0426,3.9541,0.0885,5.9125,5.9125,5.4282,6.3968
12447,1,0.6226,0.6081,0.0146,5.4477,5.4477,5.4477,5.4477
12449,1,0.2933,0.2822,0.0111,5.3346,5.3346,5.3346,5.3346
12450,1,0.1967,0.181,0.0157,5.3348,5.3348,5.3348,5.3348
12451,1,9.463,9.281,0.182,6.4303,6.4303,6.4303,6.4303
12452,1,0.3203,0.3086,0.0116,5.3453,5.3453,5.3453,5.3453
12453,1,0.9802,0.9644,0.0158,5.9493,5.9493,5.9493,5.9493
12467,6,17.4474,16.8374,0.61,5.5359,5.3692,5.3496,5.9421
12502,1,1.7646,1.7408,0.0238,5.6306,5.6306,5.6306,5.6306
12503,1,9.7747,9.5718,0.2029,6.2554,6.2554,6.2554,6.2554
12509,7,4.9863,4.8968,0.0896,5.3906,5.3555,5.3138,5.5541
12527,2,0.7729,0.7508,0.0221,5.4123,5.4123,5.3288,5.4958
12542,3,3.8692,3.8107,0.0585,6.1997,6.1612,6.1478,6.2902
12575,1,0.2937,0.2838,0.0098,5.3686,5.3686,5.3686,5.3686
12616,1,1.1267,1.1097,0.0169,5.6712,5.6712,5.6712,5.6712
12621,2,0.6991,0.6776,0.0215,5.5811,5.5811,5.3381,5.8241
12622,2,0.704,0.6795,0.0245,5.3758,5.3758,5.362,5.3897
12625,1,3.4204,3.3488,0.0716,6.551,6.551,6.551,6.551
12628,5,1.8571,1.8097,0.0475,5.3476,5.3348,5.3309,5.3791
12629,7,4.0108,3.9311,0.0797,5.4326,5.3535,5.3268,5.8367
12632,3,2.5928,2.547,0.0458,5.5764,5.6165,5.3223,5.7902
12633,1,0.7524,0.7403,0.0121,5.3681,5.3681,5.3681,5.3681
12637,1,13.6399,13.3197,0.3202,6.4253,6.4253,6.4253,6.4253
12647,1,8.934,8.7562,0.1778,6.247,6.247,6.247,6.247
12653,1,0.3403,0.33,0.0103,5.3408,5.3408,5.3408,5.3408
12678,1,0.2837,0.274,0.0097,5.3652,5.3652,5.3652,5.3652
12709,7,8.8448,8.6858,0.159,5.6359,5.465,5.3455,6.3318
12717,1,1.4898,1.4681,0.0217,5.9557,5.9557,5.9557,5.9557
12718,1,0.277,0.2671,0.0099,5.3794,5.3794,5.3794,5.3794
12734,1,0.3525,0.34,0.0125,5.3518,5.3518,5.3518,5.3518
12737,1,0.3408,0.3303,0.0105,5.3278,5.3278,5.3278,5.3278
12738,2,0.6922,0.6706,0.0216,5.5238,5.5238,5.3421,5.7056
12763,2,2.7025,2.6695,0.033,5.6623,5.6623,5.3282,5.9964
12768,1,13.5858,13.2082,0.3776,6.5602,6.5602,6.5602,6.5602
12769,1,0.3247,0.3149,0.0098,5.3233,5.3233,5.3233,5.3233
12774,1,0.2736,0.2648,0.0088,5.4284,5.4284,5.4284,5.4284
12781,1,0.3719,0.3616,0.0103,5.4428,5.4428,5.4428,5.4428
12797,1,0.4329,0.4209,0.0121,5.4911,5.4911,5.4911,5.4911
12799,1,0.4111,0.3995,0.0116,5.9017,5.9017,5.9017,5.9017
12800,1,0.4085,0.3997,0.0088,5.3423,5.3423,5.3423,5.3423
12809,1,0.9855,0.9724,0.0131,5.8151,5.8151,5.8151,5.8151
12810,1,0.4501,0.44,0.0101,5.349,5.349,5.349,5.349
12811,1,1.837,1.8196,0.0174,5.725,5.725,5.725,5.725
12812,1,0.3538,0.345,0.0087,5.338,5.338,5.338,5.338
12813,1,0.9855,0.9727,0.0127,5.431,5.431,5.431,5.431
12825,2,3.1269,3.0874,0.0395,5.544,5.544,5.3537,5.7343
12839,9,12.0147,11.856,0.1586,5.606,5.4453,5.3321,6.301
12843,3,14.4124,13.956,0.4564,5.5153,5.3283,5.3186,5.8991
12850,4,8.2611,8.1435,0.1175,5.8931,5.8299,5.559,6.3538
12851,5,3.0846,3.0252,0.0595,5.5072,5.4439,5.3495,5.795
12854,425,199.8149,195.0878,4.7271,5.3872,5.3475,5.31,6.5356
12860,1,0.2983,0.2892,0.0092,5.4553,5.4553,5.4553,5.4553
12861,1,5.4456,5.347,0.0986,6.5307,6.5307,6.5307,6.5307
12906,1,1.5709,1.5515,0.0194,5.7794,5.7794,5.7794,5.7794
12907,1,0.428,0.4178,0.0101,5.3523,5.3523,5.3523,5.3523
12955,59,60.2775,59.2775,1.0,5.4836,5.4046,5.3122,6.5232
12956,7,3.5382,3.4487,0.0895,5.4499,5.4224,5.329,5.6844
12957,49,18.339,17.8135,0.5254,5.3942,5.3521,5.3126,5.7196
12966,1,0.2837,0.2732,0.0105,5.5722,5.5722,5.5722,5.5722
12970,1,0.981,0.9693,0.0117,5.4937,5.4937,5.4937,5.4937
12979,1,1.7705,1.7546,0.0159,5.9574,5.9574,5.9574,5.9574
12981,1,1.5364,1.5167,0.0197,5.7416,5.7416,5.7416,5.7416
13001,2,1.1611,1.1397,0.0214,5.3562,5.3562,5.3387,5.3737
13004,1,1.0431,1.0299,0.0131,5.5614,5.5614,5.5614,5.5614
13012,1,0.5065,0.4961,0.0104,5.4448,5.4448,5.4448,5.4448
13021,1,0.6115,0.5984,0.0131,2.805,2.805,2.805,2.805
13022,1,1.5869,1.5729,0.014,5.3221,5.3221,5.3221,5.3221
13023,1,0.6585,0.6474,0.0111,5.3456,5.3456,5.3456,5.3456
13024,1,12.1526,11.9774,0.1752,6.2596,6.2596,6.2596,6.2596
13031,14,28.506,27.9768,0.5293,5.5306,5.42,5.3432,5.7927
13041,4,2.5327,2.4846,0.0481,5.4688,5.4368,5.3462,5.6552
13092,1,0.9897,0.9747,0.015,5.5053,5.5053,5.5053,5.5053
13109,2,1.0804,1.0555,0.0249,5.6863,5.6863,5.3286,6.044
13118,3,15.0735,14.4427,0.6308,5.668,5.6954,5.35,5.9587
13131,13,5.8876,5.7542,0.1334,5.3657,5.3589,5.3266,5.4242
13137,52,18.0726,17.5199,0.5527,4.962,5.3464,2.8578,5.8377
13170,1,19.3753,18.9037,0.4716,6.6628,6.6628,6.6628,6.6628
13176,6,5.9342,5.8532,0.0809,5.6874,5.6649,5.4708,5.9786
13189,19,21.0819,20.7739,0.308,5.5021,5.4171,5.3143,5.9411
13192,1,0.7804,0.7671,0.0133,5.8031,5.8031,5.8031,5.8031
13199,1,0.283,0.274,0.0091,5.3321,5.3321,5.3321,5.3321
13207,4,2.0924,2.0465,0.0459,5.5253,5.5092,5.3303,5.7527
13215,1,0.3642,0.3539,0.0104,5.3901,5.3901,5.3901,5.3901
13252,1,1.0019,0.9873,0.0145,5.8132,5.8132,5.8132,5.8132
13253,1,16.636,16.1559,0.4802,6.0297,6.0297,6.0297,6.0297
13256,1,0.9188,0.9004,0.0184,5.7748,5.7748,5.7748,5.7748
13261,1,1.9473,1.9223,0.025,5.8122,5.8122,5.8122,5.8122
13262,65,75.4903,74.3624,1.128,5.4242,5.353,5.318,6.0315
13272,1,1.5103,1.4957,0.0147,5.3204,5.3204,5.3204,5.3204
13273,5,7.451,7.3384,0.1126,5.6122,5.6928,5.357,5.8793
13274,1,0.5773,0.5478,0.0295,5.4698,5.4698,5.4698,5.4698
13282,1,0.2129,0.2031,0.0098,5.3611,5.3611,5.3611,5.3611
13283,15,43.5379,41.8659,1.6721,5.7122,5.6197,5.3356,6.4971
13289,1,0.2093,0.2001,0.0091,5.3825,5.3825,5.3825,5.3825
13290,6,2.265,2.1922,0.0727,5.5475,5.4466,5.3558,6.0196
13292,1,0.2237,0.214,0.0096,5.3383,5.3383,5.3383,5.3383
13295,1,0.2585,0.2479,0.0107,5.3733,5.3733,5.3733,5.3733
13296,2,1.6597,1.6259,0.0338,5.7066,5.7066,5.3494,6.0638
13298,3,0.6513,0.6245,0.0268,5.3335,5.3351,5.3268,5.3388
13299,1,0.2349,0.2208,0.0142,5.5494,5.5494,5.5494,5.5494
13322,5,1.8626,1.8068,0.0558,5.4667,5.3875,5.381,5.7823
13343,1,0.2914,0.2822,0.0092,5.3334,5.3334,5.3334,5.3334
13348,38,42.6994,41.3238,1.3755,5.5068,5.4725,5.3264,5.9897
13352,1,0.1882,0.1696,0.0186,5.3369,5.3369,5.3369,5.3369
13387,1,0.2682,0.2573,0.0109,5.4993,5.4993,5.4993,5.4993
13472,7,5.9524,5.7993,0.153,5.4845,5.4562,5.354,5.7677
13473,84,158.1869,154.746,3.4409,5.4651,5.3925,5.321,6.0354
13482,1,1.2068,1.1883,0.0185,6.304,6.304,6.304,6.304
13486,1,0.257,0.2476,0.0094,5.3368,5.3368,5.3368,5.3368
13487,1,1.8552,1.8303,0.0249,5.495,5.495,5.495,5.495
13490,1,0.3826,0.3716,0.011,5.3262,5.3262,5.3262,5.3262
13495,1,0.2723,0.2632,0.0091,5.3981,5.3981,5.3981,5.3981
13501,1,0.3565,0.3462,0.0103,5.4513,5.4513,5.4513,5.4513
13510,1,0.7641,0.7485,0.0155,5.7414,5.7414,5.7414,5.7414
13516,1,1.0563,1.0415,0.0148,5.5117,5.5117,5.5117,5.5117
13524,3,1.6012,1.5664,0.0348,5.4056,5.3669,5.3359,5.5138
13537,1,0.3858,0.3755,0.0104,5.3353,5.3353,5.3353,5.3353
13538,1,0.3601,0.3501,0.01,5.4034,5.4034,5.4034,5.4034
13539,1,3.098,3.0637,0.0343,5.874,5.874,5.874,5.874
13553,1,0.5194,0.5067,0.0127,5.7521,5.7521,5.7521,5.7521
13562,1,0.7507,0.7364,0.0144,5.7721,5.7721,5.7721,5.7721
13563,1,14.9944,14.5234,0.471,6.6412,6.6412,6.6412,6.6412
13566,1,0.2852,0.2756,0.0095,5.4914,5.4914,5.4914,5.4914
13567,1,0.5771,0.5643,0.0128,5.8552,5.8552,5.8552,5.8552
13568,1,0.4396,0.428,0.0116,5.428,5.428,5.428,5.428
13571,1,0.9157,0.904,0.0117,5.3449,5.3449,5.3449,5.3449
13597,22,29.961,29.5253,0.4357,5.4921,5.4002,5.3237,6.2129
13604,2,0.9224,0.8994,0.023,5.5825,5.5825,5.4291,5.736
13640,8,3.6142,3.5215,0.0926,5.5181,5.4719,5.3459,5.8818
13654,1,0.2845,0.2755,0.0091,5.3303,5.3303,5.3303,5.3303
13696,1,0.3698,0.3585,0.0113,5.5694,5.5694,5.5694,5.5694
13726,7,10.7136,10.5742,0.1394,5.6636,5.7511,5.3264,5.8532
13751,6,6.5334,6.451,0.0824,5.4864,5.4546,5.349,5.6728
13752,376,158.0142,153.6171,4.3971,5.3893,5.3423,5.312,6.2947
13755,1,1.1812,1.1693,0.0119,5.6267,5.6267,5.6267,5.6267
13781,1,0.5769,0.5678,0.0091,5.3406,5.3406,5.3406,5.3406
13784,2,2.0772,2.0527,0.0245,5.4387,5.4387,5.3518,5.5255
13791,1,0.4908,0.4828,0.008,5.3515,5.3515,5.3515,5.3515
13847,303,269.065,264.5395,4.5254,5.386,5.3477,4.2672,6.5515
13848,1,0.3671,0.3528,0.0143,5.3822,5.3822,5.3822,5.3822
13850,5,5.143,5.0383,0.1047,5.4965,5.3825,5.3378,5.7361
13860,1,0.4228,0.4114,0.0114,5.3678,5.3678,5.3678,5.3678
13861,1,0.3944,0.3836,0.0108,5.3603,5.3603,5.3603,5.3603
13870,1,0.4153,0.404,0.0113,5.776,5.776,5.776,5.776
13871,1,0.937,0.9175,0.0195,5.5323,5.5323,5.5323,5.5323
13886,1,15.6483,14.9828,0.6655,6.1831,6.1831,6.1831,6.1831
13887,1,0.2856,0.2757,0.0099,5.3845,5.3845,5.3845,5.3845
13889,1,3.7767,3.7527,0.024,6.0853,6.0853,6.0853,6.0853
13891,1,0.7429,0.7314,0.0115,5.8632,5.8632,5.8632,5.8632
13892,1,0.4658,0.4558,0.01,5.3454,5.3454,5.3454,5.3454
13893,5,6.2254,6.154,0.0714,5.4223,5.3863,5.3606,5.6043
13894,1,0.3786,0.37,0.0086,5.3604,5.3604,5.3604,5.3604
13995,3,6.9074,6.8059,0.1014,5.9295,5.9539,5.833,6.0015
14004,14,7.9044,7.7356,0.1688,5.4264,5.3861,5.3185,5.93
14005,138,48.7916,46.9327,1.8589,5.4022,5.3523,5.3096,5.8339
14036,6,1.6062,1.5426,0.0636,5.3816,5.3858,5.3604,5.4072
14041,1,0.1999,0.19,0.01,5.4198,5.4198,5.4198,5.4198
14071,1,0.2225,0.2132,0.0094,5.3756,5.3756,5.3756,5.3756
14077,1,0.3032,0.2915,0.0117,5.8893,5.8893,5.8893,5.8893
14086,2,0.562,0.5431,0.0189,5.3726,5.3726,5.3529,5.3923
14108,3,7.5225,7.4549,0.0675,5.7214,5.7267,5.6165,5.8211
14118,2,1.4647,1.4437,0.0209,5.3763,5.3763,5.3529,5.3997
14124,1,1.0135,1.0018,0.0117,5.7429,5.7429,5.7429,5.7429
14127,2,1.1785,1.1573,0.0212,5.3731,5.3731,5.3649,5.3812
14128,1,0.4437,0.4342,0.0095,5.36,5.36,5.36,5.36
14141,1,1.5054,1.4904,0.0151,5.5258,5.5258,5.5258,5.5258
14142,2,1.5095,1.4826,0.027,5.526,5.526,5.3376,5.7144
14152,1,0.4297,0.4201,0.0095,5.3506,5.3506,5.3506,5.3506
14157,1,0.4639,0.4537,0.0102,5.5626,5.5626,5.5626,5.5626
14159,447,222.8191,217.1317,5.6873,5.3734,5.3413,5.3076,6.0824
14160,4,18.251,17.904,0.347,5.7084,5.5617,5.3381,6.3722
14162,17,34.0388,33.7028,0.336,5.5239,5.4588,5.3329,6.0179
14171,1,1.2269,1.2136,0.0132,5.6829,5.6829,5.6829,5.6829
14172,1,0.4798,0.4705,0.0093,5.5037,5.5037,5.5037,5.5037
14173,1,25.6336,24.9089,0.7247,6.2532,6.2532,6.2532,6.2532
14174,1,1.8531,1.8385,0.0146,5.4837,5.4837,5.4837,5.4837
14184,1,0.8025,0.791,0.0115,5.3462,5.3462,5.3462,5.3462
14185,1,0.4879,0.4789,0.0091,5.3309,5.3309,5.3309,5.3309
14186,1,1.4476,1.4332,0.0144,5.8001,5.8001,5.8001,5.8001
14187,1,1.3824,1.3683,0.0141,5.4595,5.4595,5.4595,5.4595
14190,4,8.4864,8.38,0.1065,5.535,5.3777,5.3104,6.0742
14217,2,2.8199,2.7931,0.0268,5.3392,5.3392,5.3338,5.3446
14222,1,1.4226,1.4083,0.0144,5.4613,5.4613,5.4613,5.4613
14226,2,0.9406,0.9216,0.019,5.3599,5.3599,5.3464,5.3734
14239,1,3.57,3.5435,0.0265,5.6134,5.6134,5.6134,5.6134
14244,7,40.9457,40.0444,0.9013,5.5896,5.3915,5.3305,6.0793
14256,225,217.3302,213.5271,3.8031,5.3961,5.3416,4.3972,6.3953
14284,3,6.5103,6.4653,0.0451,5.6874,5.7839,5.4834,5.7948
14287,1,27.6827,26.2597,1.423,6.2463,6.2463,6.2463,6.2463
14292,1,1.0441,1.0321,0.012,5.4453,5.4453,5.4453,5.4453
14293,1,1.2952,1.2821,0.0131,5.7748,5.7748,5.7748,5.7748
14298,1,0.5806,0.5715,0.0091,5.332,5.332,5.332,5.332
14299,1,1.3246,1.312,0.0126,5.4626,5.4626,5.4626,5.4626
14300,1,0.8464,0.8369,0.0095,5.3604,5.3604,5.3604,5.3604
14303,27,41.9206,41.5006,0.42,5.4151,5.368,5.3206,5.8538
14312,270,194.9968,191.0413,3.9555,5.3922,5.343,5.309,6.4378
14328,1,0.3124,0.303,0.0094,5.367,5.367,5.367,5.367
14331,4,1.6416,1.6017,0.0399,5.4427,5.4386,5.3331,5.5604
14334,1,1.2048,1.1893,0.0155,5.6554,5.6554,5.6554,5.6554
14335,1,0.4495,0.439,0.0106,5.5032,5.5032,5.5032,5.5032
14339,1,0.3185,0.309,0.0095,5.3948,5.3948,5.3948,5.3948
14350,1,0.9716,0.9566,0.015,5.6626,5.6626,5.6626,5.6626
14355,1,1.0023,0.9881,0.0142,5.4096,5.4096,5.4096,5.4096
14356,115,83.4466,81.9954,1.4512,5.408,5.3557,5.3142,6.5056
14375,3,1.4871,1.4554,0.0317,5.4953,5.4929,5.4785,5.5146
14376,3,1.5122,1.4829,0.0293,5.3674,5.3706,5.3551,5.3765
14382,29,17.7526,17.4312,0.3214,5.4283,5.3502,5.3194,5.9295
14396,4,2.5014,2.453,0.0484,5.449,5.365,5.322,5.7441
14397,1,0.3259,0.3161,0.0098,5.3515,5.3515,5.3515,5.3515
14406,13,18.8585,18.4699,0.3886,5.6039,5.3984,5.3327,6.3592
14432,3,0.8809,0.8531,0.0278,5.3641,5.3412,5.328,5.4232
14433,2,14.9932,14.7466,0.2465,5.7231,5.7231,5.5443,5.902
14454,1,0.5294,0.5209,0.0086,5.3275,5.3275,5.3275,5.3275
14469,1,0.5826,0.5733,0.0093,5.3498,5.3498,5.3498,5.3498
14470,4,4.8326,4.7809,0.0517,5.6033,5.6074,5.4281,5.7701
14484,1,1.7141,1.6996,0.0145,5.3372,5.3372,5.3372,5.3372
14491,1,0.5215,0.5124,0.009,5.3448,5.3448,5.3448,5.3448
14492,6,9.7935,9.7062,0.0874,5.4839,5.4988,5.3509,5.5713
14498,10,12.1783,12.0531,0.1252,5.4085,5.362,5.3243,5.7315
14499,7,10.2268,10.1351,0.0917,5.5837,5.4108,5.3285,5.9974
14504,1,0.5278,0.5183,0.0094,5.3391,5.3391,5.3391,5.3391
14505,1,1.3868,1.369,0.0177,5.5284,5.5284,5.5284,5.5284
14506,1,2.9166,2.8977,0.0189,5.3381,5.3381,5.3381,5.3381
14516,1,0.4789,0.4681,0.0109,4.4275,4.4275,4.4275,4.4275
14520,1,0.533,0.5238,0.0092,5.4296,5.4296,5.4296,5.4296
14526,1,24.7817,24.274,0.5076,6.2444,6.2444,6.2444,6.2444
14528,1,2.1069,2.0908,0.0161,5.5626,5.5626,5.5626,5.5626
14533,1,2.9242,2.9043,0.02,5.9459,5.9459,5.9459,5.9459
14534,1,0.5169,0.5066,0.0103,5.338,5.338,5.338,5.338
14535,1,0.483,0.4743,0.0087,5.375,5.375,5.375,5.375
14570,6,10.4878,10.2583,0.2295,5.4503,5.3619,5.3262,5.8296
14611,2,5.2273,5.1895,0.0378,5.7759,5.7759,5.4292,6.1226
14619,2,7.3718,7.3259,0.046,5.9397,5.9397,5.8597,6.0197
14636,2,1.4021,1.3812,0.0209,5.3675,5.3675,5.3299,5.4051
14642,2,4.9339,4.894,0.0399,5.6483,5.6483,5.3161,5.9806
14671,3,8.43,8.3005,0.1295,5.7879,5.8237,5.3714,6.1687
14675,445,300.5962,294.4173,6.1789,5.3805,5.3435,5.3103,6.0744
14680,1,0.8622,0.8504,0.0118,4.6767,4.6767,4.6767,4.6767
14703,1,2.4934,2.4779,0.0155,5.3174,5.3174,5.3174,5.3174
14704,1,0.9738,0.9621,0.0117,5.3993,5.3993,5.3993,5.3993
14710,1,0.7053,0.696,0.0092,5.4423,5.4423,5.4423,5.4423
14711,1,8.1724,8.0875,0.0848,5.7725,5.7725,5.7725,5.7725
14712,1,2.1136,2.098,0.0156,5.5396,5.5396,5.5396,5.5396
14713,1,0.697,0.6872,0.0098,5.4262,5.4262,5.4262,5.4262
14716,1,5.6141,5.5856,0.0284,6.166,6.166,6.166,6.166
14717,1,0.8253,0.8152,0.0101,5.3679,5.3679,5.3679,5.3679
14723,2,9.198,8.8926,0.3054,5.7409,5.7409,5.3713,6.1105
14725,1,1.4661,1.4531,0.013,5.391,5.391,5.391,5.391
14726,1,0.6574,0.6474,0.01,5.3527,5.3527,5.3527,5.3527
14727,1,19.3323,18.5476,0.7847,6.1373,6.1373,6.1373,6.1373
14728,1,1.2615,1.2478,0.0137,5.5641,5.5641,5.5641,5.5641
14729,1,8.3001,8.2025,0.0976,5.5772,5.5772,5.5772,5.5772
14736,1,0.6717,0.6612,0.0105,5.3596,5.3596,5.3596,5.3596
14737,6,15.7403,15.4239,0.3165,5.5292,5.4811,5.3331,5.8566
14738,1,1.1868,1.1716,0.0153,5.8291,5.8291,5.8291,5.8291
14790,1,0.3243,0.3156,0.0087,5.327,5.327,5.327,5.327
14792,2,2.1925,2.1594,0.0331,5.4247,5.4247,5.3304,5.5189
14795,358,181.2942,177.0429,4.2513,5.369,5.3448,5.3099,5.9395
14816,16,7.5115,7.3114,0.2001,3.6826,3.2991,2.9923,5.4965
14822,1,1.3569,1.3414,0.0155,5.4868,5.4868,5.4868,5.4868
14824,1,0.5409,0.5269,0.014,5.3948,5.3948,5.3948,5.3948
14827,1,0.3489,0.3393,0.0096,5.3499,5.3499,5.3499,5.3499
14860,1,2.0943,2.065,0.0293,5.8086,5.8086,5.8086,5.8086
14879,1,0.3457,0.3363,0.0094,5.3574,5.3574,5.3574,5.3574
14886,1,0.3166,0.3072,0.0094,5.3471,5.3471,5.3471,5.3471
14895,1,2.4952,2.4505,0.0447,5.4368,5.4368,5.4368,5.4368
14896,1,0.3284,0.3178,0.0106,5.3977,5.3977,5.3977,5.3977
14899,1,0.3501,0.3397,0.0105,5.3544,5.3544,5.3544,5.3544
14900,1,0.2447,0.2357,0.009,5.3436,5.3436,5.3436,5.3436
14901,1,0.2207,0.2113,0.0094,5.3414,5.3414,5.3414,5.3414
14902,1,0.545,0.5309,0.014,5.9563,5.9563,5.9563,5.9563
14903,1,25.3772,24.9182,0.4591,6.2301,6.2301,6.2301,6.2301
14946,3,2.9416,2.9027,0.0389,4.9243,5.4867,3.3111,5.9751
14961,3,2.5852,2.5489,0.0363,5.4143,5.3975,5.3529,5.4923
14963,1,5.8399,5.8098,0.0301,5.767,5.767,5.767,5.767
15008,277,394.7829,390.5358,4.2472,5.4114,5.3583,5.3095,5.8926
15056,1,16.8887,16.4268,0.4619,6.4265,6.4265,6.4265,6.4265
15057,118,91.0568,89.0243,2.0325,5.4363,5.3564,5.3156,6.1941
15065,1,0.8793,0.8645,0.0148,5.5578,5.5578,5.5578,5.5578
15070,1,0.8208,0.8004,0.0204,5.8877,5.8877,5.8877,5.8877
15071,1,0.4865,0.4754,0.0111,5.4104,5.4104,5.4104,5.4104
15084,1,0.3043,0.2947,0.0096,5.3401,5.3401,5.3401,5.3401
15092,1,0.2832,0.2733,0.01,5.4381,5.4381,5.4381,5.4381
15095,1,1.8809,1.8524,0.0286,5.8285,5.8285,5.8285,5.8285
15108,1,0.3153,0.306,0.0093,5.3462,5.3462,5.3462,5.3462
15109,1,0.8973,0.8824,0.0149,5.7828,5.7828,5.7828,5.7828
15110,1,1.7992,1.7767,0.0225,6.2489,6.2489,6.2489,6.2489
15111,1,0.8279,0.8112,0.0167,5.941,5.941,5.941,5.941
15112,1,0.239,0.2298,0.0093,5.3424,5.3424,5.3424,5.3424
15113,1,0.5088,0.4965,0.0122,5.6894,5.6894,5.6894,5.6894
15126,1,0.2091,0.1995,0.0095,5.3363,5.3363,5.3363,5.3363
15127,1,0.2971,0.2862,0.0109,5.3512,5.3512,5.3512,5.3512
15134,1,0.4167,0.4042,0.0125,5.4258,5.4258,5.4258,5.4258
15147,1,1.7205,1.673,0.0475,5.4648,5.4648,5.4648,5.4648
15148,1,0.192,0.1749,0.0171,5.3474,5.3474,5.3474,5.3474
15150,1,0.1857,0.1699,0.0158,5.3382,5.3382,5.3382,5.3382
15153,1,0.2188,0.2082,0.0106,5.3531,5.3531,5.3531,5.3531
15154,1,0.9581,0.9332,0.0249,5.6363,5.6363,5.6363,5.6363
15155,1,0.1731,0.1577,0.0155,5.3553,5.3553,5.3553,5.3553
15156,1,0.4439,0.4295,0.0144,5.4263,5.4263,5.4263,5.4263
15157,1,13.9201,13.478,0.4421,6.328,6.328,6.328,6.328
15158,1,1.2258,1.2005,0.0253,5.5736,5.5736,5.5736,5.5736
15173,2,1.0891,1.0467,0.0424,5.5196,5.5196,5.3346,5.7046
15174,1,0.1974,0.1838,0.0135,5.3261,5.3261,5.3261,5.3261
15175,9,2.7803,2.667,0.1133,5.4702,5.4058,5.3413,5.8733
15180,4,1.1075,1.0644,0.0431,5.4273,5.4211,5.3293,5.5378
15190,2,1.2426,1.2057,0.037,5.7185,5.7185,5.6962,5.7408
15191,1,5.3331,5.2894,0.0437,5.7791,5.7791,5.7791,5.7791
15192,1,2.4748,2.454,0.0208,5.6601,5.6601,5.6601,5.6601
15220,3,5.7264,5.4595,0.2669,5.5625,5.3979,5.3251,5.9647
15285,2,1.3725,1.3465,0.0261,5.3873,5.3873,5.3865,5.3881
15294,85,67.7063,65.5389,2.1673,5.3974,5.3476,5.3151,6.0351
15305,1,0.3773,0.3681,0.0092,5.3612,5.3612,5.3612,5.3612
15306,1,0.3456,0.336,0.0096,5.3435,5.3435,5.3435,5.3435
15316,1,1.533,1.5166,0.0163,5.5569,5.5569,5.5569,5.5569
15324,1,23.5889,22.6832,0.9057,6.3639,6.3639,6.3639,6.3639
15328,1,0.422,0.4108,0.0112,5.9638,5.9638,5.9638,5.9638
15330,1,0.4168,0.4065,0.0103,5.3491,5.3491,5.3491,5.3491
15331,1,12.9677,12.6539,0.3138,6.4709,6.4709,6.4709,6.4709
15347,1,5.8627,5.5993,0.2633,5.4402,5.4402,5.4402,5.4402
15362,1,0.5577,0.5478,0.0099,5.3839,5.3839,5.3839,5.3839
15381,1,0.4943,0.4844,0.0099,5.3507,5.3507,5.3507,5.3507
15382,1,0.7905,0.7786,0.0119,5.5558,5.5558,5.5558,5.5558
15384,1,3.1133,3.091,0.0223,6.2085,6.2085,6.2085,6.2085
15391,1,4.1908,4.1573,0.0334,5.8346,5.8346,5.8346,5.8346
15392,2,0.9188,0.8989,0.0199,5.394,5.394,5.3787,5.4094
15393,1,11.8885,11.6785,0.2099,5.729,5.729,5.729,5.729
15411,1,1.2401,1.2246,0.0155,5.6934,5.6934,5.6934,5.6934
15419,1,1.0345,1.0211,0.0134,5.9308,5.9308,5.9308,5.9308
15424,1,1.1239,1.1108,0.0131,5.587,5.587,5.587,5.587
15425,1,1.2114,1.196,0.0154,5.7333,5.7333,5.7333,5.7333
15426,1,0.9161,0.9006,0.0156,5.5304,5.5304,5.5304,5.5304
15427,1,0.3944,0.3852,0.0092,5.3449,5.3449,5.3449,5.3449
15435,120,107.8173,105.7151,2.1022,5.412,5.3724,5.3106,6.024
15436,6,5.1972,5.0311,0.1662,5.5939,5.4268,5.3395,6.1474
15461,1,0.255,0.2461,0.009,5.3434,5.3434,5.3434,5.3434
15472,4,2.6846,2.6254,0.0592,5.5169,5.5263,5.3221,5.6927
15473,3,1.9927,1.9487,0.044,5.3253,5.3257,5.324,5.3262
15480,1,0.4117,0.3998,0.0119,5.4251,5.4251,5.4251,5.4251
15511,2,2.2459,2.0677,0.1782,5.3703,5.3703,5.3205,5.4201
15512,10,5.3016,5.1739,0.1277,5.5034,5.451,5.332,6.0327
15562,1,0.2818,0.2717,0.01,5.3701,5.3701,5.3701,5.3701
15563,1,18.9997,18.5109,0.4888,6.3916,6.3916,6.3916,6.3916
15575,493,267.9536,262.2375,5.7162,5.3595,5.3393,4.3829,6.008
15577,1,1.1229,1.108,0.015,5.6459,5.6459,5.6459,5.6459
15578,1,2.9149,2.8907,0.0242,5.5799,5.5799,5.5799,5.5799
15583,1,0.3417,0.3308,0.0109,5.4457,5.4457,5.4457,5.4457
15593,1,0.5592,0.5481,0.0111,5.4064,5.4064,5.4064,5.4064
15594,1,0.872,0.8591,0.013,5.6169,5.6169,5.6169,5.6169
15596,1,0.4059,0.3953,0.0106,5.3349,5.3349,5.3349,5.3349
15614,1,0.4594,0.4501,0.0092,5.3419,5.3419,5.3419,5.3419
15615,1,0.4723,0.4625,0.0098,5.4192,5.4192,5.4192,5.4192
15617,1,0.5024,0.4924,0.01,5.3194,5.3194,5.3194,5.3194
15621,1,0.3981,0.3889,0.0092,5.3366,5.3366,5.3366,5.3366
15625,1,0.3999,0.3904,0.0096,5.3385,5.3385,5.3385,5.3385
15627,1,0.8765,0.863,0.0135,5.4831,5.4831,5.4831,5.4831
15628,1,0.3928,0.3837,0.009,5.3724,5.3724,5.3724,5.3724
15629,5,14.0261,13.8237,0.2024,5.568,5.5024,5.3703,5.8684
15631,353,239.8766,235.4182,4.4584,5.3659,5.3452,5.3073,5.9001
15639,4,20.6875,20.5532,0.1343,5.3845,5.3941,5.3234,5.4265
15640,4,26.4995,26.0889,0.4106,5.6501,5.3652,5.3633,6.5068
15650,1,0.9987,0.9887,0.01,5.3167,5.3167,5.3167,5.3167
15662,1,0.9253,0.9152,0.0102,5.4552,5.4552,5.4552,5.4552
15663,2,3.1854,3.1623,0.0231,5.4924,5.4924,5.4133,5.5715
15705,1,2.8149,2.7983,0.0166,5.5777,5.5777,5.5777,5.5777
15712,1,2.3724,2.3544,0.018,5.6603,5.6603,5.6603,5.6603
15736,44,79.8383,79.2079,0.6304,5.4556,5.3983,5.3234,5.9163
15741,54,33.6238,32.9245,0.6993,5.4369,5.4042,5.3282,5.7925
15753,1,0.2536,0.2435,0.0101,5.3768,5.3768,5.3768,5.3768
15760,1,3.7382,3.6395,0.0987,6.0487,6.0487,6.0487,6.0487
15777,1,1.127,1.106,0.021,5.4005,5.4005,5.4005,5.4005
15778,1,0.465,0.4515,0.0135,5.9599,5.9599,5.9599,5.9599
15804,1,0.2499,0.2398,0.0101,5.3438,5.3438,5.3438,5.3438
15805,1,0.4138,0.4006,0.0132,5.6553,5.6553,5.6553,5.6553
15816,1,0.1902,0.1766,0.0137,5.3262,5.3262,5.3262,5.3262
15824,1,0.206,0.1963,0.0097,5.3485,5.3485,5.3485,5.3485
15825,1,0.5406,0.5259,0.0147,5.6014,5.6014,5.6014,5.6014
15827,1,0.6809,0.6604,0.0205,5.7082,5.7082,5.7082,5.7082
15832,1,0.3686,0.3566,0.0121,5.3905,5.3905,5.3905,5.3905
15833,1,0.7135,0.6965,0.0171,5.8,5.8,5.8,5.8
15835,1,0.3407,0.3278,0.0128,5.505,5.505,5.505,5.505
15836,1,8.9216,8.6066,0.3149,5.7611,5.7611,5.7611,5.7611
15839,1,1.6147,1.5776,0.0371,6.1702,6.1702,6.1702,6.1702
15840,9,2.0647,1.9533,0.1114,5.3846,5.3647,5.3349,5.5006
15849,1,0.3208,0.3095,0.0114,5.3844,5.3844,5.3844,5.3844
15861,2,0.3908,0.3653,0.0255,5.3348,5.3348,5.3318,5.3378
15934,4,0.8012,0.747,0.0542,3.1774,2.903,2.7855,4.1179
15935,2,0.4173,0.3984,0.0188,5.3297,5.3297,5.3283,5.331
15941,1,0.433,0.4192,0.0138,6.1007,6.1007,6.1007,6.1007
15942,1,0.6455,0.6297,0.0158,5.767,5.767,5.767,5.767
15958,1,9.0574,8.7,0.3574,5.8383,5.8383,5.8383,5.8383
15982,1,0.2016,0.1904,0.0112,5.3392,5.3392,5.3392,5.3392
15989,1,0.1866,0.1704,0.0162,5.3721,5.3721,5.3721,5.3721
15990,1,0.3075,0.2959,0.0115,5.3636,5.3636,5.3636,5.3636
15996,9,6.1436,6.0336,0.11,5.4431,5.3944,5.3508,5.6246
16048,11,62.1608,60.8919,1.2689,5.5669,5.4411,5.3255,5.993
16049,1,0.7132,0.6992,0.014,6.0626,6.0626,6.0626,6.0626
16063,1,0.3043,0.2952,0.009,5.3597,5.3597,5.3597,5.3597
16064,1,4.0367,3.9476,0.0891,6.1454,6.1454,6.1454,6.1454
16069,255,145.6392,142.4575,3.1817,5.3879,5.3452,4.1141,6.0732
16073,1,0.7381,0.7241,0.014,5.7243,5.7243,5.7243,5.7243
16074,1,0.3384,0.328,0.0104,5.4987,5.4987,5.4987,5.4987
16090,1,0.4106,0.3999,0.0107,5.3797,5.3797,5.3797,5.3797
16093,51,117.0945,116.0207,1.0738,5.4664,5.383,5.328,5.8676
16096,1,1.1382,1.1235,0.0148,5.5859,5.5859,5.5859,5.5859
16104,1,6.5421,6.5054,0.0367,6.2481,6.2481,6.2481,6.2481
16108,1,0.891,0.8794,0.0116,5.5342,5.5342,5.5342,5.5342
16114,1,0.6332,0.6236,0.0096,5.3321,5.3321,5.3321,5.3321
16115,1,0.7352,0.7247,0.0106,5.3391,5.3391,5.3391,5.3391
16116,1,1.9404,1.926,0.0145,5.7297,5.7297,5.7297,5.7297
16147,2,1.3248,1.3065,0.0183,5.3317,5.3317,5.3276,5.3357
16168,1,0.8779,0.8673,0.0106,5.3901,5.3901,5.3901,5.3901
16211,2,1.8305,1.808,0.0225,5.4702,5.4702,5.3981,5.5424
16220,1,1.0934,1.0808,0.0126,5.6346,5.6346,5.6346,5.6346
16231,1,3.8047,3.7847,0.0201,5.9479,5.9479,5.9479,5.9479
16248,1,1.4623,1.449,0.0133,6.0833,6.0833,6.0833,6.0833
16270,1,0.7866,0.7762,0.0104,5.3646,5.3646,5.3646,5.3646
16289,1,4.6869,4.6637,0.0232,5.8067,5.8067,5.8067,5.8067
16292,1,0.5687,0.5594,0.0092,5.3487,5.3487,5.3487,5.3487
16306,1,0.6075,0.5985,0.009,5.4185,5.4185,5.4185,5.4185
16309,1,0.5791,0.5702,0.009,5.3419,5.3419,5.3419,5.3419
16314,3,11.0191,10.9504,0.0687,5.7657,5.8335,5.5669,5.8966
16315,4,7.8634,7.8008,0.0626,5.5797,5.5781,5.5549,5.6079
16320,1,1.5167,1.5019,0.0148,5.6958,5.6958,5.6958,5.6958
16321,1,1.336,1.3219,0.0141,5.4362,5.4362,5.4362,5.4362
16328,1,0.4472,0.4382,0.0089,5.3318,5.3318,5.3318,5.3318
16330,1,0.6675,0.6564,0.0111,5.6499,5.6499,5.6499,5.6499
16331,1,0.5189,0.5091,0.0098,5.3346,5.3346,5.3346,5.3346
16332,10,7.5732,7.4588,0.1145,5.4399,5.4453,5.3423,5.5422
16344,1,1.2772,1.2624,0.0148,5.7671,5.7671,5.7671,5.7671
16365,1,3.9233,3.8872,0.0361,6.1682,6.1682,6.1682,6.1682
16367,1,0.8004,0.7876,0.0128,5.3741,5.3741,5.3741,5.3741
16370,1,1.502,1.4834,0.0186,5.6002,5.6002,5.6002,5.6002
16373,1,7.379,7.2149,0.1642,6.3499,6.3499,6.3499,6.3499
16375,1,5.5144,5.4435,0.071,5.6824,5.6824,5.6824,5.6824
16377,1,2.793,2.7632,0.0298,5.7094,5.7094,5.7094,5.7094
16379,1,2.1052,2.0828,0.0225,5.9388,5.9388,5.9388,5.9388
16380,3,0.9903,0.9627,0.0276,5.3653,5.3338,5.3333,5.4289
16389,1,0.3357,0.327,0.0088,5.3382,5.3382,5.3382,5.3382
16408,7,15.5748,15.441,0.1338,5.5657,5.5709,5.4055,5.7742
16410,3,2.4894,2.4587,0.0307,5.5479,5.5904,5.3298,5.7235
16459,1,0.7157,0.7065,0.0091,5.3731,5.3731,5.3731,5.3731
16493,1,5.8639,5.8241,0.0397,5.7647,5.7647,5.7647,5.7647
16495,1,3.4032,3.3833,0.0199,5.707,5.707,5.707,5.707
16507,1,1.6586,1.6426,0.0159,5.6909,5.6909,5.6909,5.6909
16511,66,50.9553,50.2155,0.7398,5.3915,5.3533,5.3091,6.004
16512,195,278.0034,274.597,3.4064,5.431,5.3467,5.3129,6.1396
16551,17,33.2848,32.8854,0.3994,5.5184,5.4417,5.3118,5.9307
16588,1,2.7449,2.7263,0.0186,5.8495,5.8495,5.8495,5.8495
16605,1,1.3003,1.2875,0.0129,5.7337,5.7337,5.7337,5.7337
16607,1,1.0216,1.0097,0.012,5.3827,5.3827,5.3827,5.3827
16609,283,176.9791,173.4791,3.5,5.3763,5.3453,5.3064,5.9161
16610,234,63.1416,60.6202,2.5213,5.3797,5.3424,5.3086,6.6091
16614,1,0.3773,0.3672,0.0101,5.3291,5.3291,5.3291,5.3291
16646,1,0.3697,0.3599,0.0098,5.3964,5.3964,5.3964,5.3964
16651,186,81.6311,79.4556,2.1755,5.3811,5.3473,5.3125,5.8148
16652,1,0.8534,0.8248,0.0286,5.4341,5.4341,5.4341,5.4341
16655,1,0.6101,0.5841,0.0261,5.3619,5.3619,5.3619,5.3619
16656,1,0.3309,0.3112,0.0196,5.3732,5.3732,5.3732,5.3732
16658,1,0.3832,0.3603,0.0229,5.4472,5.4472,5.4472,5.4472
16660,1,0.3175,0.2998,0.0177,5.4196,5.4196,5.4196,5.4196
16661,1,0.4057,0.3839,0.0218,5.3706,5.3706,5.3706,5.3706
16662,1,0.872,0.8464,0.0255,5.884,5.884,5.884,5.884
16667,1,4.6931,4.5637,0.1294,5.7581,5.7581,5.7581,5.7581
16670,1,1.969,1.919,0.05,6.1997,6.1997,6.1997,6.1997
16672,1,0.3811,0.3573,0.0237,5.4739,5.4739,5.4739,5.4739
16673,1,0.3472,0.3228,0.0244,5.4786,5.4786,5.4786,5.4786
16674,1,1.6842,1.6406,0.0437,5.8124,5.8124,5.8124,5.8124
16675,1,0.3502,0.3313,0.0189,5.3392,5.3392,5.3392,5.3392
16681,1,0.3155,0.2996,0.0159,5.3555,5.3555,5.3555,5.3555
16682,1,1.4248,1.3894,0.0354,5.7675,5.7675,5.7675,5.7675
16736,2,0.9572,0.9175,0.0396,5.3802,5.3802,5.3764,5.384
16737,1,0.328,0.3092,0.0188,5.3881,5.3881,5.3881,5.3881
16758,30,120.6696,117.6827,2.9869,5.5379,5.3871,5.3213,6.0972
16759,2,4.9936,4.9285,0.0651,5.5829,5.5829,5.3878,5.778
16761,1,2.3001,2.2663,0.0338,5.8797,5.8797,5.8797,5.8797
16775,3,11.3806,11.2131,0.1675,5.7009,5.437,5.3919,6.2739
16776,21,26.2054,25.5626,0.6427,5.5901,5.458,5.3286,6.1777
16833,1,0.3615,0.3418,0.0197,5.3573,5.3573,5.3573,5.3573
16844,1,0.3408,0.3216,0.0191,5.3966,5.3966,5.3966,5.3966
16845,27,16.7532,16.0746,0.6786,5.5167,5.5141,5.3664,5.7575
16847,4,9.0492,8.6101,0.439,5.7533,5.7321,5.5566,5.9925
16848,1,0.2351,0.2204,0.0147,5.4501,5.4501,5.4501,5.4501
16860,2,0.8992,0.8581,0.0411,5.6016,5.6016,5.3364,5.8667
16873,1,0.7657,0.7309,0.0348,5.7339,5.7339,5.7339,5.7339
16880,15,6.1606,5.8387,0.3219,5.4814,5.4073,5.3264,6.1855
16883,3,4.5469,4.3964,0.1505,5.6635,5.7541,5.3632,5.8731
16889,1,0.7769,0.7472,0.0298,5.8718,5.8718,5.8718,5.8718
16890,9,5.2407,4.9922,0.2485,5.4983,5.5007,5.3783,5.6198
16895,2,1.3607,1.3077,0.053,5.3405,5.3405,5.3176,5.3635
16896,1,0.5392,0.5128,0.0263,5.3901,5.3901,5.3901,5.3901
16903,2,17.8658,17.455,0.4107,5.558,5.558,5.326,5.7899
16904,4,6.5954,6.5175,0.0779,5.3454,5.3255,5.3137,5.4166
16925,1,0.7088,0.6915,0.0172,5.4786,5.4786,5.4786,5.4786
16930,4,11.9763,11.7102,0.266,5.5551,5.4228,5.347,6.0278
16933,1,4.6372,4.5868,0.0504,6.1922,6.1922,6.1922,6.1922
16934,1,1.1371,1.1112,0.0259,5.5169,5.5169,5.5169,5.5169
16935,1,0.4203,0.403,0.0172,5.4319,5.4319,5.4319,5.4319
16937,1,1.0927,1.069,0.0237,5.6805,5.6805,5.6805,5.6805
16938,1,0.6292,0.6099,0.0193,5.4679,5.4679,5.4679,5.4679
16958,5,5.8045,5.697,0.1076,5.6245,5.6599,5.3371,5.8233
16971,2,0.9787,0.9391,0.0395,5.4914,5.4914,5.3831,5.5998
17001,2,1.2501,1.2148,0.0354,5.3575,5.3575,5.3392,5.3759
17011,7,7.3609,7.2111,0.1498,5.6093,5.4457,5.3289,6.4378
17022,1,0.7393,0.713,0.0263,5.5644,5.5644,5.5644,5.5644
17029,1,0.9953,0.9681,0.0272,5.4216,5.4216,5.4216,5.4216
17042,1,1.4289,1.3982,0.0307,5.8797,5.8797,5.8797,5.8797
17043,1,1.001,0.9785,0.0225,5.7371,5.7371,5.7371,5.7371
17047,1,1.0675,1.0459,0.0215,5.4351,5.4351,5.4351,5.4351
17048,1,0.3727,0.353,0.0197,5.3236,5.3236,5.3236,5.3236
17060,1,0.346,0.3262,0.0198,5.338,5.338,5.338,5.338
17068,1,1.3169,1.2912,0.0257,5.5373,5.5373,5.5373,5.5373
17075,1,0.358,0.3374,0.0206,5.4086,5.4086,5.4086,5.4086
17076,1,23.1334,22.4263,0.7071,6.5307,6.5307,6.5307,6.5307
17077,1,0.7464,0.7237,0.0227,5.572,5.572,5.572,5.572
17079,1,2.7821,2.7516,0.0305,5.8377,5.8377,5.8377,5.8377
17087,1,1.0089,0.986,0.0229,5.389,5.389,5.389,5.389
17089,1,0.6849,0.6596,0.0253,5.7616,5.7616,5.7616,5.7616
17090,6,20.0591,19.6863,0.3728,5.617,5.5739,5.3483,6.0875
17097,1,0.3599,0.3435,0.0164,5.4117,5.4117,5.4117,5.4117
17104,7,3.4858,3.3504,0.1354,5.3467,5.3455,5.3227,5.3934
17107,1,0.5208,0.5001,0.0207,5.3561,5.3561,5.3561,5.3561
17113,1,2.1189,2.0974,0.0215,6.0613,6.0613,6.0613,6.0613
17114,1,3.6656,3.614,0.0516,6.1717,6.1717,6.1717,6.1717
17152,1,1.606,1.5794,0.0266,5.6187,5.6187,5.6187,5.6187
17169,1,0.4119,0.3907,0.0212,5.4026,5.4026,5.4026,5.4026
17172,7,6.0242,5.8366,0.1876,5.5953,5.5323,5.3739,6.0808
17173,45,20.8586,19.7644,1.0942,5.5038,5.4339,5.3198,6.3556
17182,1,0.3873,0.3676,0.0197,5.5021,5.5021,5.5021,5.5021
17188,1,0.9764,0.9335,0.0429,5.8274,5.8274,5.8274,5.8274
17197,1,0.3574,0.3359,0.0215,5.3287,5.3287,5.3287,5.3287
17233,1,0.2813,0.2613,0.02,5.3723,5.3723,5.3723,5.3723
17236,1,0.2998,0.2777,0.0222,5.3457,5.3457,5.3457,5.3457
17237,1,7.917,7.833,0.084,5.7399,5.7399,5.7399,5.7399
17243,29,41.9257,41.3455,0.5802,5.6258,5.6009,5.3472,5.9737
17244,30,53.0882,52.0706,1.0176,5.4282,5.3425,5.3135,5.9156
17253,1,1.7429,1.7094,0.0335,5.642,5.642,5.642,5.642
17254,1,1.8644,1.8299,0.0345,5.5031,5.5031,5.5031,5.5031
17265,1,4.0663,3.9987,0.0676,6.205,6.205,6.205,6.205
17269,1,0.5153,0.4958,0.0195,5.4597,5.4597,5.4597,5.4597
17270,1,0.4617,0.4419,0.0198,5.338,5.338,5.338,5.338
17271,1,0.3972,0.3798,0.0173,5.3349,5.3349,5.3349,5.3349
17299,1,0.6291,0.6081,0.021,5.4217,5.4217,5.4217,5.4217
17305,1,1.1467,1.1281,0.0186,5.7439,5.7439,5.7439,5.7439
17308,1,2.4933,2.4669,0.0263,5.5763,5.5763,5.5763,5.5763
17309,1,1.0374,1.0197,0.0177,5.5663,5.5663,5.5663,5.5663
17317,1,0.9733,0.9508,0.0225,5.4926,5.4926,5.4926,5.4926
17320,2,1.5739,1.5371,0.0368,5.3795,5.3795,5.3679,5.391
17323,1,3.2138,3.182,0.0318,5.831,5.831,5.831,5.831
17324,1,4.7567,4.7167,0.04,6.294,6.294,6.294,6.294
17329,1,0.9521,0.9334,0.0188,5.3514,5.3514,5.3514,5.3514
17330,1,0.6743,0.6574,0.0168,5.4096,5.4096,5.4096,5.4096
17338,1,7.1198,7.0628,0.0571,5.4587,5.4587,5.4587,5.4587
17339,1,2.71,2.6781,0.0319,5.6584,5.6584,5.6584,5.6584
17340,7,6.429,6.2825,0.1465,5.469,5.4004,5.3497,5.7046
17366,42,52.7362,51.6607,1.0755,5.4023,5.3477,5.323,5.8541
17372,3,1.2892,1.2317,0.0575,5.4011,5.3652,5.3503,5.4879
17408,1,5.7343,5.6442,0.0902,5.4471,5.4471,5.4471,5.4471
17415,1,2.1609,2.1387,0.0222,5.3274,5.3274,5.3274,5.3274
17447,1,1.4049,1.3812,0.0237,5.4452,5.4452,5.4452,5.4452
17483,1,3.5923,3.5658,0.0265,5.372,5.372,5.372,5.372
17503,33,25.9814,25.3682,0.6132,5.3752,5.3484,5.3128,5.5734
17514,9,7.7903,7.6003,0.19,5.403,5.3924,5.335,5.4726
17518,1,0.6367,0.618,0.0187,5.3426,5.3426,5.3426,5.3426
17525,1,1.0213,1.0019,0.0195,5.3916,5.3916,5.3916,5.3916
17526,59,79.3373,77.7294,1.6079,5.4018,5.3429,5.3099,6.0823
17527,62,33.6688,31.8135,1.8553,5.4431,5.3767,5.3228,5.9672
17547,1,0.3653,0.3447,0.0206,5.3631,5.3631,5.3631,5.3631
17557,63,66.7965,64.5702,2.2263,5.4592,5.4032,5.3117,5.8965
17574,1,0.1896,0.1757,0.0139,5.3485,5.3485,5.3485,5.3485
17589,1,1.2159,1.1717,0.0442,6.0633,6.0633,6.0633,6.0633
17596,1,0.4548,0.4316,0.0232,5.3821,5.3821,5.3821,5.3821
17598,2,0.4551,0.4298,0.0253,5.3387,5.3387,5.3351,5.3424
17603,15,17.2539,16.8758,0.3781,5.4982,5.3796,5.3362,6.1183
17607,1,2.3138,2.282,0.0318,6.0548,6.0548,6.0548,6.0548
17610,1,0.4874,0.4676,0.0198,5.3381,5.3381,5.3381,5.3381
17615,1,0.5187,0.5007,0.0179,5.4367,5.4367,5.4367,5.4367
17620,1,0.8696,0.8443,0.0254,5.7335,5.7335,5.7335,5.7335
17623,1,1.3516,1.3237,0.0279,5.3898,5.3898,5.3898,5.3898
17624,1,0.791,0.7698,0.0213,5.4274,5.4274,5.4274,5.4274
17625,1,0.4526,0.435,0.0176,5.3269,5.3269,5.3269,5.3269
17626,1,2.1051,2.0728,0.0323,5.8749,5.8749,5.8749,5.8749
17627,1,0.3788,0.3628,0.016,5.3495,5.3495,5.3495,5.3495
17629,1,1.202,1.1731,0.0289,5.8149,5.8149,5.8149,5.8149
17630,1,0.5286,0.5045,0.0241,5.402,5.402,5.402,5.402
17631,1,0.5559,0.5352,0.0207,5.4479,5.4479,5.4479,5.4479
17632,1,0.606,0.5848,0.0212,5.3389,5.3389,5.3389,5.3389
17646,1,0.4561,0.4334,0.0228,5.448,5.448,5.448,5.448
17648,1,0.3498,0.3274,0.0225,5.3519,5.3519,5.3519,5.3519
17653,6,7.6396,7.4824,0.1572,5.6645,5.6365,5.3395,6.0522
17662,15,16.6518,16.112,0.5398,5.398,5.3962,5.329,5.4952
17670,2,0.509,0.4791,0.0299,5.3671,5.3671,5.3265,5.4078
17671,1,3.3969,3.3098,0.0871,5.449,5.449,5.449,5.449
17764,1,9.7778,9.3711,0.4067,6.3615,6.3615,6.3615,6.3615
17842,1,0.3108,0.2906,0.0202,5.3323,5.3323,5.3323,5.3323
17846,1,0.3393,0.3162,0.0231,5.362,5.362,5.362,5.362
17848,5,2.787,2.6546,0.1324,5.7302,5.7114,5.3745,6.2398
17862,1,0.2794,0.262,0.0175,5.3121,5.3121,5.3121,5.3121
17875,1,0.1795,0.1648,0.0146,5.3583,5.3583,5.3583,5.3583
17881,1,0.2462,0.2271,0.0191,5.3882,5.3882,5.3882,5.3882
17882,1,0.2536,0.2337,0.0199,5.4561,5.4561,5.4561,5.4561
17890,1,0.2332,0.2228,0.0103,5.38,5.38,5.38,5.38
17914,1,0.2818,0.2637,0.0181,5.4749,5.4749,5.4749,5.4749
17919,2,1.0293,0.9782,0.0512,5.59,5.59,5.344,5.836
17924,1,0.7719,0.7342,0.0377,5.5506,5.5506,5.5506,5.5506
17937,1,4.0445,4.0171,0.0274,5.4911,5.4911,5.4911,5.4911
17939,1,0.5296,0.5171,0.0125,5.3338,5.3338,5.3338,5.3338
17940,1,5.1212,5.0728,0.0485,6.1633,6.1633,6.1633,6.1633
17941,1,2.0597,2.0434,0.0163,5.786,5.786,5.786,5.786
17943,1,1.761,1.735,0.0259,5.3283,5.3283,5.3283,5.3283
17945,1,0.5306,0.5115,0.0191,5.4299,5.4299,5.4299,5.4299
17946,1,0.7193,0.6984,0.0209,5.3719,5.3719,5.3719,5.3719
17947,1,2.8596,2.814,0.0456,5.931,5.931,5.931,5.931
17949,1,1.7863,1.7536,0.0328,5.6953,5.6953,5.6953,5.6953
17951,1,1.1179,1.0892,0.0287,5.5618,5.5618,5.5618,5.5618
17952,1,0.5455,0.5214,0.0241,5.3595,5.3595,5.3595,5.3595
17957,1,1.1949,1.1646,0.0303,5.5425,5.5425,5.5425,5.5425
17962,411,295.8062,286.6502,9.1561,5.3802,5.3508,4.6816,6.2903
17963,15,114.8821,112.5665,2.3156,5.4046,5.3576,5.3233,5.6951
18027,1,2.5816,2.5476,0.0341,5.7618,5.7618,5.7618,5.7618
18029,1,1.7718,1.7548,0.017,5.781,5.781,5.781,5.781
18031,27,102.6497,100.7879,1.8618,5.4459,5.4089,5.3241,5.9775
18032,1,0.477,0.4588,0.0183,5.3704,5.3704,5.3704,5.3704
18049,1,0.5562,0.5365,0.0196,5.3786,5.3786,5.3786,5.3786
18091,42,23.2521,22.3377,0.9144,5.4478,5.3889,5.3175,5.9595
18129,1,0.594,0.5668,0.0272,5.4842,5.4842,5.4842,5.4842
18144,1,0.278,0.2595,0.0185,5.3485,5.3485,5.3485,5.3485
18150,1,0.4133,0.3896,0.0237,5.3615,5.3615,5.3615,5.3615
18151,6,2.0202,1.8989,0.1214,5.3867,5.3857,5.332,5.459
18155,1,17.4484,16.9887,0.4597,6.3125,6.3125,6.3125,6.3125
18180,1,3.14,3.1043,0.0357,5.7824,5.7824,5.7824,5.7824
18183,1,0.6042,0.5857,0.0185,5.3346,5.3346,5.3346,5.3346
18188,1,1.0179,1.0006,0.0173,5.4898,5.4898,5.4898,5.4898
18210,22,19.0928,18.7626,0.3303,5.4414,5.3655,5.3283,5.8042
18211,150,113.8408,110.336,3.5048,5.3713,5.3352,5.3113,5.8706
18223,9,2.1544,2.0151,0.1393,5.3515,5.3407,5.32,5.4132
18224,1,1.0195,0.9805,0.0389,5.7933,5.7933,5.7933,5.7933
18228,1,0.408,0.3827,0.0253,5.3811,5.3811,5.3811,5.3811
18229,1,0.2472,0.2283,0.0188,5.346,5.346,5.346,5.346
18230,1,0.3362,0.3113,0.0248,5.3948,5.3948,5.3948,5.3948
18231,1,0.3073,0.2846,0.0226,5.4234,5.4234,5.4234,5.4234
18234,1,0.4491,0.425,0.0241,5.4161,5.4161,5.4161,5.4161
18235,1,0.3483,0.3263,0.022,5.3086,5.3086,5.3086,5.3086
18237,1,0.2261,0.2118,0.0143,5.3254,5.3254,5.3254,5.3254
18238,1,0.2988,0.2828,0.016,5.4029,5.4029,5.4029,5.4029
18239,1,0.2493,0.2273,0.022,5.441,5.441,5.441,5.441
18248,3,0.6716,0.6321,0.0395,5.3487,5.3289,5.325,5.3922
18253,2,0.4057,0.3843,0.0215,5.3493,5.3493,5.3447,5.3539
18289,1,0.5917,0.5629,0.0287,5.5093,5.5093,5.5093,5.5093
18306,5,1.9574,1.8351,0.1223,5.6515,5.7159,5.4232,5.853
18326,3,1.1349,1.0687,0.0662,5.4297,5.3412,5.3346,5.6133
18327,1,0.4659,0.4396,0.0262,5.3793,5.3793,5.3793,5.3793
18344,9,3.5042,3.3468,0.1573,5.4172,5.3601,5.3285,5.9392
18363,1,0.4635,0.4359,0.0275,5.7509,5.7509,5.7509,5.7509
18364,18,47.8964,47.2612,0.6352,5.5607,5.5526,5.3256,6.0055
18404,38,86.2094,84.2765,1.9329,5.4251,5.3354,5.3057,5.7652
18406,1,0.2448,0.2297,0.015,5.3184,5.3184,5.3184,5.3184
18417,5,1.4309,1.3286,0.1023,5.4291,5.4492,5.3402,5.4926
18427,1,0.2027,0.1917,0.011,5.3769,5.3769,5.3769,5.3769
18428,9,3.1662,3.0104,0.1558,5.489,5.3473,5.3274,6.0769
18471,1,0.2215,0.2113,0.0101,5.3341,5.3341,5.3341,5.3341
18489,1,0.3984,0.3742,0.0242,5.4146,5.4146,5.4146,5.4146
18517,1,0.7979,0.7643,0.0336,5.8451,5.8451,5.8451,5.8451
18519,3,1.6596,1.587,0.0726,5.41,5.4133,5.3475,5.4692
18525,3,0.9908,0.9308,0.06,5.3939,5.3661,5.363,5.4526
18526,1,0.5625,0.5327,0.0298,5.3308,5.3308,5.3308,5.3308
18527,3,0.7273,0.682,0.0453,5.3301,5.3354,5.3191,5.3358
18536,1,0.3098,0.2917,0.018,5.3912,5.3912,5.3912,5.3912
18538,1,1.0879,1.038,0.0498,6.0095,6.0095,6.0095,6.0095
18539,1,3.3213,3.1887,0.1325,5.6804,5.6804,5.6804,5.6804
18540,183,50.8126,47.3628,3.4498,5.3851,5.3446,5.3095,6.1403
18541,1,0.5897,0.5636,0.0261,5.3424,5.3424,5.3424,5.3424
18545,1,0.2258,0.2165,0.0093,5.3935,5.3935,5.3935,5.3935
18546,155,122.5831,118.5225,4.0606,5.4213,5.3582,5.305,5.9212
18547,1,2.8663,2.8352,0.0311,5.5592,5.5592,5.5592,5.5592
18548,1,1.2527,1.2353,0.0174,5.3979,5.3979,5.3979,5.3979
18550,1,0.6715,0.6442,0.0273,5.3594,5.3594,5.3594,5.3594
18551,1,0.5939,0.5688,0.0252,5.3301,5.3301,5.3301,5.3301
18552,1,0.5457,0.5265,0.0192,5.3405,5.3405,5.3405,5.3405
18580,6,3.7198,3.6086,0.1112,5.3883,5.383,5.3453,5.4583
18630,5,4.9089,4.8037,0.1052,5.3788,5.378,5.3377,5.4024
18643,4,5.6026,5.5106,0.092,5.4496,5.4431,5.3367,5.5754
18671,1,0.516,0.4982,0.0178,5.3386,5.3386,5.3386,5.3386
18675,1,1.8158,1.7852,0.0306,5.7589,5.7589,5.7589,5.7589
18683,1,0.8585,0.8336,0.0249,5.6248,5.6248,5.6248,5.6248
18685,1,0.6626,0.6409,0.0217,5.4024,5.4024,5.4024,5.4024
18692,7,5.2987,5.1554,0.1433,5.4072,5.3612,5.3324,5.6045
18693,1,1.0992,1.076,0.0232,5.7578,5.7578,5.7578,5.7578
18696,1,1.2002,1.1729,0.0273,5.3789,5.3789,5.3789,5.3789
18697,1,3.9508,3.9007,0.0501,6.1608,6.1608,6.1608,6.1608
18703,1,1.5756,1.5431,0.0326,5.732,5.732,5.732,5.732
18710,1,0.6757,0.6589,0.0168,5.3255,5.3255,5.3255,5.3255
18739,3,2.3646,2.31,0.0546,5.3579,5.3658,5.3327,5.3752
18740,1,0.4471,0.4299,0.0172,5.3311,5.3311,5.3311,5.3311
18747,1,0.6713,0.6511,0.0202,5.3486,5.3486,5.3486,5.3486
18748,1,1.6047,1.5756,0.029,5.7804,5.7804,5.7804,5.7804
18749,1,0.4787,0.4594,0.0194,5.3606,5.3606,5.3606,5.3606
18751,1,0.4249,0.4045,0.0204,5.3842,5.3842,5.3842,5.3842
18752,1,1.7149,1.6777,0.0372,5.4742,5.4742,5.4742,5.4742
18818,5,2.8469,2.7526,0.0942,5.3518,5.3525,5.3295,5.3813
18819,4,2.7795,2.6946,0.0849,5.3518,5.3528,5.3299,5.3719
18849,6,3.8893,3.7356,0.1537,5.4496,5.4027,5.3314,5.7799
18851,1,1.2346,1.2134,0.0211,5.4776,5.4776,5.4776,5.4776
18878,2,1.334,1.283,0.051,5.8615,5.8615,5.7632,5.9598
18907,1,0.5364,0.5111,0.0254,5.4879,5.4879,5.4879,5.4879
18914,16,6.3904,6.0381,0.3523,5.4068,5.3672,5.3161,5.8037
18921,1,1.2311,1.2015,0.0296,5.7115,5.7115,5.7115,5.7115
18922,1,0.4088,0.3876,0.0212,5.3485,5.3485,5.3485,5.3485
18928,1,1.1753,1.1421,0.0331,5.6414,5.6414,5.6414,5.6414
18936,1,0.3228,0.3038,0.019,5.5106,5.5106,5.5106,5.5106
18939,1,0.5211,0.4974,0.0237,5.6797,5.6797,5.6797,5.6797
18940,5,4.3423,4.215,0.1273,5.6892,5.7661,5.3743,5.9322
18941,1,0.3315,0.3138,0.0177,5.3361,5.3361,5.3361,5.3361
18945,1,0.3209,0.3038,0.017,5.3582,5.3582,5.3582,5.3582
18946,1,0.3458,0.3297,0.0161,5.3755,5.3755,5.3755,5.3755
18948,1,7.0798,6.9013,0.1785,5.9739,5.9739,5.9739,5.9739
18964,1,0.6976,0.6742,0.0233,5.375,5.375,5.375,5.375
18967,397,327.01,317.7343,9.2756,5.4087,5.3331,5.3075,6.4359
18979,1,0.4689,0.4526,0.0163,5.3411,5.3411,5.3411,5.3411
18980,1,0.7978,0.7766,0.0212,5.3675,5.3675,5.3675,5.3675
18983,1,1.8125,1.7853,0.0273,5.4491,5.4491,5.4491,5.4491
19016,1,0.4883,0.4706,0.0177,5.3394,5.3394,5.3394,5.3394
19017,35,39.3182,38.4782,0.8399,5.4354,5.4062,5.3106,6.0874
19038,1,2.6328,2.6104,0.0224,5.8513,5.8513,5.8513,5.8513
19051,1,0.5273,0.51,0.0173,5.4134,5.4134,5.4134,5.4134
19053,1,0.4495,0.4315,0.0181,5.3291,5.3291,5.3291,5.3291
19063,351,144.1253,137.2383,6.887,5.3727,5.3356,5.3108,6.6389
19065,6,1.9871,1.8668,0.1203,5.4381,5.4346,5.3381,5.5465
19074,1,0.1904,0.1728,0.0176,5.3677,5.3677,5.3677,5.3677
19075,1,0.4244,0.4,0.0244,5.6734,5.6734,5.6734,5.6734
19076,3,1.3639,1.2758,0.0881,5.6899,5.806,5.3806,5.8831
19080,1,0.2021,0.1864,0.0156,5.3359,5.3359,5.3359,5.3359
19112,1,0.3381,0.3185,0.0196,5.599,5.599,5.599,5.599
19123,1,0.5341,0.5052,0.0288,5.5459,5.5459,5.5459,5.5459
19124,1,0.3854,0.3615,0.0239,5.5099,5.5099,5.5099,5.5099
19127,2,0.6986,0.6544,0.0442,5.6028,5.6028,5.4598,5.7458
19128,1,0.2578,0.2407,0.0171,5.5387,5.5387,5.5387,5.5387
19129,1,0.243,0.2258,0.0171,5.5647,5.5647,5.5647,5.5647
19133,3,1.2833,1.2168,0.0664,5.4601,5.4652,5.4034,5.5116
19144,1,0.1808,0.1683,0.0125,5.3316,5.3316,5.3316,5.3316
19146,1,0.1959,0.1826,0.0133,5.3574,5.3574,5.3574,5.3574
19148,1,0.6191,0.5861,0.033,5.8703,5.8703,5.8703,5.8703
19157,1,1.1396,1.0924,0.0472,6.0298,6.0298,6.0298,6.0298
19192,1,0.2609,0.2443,0.0166,5.3303,5.3303,5.3303,5.3303
19215,1,0.2621,0.2444,0.0177,5.3198,5.3198,5.3198,5.3198
19232,13,4.4932,4.2233,0.2699,5.3907,5.3907,5.3201,5.5315
19251,1,0.3142,0.2968,0.0173,5.3576,5.3576,5.3576,5.3576
19287,25,40.7642,39.853,0.9112,5.4988,5.3839,5.3244,6.0031
19295,1,0.7073,0.6902,0.017,5.3134,5.3134,5.3134,5.3134
19299,1,3.6166,3.5717,0.0449,5.9874,5.9874,5.9874,5.9874
19300,1,1.7781,1.7483,0.0298,5.6526,5.6526,5.6526,5.6526
19301,42,30.142,29.1807,0.9613,5.447,5.4049,5.3294,5.9017
19307,45,87.3463,84.1497,3.1967,5.4422,5.376,5.3163,6.1453
19308,386,299.3787,290.7084,8.6704,5.3705,5.3408,5.2965,6.2188
19317,1,0.3617,0.3437,0.018,5.3273,5.3273,5.3273,5.3273
19318,270,233.8312,225.4024,8.4288,5.372,5.3357,5.3056,6.1328
19323,1,0.5466,0.5228,0.0238,5.3507,5.3507,5.3507,5.3507
19327,1,0.3633,0.3414,0.0219,5.3449,5.3449,5.3449,5.3449
19328,1,0.4508,0.4294,0.0214,5.3733,5.3733,5.3733,5.3733
19332,6,11.0869,10.7554,0.3315,5.4613,5.4604,5.3231,5.5732
19333,1,0.5879,0.5623,0.0255,5.5654,5.5654,5.5654,5.5654
19334,2,2.0463,1.9943,0.0519,5.6073,5.6073,5.3317,5.8829
19337,1,0.363,0.344,0.019,5.3421,5.3421,5.3421,5.3421
19341,2,1.1347,1.086,0.0487,5.4937,5.4937,5.4649,5.5224
19343,1,0.5582,0.534,0.0242,5.8982,5.8982,5.8982,5.8982
19344,395,248.9723,240.1605,8.8118,5.3649,5.3398,5.302,6.1846
19350,1,4.3008,4.2693,0.0316,6.1609,6.1609,6.1609,6.1609
19392,2,1.9191,1.8865,0.0327,5.3395,5.3395,5.3288,5.3503
19431,1,4.1225,4.0958,0.0268,5.9601,5.9601,5.9601,5.9601
19446,2,17.4471,17.195,0.252,5.5628,5.5628,5.4485,5.677
19467,2,3.3011,3.2574,0.0437,5.5198,5.5198,5.3246,5.7149
19468,1,0.5816,0.5686,0.013,5.3282,5.3282,5.3282,5.3282
19469,2,2.1426,2.1036,0.0389,5.5545,5.5545,5.5372,5.5718
19470,1,0.6824,0.6672,0.0153,5.3442,5.3442,5.3442,5.3442
19486,2,5.6245,5.5842,0.0404,5.7776,5.7776,5.3303,6.225
19509,1,0.6802,0.6633,0.0169,5.3543,5.3543,5.3543,5.3543
19514,1,4.1845,4.1309,0.0535,6.0675,6.0675,6.0675,6.0675
19563,3,3.2745,3.2198,0.0547,5.3883,5.4045,5.3351,5.4252
19579,1,2.374,2.343,0.031,5.6052,5.6052,5.6052,5.6052
19604,1,0.5396,0.5242,0.0154,5.337,5.337,5.337,5.337
19609,1,1.2856,1.2627,0.0229,5.703,5.703,5.703,5.703
19610,1,0.5389,0.5247,0.0142,5.3247,5.3247,5.3247,5.3247
19611,1,0.8254,0.806,0.0193,5.3203,5.3203,5.3203,5.3203
19619,2,1.3738,1.3325,0.0412,5.3756,5.3756,5.3538,5.3974
19620,9,7.1798,6.9927,0.1871,5.4738,5.3669,5.3195,5.8494
19625,1,3.0121,2.972,0.0401,6.3031,6.3031,6.3031,6.3031
19626,1,1.4219,1.3929,0.029,5.9903,5.9903,5.9903,5.9903
19631,162,239.1647,234.8815,4.2831,5.4021,5.3419,5.3072,6.082
19632,1,0.6513,0.6322,0.0192,5.3392,5.3392,5.3392,5.3392
19633,1,0.4986,0.4829,0.0157,5.3278,5.3278,5.3278,5.3278
19649,3,2.2495,2.1879,0.0616,5.5027,5.3629,5.3335,5.8117
19699,1,0.5496,0.5315,0.0181,5.3317,5.3317,5.3317,5.3317
19725,1,0.5257,0.5081,0.0175,5.3531,5.3531,5.3531,5.3531
19731,424,229.2669,220.1837,9.0833,5.3793,5.3552,5.3088,6.6727
19740,1,0.2509,0.2292,0.0217,5.4596,5.4596,5.4596,5.4596
19762,4,4.873,4.5251,0.3478,5.5045,5.4223,5.3372,5.8361
19770,1,0.4645,0.435,0.0295,5.9133,5.9133,5.9133,5.9133
19779,1,0.7178,0.6757,0.0421,5.7389,5.7389,5.7389,5.7389
19793,24,17.7693,16.7926,0.9767,5.5221,5.3841,5.3357,6.2434
19796,4,1.7649,1.6686,0.0964,5.5791,5.5616,5.3921,5.8011
19809,1,0.3673,0.3375,0.0299,5.3719,5.3719,5.3719,5.3719
19816,1,0.3414,0.3201,0.0213,5.5815,5.5815,5.5815,5.5815
19817,1,0.4055,0.3821,0.0234,5.3273,5.3273,5.3273,5.3273
19824,1,0.3092,0.2899,0.0193,5.332,5.332,5.332,5.332
19826,2,8.1172,8.0388,0.0785,6.0596,6.0596,5.7853,6.3339
19832,1,0.4594,0.4405,0.0189,5.3341,5.3341,5.3341,5.3341
19839,1,2.7699,2.7498,0.0201,6.0819,6.0819,6.0819,6.0819
19840,1,0.5415,0.5226,0.0189,5.4016,5.4016,5.4016,5.4016
19841,1,0.4378,0.4192,0.0187,5.389,5.389,5.389,5.389
19842,1,2.9357,2.8977,0.038,5.4614,5.4614,5.4614,5.4614
19843,1,0.4065,0.3886,0.0179,5.34,5.34,5.34,5.34
19844,1,1.3804,1.3575,0.0228,5.918,5.918,5.918,5.918
19864,61,29.3326,28.0204,1.3122,5.3846,5.3646,5.3218,5.6368
19871,1,0.3744,0.353,0.0214,5.4216,5.4216,5.4216,5.4216
19872,337,152.2065,145.4341,6.7725,5.3621,5.3373,5.3064,6.4322
19873,259,407.4515,399.5602,7.8913,5.4446,5.3658,5.3099,6.2102
19879,2,4.0624,4.0264,0.0361,5.3753,5.3753,5.3668,5.3838
19907,2,2.3963,2.3589,0.0374,5.3953,5.3953,5.3402,5.4503
19911,1,1.654,1.6396,0.0144,5.5048,5.5048,5.5048,5.5048
19914,7,5.1049,5.0246,0.0803,5.3347,5.3322,5.328,5.3424
19932,2,15.3074,15.0886,0.2188,5.5298,5.5298,5.3664,5.6932
19933,2,1.7758,1.7389,0.0369,5.3245,5.3245,5.315,5.334
19980,3,8.1827,8.0914,0.0912,5.6295,5.7182,5.4504,5.72
19981,10,10.5581,10.3674,0.1906,5.5588,5.601,5.4083,5.6619
19982,2,14.4712,14.3672,0.104,6.4207,6.4207,6.4187,6.4227
19983,7,8.1988,8.0725,0.1263,5.3926,5.4069,5.3388,5.4432
19990,1,0.7904,0.7749,0.0154,5.318,5.318,5.318,5.318
19999,1,0.8751,0.8559,0.0192,5.4252,5.4252,5.4252,5.4252
20000,1,0.5938,0.5759,0.018,5.3526,5.3526,5.3526,5.3526
20005,1,1.3006,1.2672,0.0335,5.4407,5.4407,5.4407,5.4407
20006,1,0.6879,0.6697,0.0182,5.4061,5.4061,5.4061,5.4061
20012,1,5.5603,5.4967,0.0636,5.6546,5.6546,5.6546,5.6546
20018,1,1.3017,1.2678,0.0339,5.3875,5.3875,5.3875,5.3875
20033,1,7.8213,7.6918,0.1295,5.6801,5.6801,5.6801,5.6801
20035,1,0.6627,0.6405,0.0221,5.3318,5.3318,5.3318,5.3318
20037,1,1.8567,1.8253,0.0314,5.5835,5.5835,5.5835,5.5835
20038,1,0.4209,0.4047,0.0162,5.3417,5.3417,5.3417,5.3417
20039,1,13.49,13.2723,0.2176,5.6773,5.6773,5.6773,5.6773
20043,1,78.4934,77.0739,1.4195,5.5888,5.5888,5.5888,5.5888
20052,5,13.411,13.1498,0.2613,5.5204,5.5114,5.3381,5.8713
20067,1,0.6682,0.6516,0.0166,5.3523,5.3523,5.3523,5.3523
20114,4,5.4154,5.3316,0.0839,5.4863,5.4597,5.4,5.626
20140,1,1.1517,1.132,0.0198,5.3929,5.3929,5.3929,5.3929
20142,1,0.8242,0.8024,0.0218,5.3787,5.3787,5.3787,5.3787
20148,1,1.039,1.0156,0.0234,5.3673,5.3673,5.3673,5.3673
20155,24,46.409,45.4288,0.9802,5.4203,5.3516,5.3274,6.0202
20156,21,23.7099,23.2964,0.4135,5.4073,5.3853,5.3219,5.5746
20159,1,3.6634,3.6356,0.0278,6.159,6.159,6.159,6.159
20160,4,11.2455,11.0489,0.1966,5.4773,5.4228,5.3394,5.7241
20176,4,5.2297,5.0981,0.1316,5.7143,5.7256,5.6117,5.7943
20182,1,0.185,0.1718,0.0132,5.374,5.374,5.374,5.374
20183,1,0.4327,0.408,0.0246,5.5607,5.5607,5.5607,5.5607
20190,1,0.3505,0.3284,0.0221,6.0883,6.0883,6.0883,6.0883
20191,1,0.252,0.235,0.017,5.3234,5.3234,5.3234,5.3234
20195,1,0.3856,0.3563,0.0293,5.4847,5.4847,5.4847,5.4847
20196,1,0.2402,0.2209,0.0193,5.4206,5.4206,5.4206,5.4206
20198,1,0.1896,0.1735,0.0161,5.3362,5.3362,5.3362,5.3362
20199,1,0.185,0.1716,0.0133,5.3334,5.3334,5.3334,5.3334
20200,1,0.2428,0.2285,0.0143,5.4508,5.4508,5.4508,5.4508
20201,1,1.3804,1.3297,0.0507,5.4795,5.4795,5.4795,5.4795
20202,2,0.5338,0.5005,0.0332,5.4208,5.4208,5.4058,5.4357
20203,4,4.2785,4.1204,0.1581,5.9045,5.8861,5.848,5.9976
20206,1,0.5758,0.5471,0.0287,6.0099,6.0099,6.0099,6.0099
20207,1,0.2104,0.1988,0.0115,5.3251,5.3251,5.3251,5.3251
20221,1,1.209,1.1631,0.0459,5.5104,5.5104,5.5104,5.5104
20227,88,52.2136,49.6872,2.5264,5.4267,5.3513,5.3052,6.2145
20235,1,0.7537,0.7307,0.0229,5.7354,5.7354,5.7354,5.7354
20238,1,0.3468,0.3299,0.0168,5.3479,5.3479,5.3479,5.3479
20255,1,0.4973,0.47,0.0273,5.3362,5.3362,5.3362,5.3362
20260,1,4.5749,4.4857,0.0892,5.7076,5.7076,5.7076,5.7076
20270,1,0.6181,0.5938,0.0243,5.4615,5.4615,5.4615,5.4615
20287,1,0.3398,0.3217,0.0181,5.3448,5.3448,5.3448,5.3448
20314,21,30.0872,28.6198,1.4674,5.5315,5.3966,5.326,6.3432
20333,1,2.3107,2.2512,0.0596,6.5103,6.5103,6.5103,6.5103
20335,1,0.6138,0.5906,0.0232,5.305,5.305,5.305,5.305
20339,9,4.3954,4.1793,0.2161,5.5141,5.4741,5.3403,5.8226
20343,1,2.8202,2.7488,0.0715,5.7251,5.7251,5.7251,5.7251
20344,1,0.6007,0.5737,0.027,5.4029,5.4029,5.4029,5.4029
20355,72,57.6652,55.7917,1.8735,5.397,5.3532,5.3152,6.117
20357,1,0.3424,0.3206,0.0218,5.3481,5.3481,5.3481,5.3481
20363,1,0.3116,0.2961,0.0154,5.3291,5.3291,5.3291,5.3291
20368,1,0.3053,0.2889,0.0164,5.3308,5.3308,5.3308,5.3308
20369,1,0.3356,0.316,0.0196,5.3538,5.3538,5.3538,5.3538
20370,2,1.941,1.8838,0.0572,5.3776,5.3776,5.3744,5.3808
20371,2,0.623,0.584,0.0389,5.3517,5.3517,5.3294,5.374
20372,1,0.6155,0.5861,0.0294,5.5914,5.5914,5.5914,5.5914
20379,2,0.5681,0.53,0.0381,5.3487,5.3487,5.334,5.3634
20380,1,5.4662,5.3157,0.1505,6.0045,6.0045,6.0045,6.0045
20386,1,0.509,0.4851,0.0239,5.4089,5.4089,5.4089,5.4089
20390,1,0.2723,0.2567,0.0156,5.341,5.341,5.341,5.341
20391,2,8.0703,7.8031,0.2672,5.5029,5.5029,5.3331,5.6728
20424,3,1.8724,1.814,0.0584,5.3799,5.4014,5.3281,5.4102
20425,6,4.2622,4.1345,0.1277,5.3977,5.3957,5.3398,5.4491
20461,156,177.4807,172.4547,5.026,5.4255,5.3499,5.3106,6.2765
20467,1,2.585,2.5551,0.03,5.4737,5.4737,5.4737,5.4737
20477,1,1.2571,1.2317,0.0254,5.4415,5.4415,5.4415,5.4415
20516,1,0.8069,0.7886,0.0184,5.4376,5.4376,5.4376,5.4376
20521,1,7.1456,7.0565,0.089,5.7193,5.7193,5.7193,5.7193
20545,1,3.7003,3.6789,0.0214,6.0042,6.0042,6.0042,6.0042
20571,1,0.706,0.6886,0.0174,5.3716,5.3716,5.3716,5.3716
20590,1,7.1403,6.9763,0.164,5.7833,5.7833,5.7833,5.7833
20591,1,1.1695,1.1437,0.0258,5.7412,5.7412,5.7412,5.7412
20592,1,0.7412,0.7121,0.0291,5.3351,5.3351,5.3351,5.3351
20602,1,1.8436,1.8176,0.0261,5.6724,5.6724,5.6724,5.6724
20603,1,0.4188,0.4019,0.0169,5.3522,5.3522,5.3522,5.3522
20604,1,0.5993,0.5797,0.0196,5.3234,5.3234,5.3234,5.3234
20627,45,42.2478,41.2464,1.0014,5.4367,5.3862,5.314,5.8508
20636,2,3.5255,3.4451,0.0804,5.9626,5.9626,5.9418,5.9833
20640,44,39.1964,38.1489,1.0476,5.4287,5.3646,5.3154,5.8407
20661,1,0.3582,0.3399,0.0182,5.3349,5.3349,5.3349,5.3349
20672,2,3.8508,3.78,0.0709,5.7566,5.7566,5.6854,5.8277
20673,3,3.2722,3.1509,0.1213,5.7472,5.7449,5.7317,5.7651
20682,6,2.2448,2.0979,0.1469,5.6577,5.7563,5.3533,5.8327
20686,1,0.9593,0.9288,0.0305,5.3683,5.3683,5.3683,5.3683
20732,1,0.5354,0.512,0.0234,5.4945,5.4945,5.4945,5.4945
20733,1,0.3448,0.3254,0.0194,5.3374,5.3374,5.3374,5.3374
20735,1,1.3217,1.287,0.0347,5.55,5.55,5.55,5.55
20765,188,206.3643,201.3921,4.9721,5.437,5.34,5.3117,6.446
20792,1,0.6321,0.613,0.0191,5.4135,5.4135,5.4135,5.4135
20801,6,13.6367,13.4264,0.2103,5.4069,5.4086,5.3594,5.463
20805,10,21.1293,20.7604,0.3689,5.5192,5.3771,5.3459,6.085
20809,1,9.7109,9.4866,0.2243,5.6844,5.6844,5.6844,5.6844
20821,4,2.4399,2.351,0.089,5.3831,5.3637,5.3386,5.4662
20822,4,3.4352,3.3413,0.094,5.3952,5.3804,5.3227,5.4971
20826,1,10.8863,10.7318,0.1545,5.9698,5.9698,5.9698,5.9698
20859,8,5.1385,5.0078,0.1307,5.4003,5.3603,5.3406,5.6605
20860,2,10.4146,10.287,0.1276,5.7748,5.7748,5.4565,6.093
20861,1,0.7318,0.7142,0.0175,5.3472,5.3472,5.3472,5.3472
20863,1,9.7234,9.5794,0.144,5.8662,5.8662,5.8662,5.8662
20864,1,0.5341,0.5185,0.0156,5.3292,5.3292,5.3292,5.3292
20865,1,1.2534,1.2294,0.024,5.4148,5.4148,5.4148,5.4148
20866,1,0.5727,0.5537,0.019,5.3299,5.3299,5.3299,5.3299
20867,1,0.4567,0.4396,0.0171,5.3634,5.3634,5.3634,5.3634
20868,1,0.8637,0.8426,0.0211,5.4555,5.4555,5.4555,5.4555
20869,1,0.7413,0.7197,0.0216,5.3939,5.3939,5.3939,5.3939
20874,1,0.4475,0.4314,0.016,5.3558,5.3558,5.3558,5.3558
20876,1,1.1039,1.081,0.0229,5.8867,5.8867,5.8867,5.8867
20877,1,1.5445,1.5188,0.0257,5.3217,5.3217,5.3217,5.3217
20878,6,10.3475,10.1949,0.1525,5.4235,5.3752,5.3534,5.6179
20891,1,1.1701,1.1454,0.0247,5.3496,5.3496,5.3496,5.3496
20892,2,1.9774,1.933,0.0444,5.4031,5.4031,5.3277,5.4786
20906,4,6.136,6.022,0.1139,5.537,5.546,5.3495,5.7066
20907,5,8.2926,8.1065,0.1861,5.5155,5.4468,5.4073,5.8278
20940,57,99.8261,97.7245,2.1016,5.4402,5.3382,5.3102,5.7763
20945,1,1.1034,1.0837,0.0197,5.3582,5.3582,5.3582,5.3582
20952,1,2.4114,2.3903,0.0211,5.6425,5.6425,5.6425,5.6425
20953,1,10.878,10.6748,0.2032,5.6914,5.6914,5.6914,5.6914
20957,1,0.6235,0.6038,0.0198,5.3158,5.3158,5.3158,5.3158
20974,1,3.5003,3.4593,0.041,6.0406,6.0406,6.0406,6.0406
20975,6,12.6533,12.3342,0.3191,5.5191,5.3387,5.3161,6.0112
20988,1,0.5735,0.5524,0.0212,5.3526,5.3526,5.3526,5.3526
20992,1,0.3361,0.3206,0.0154,5.3852,5.3852,5.3852,5.3852
21005,12,6.5436,6.2935,0.2501,5.3913,5.3963,5.3201,5.506
21020,1,1.1029,1.0779,0.025,6.0526,6.0526,6.0526,6.0526
21021,1,0.8667,0.8363,0.0304,5.455,5.455,5.455,5.455
21036,1,0.3016,0.2873,0.0143,5.3351,5.3351,5.3351,5.3351
21037,1,0.8325,0.8083,0.0243,5.3914,5.3914,5.3914,5.3914
21040,1,1.0992,1.072,0.0273,5.819,5.819,5.819,5.819
21041,1,0.4689,0.4461,0.0228,5.5324,5.5324,5.5324,5.5324
21043,1,0.2731,0.2589,0.0142,5.3412,5.3412,5.3412,5.3412
21049,1,0.4178,0.3946,0.0232,5.321,5.321,5.321,5.321
21051,1,0.5021,0.4788,0.0232,5.3304,5.3304,5.3304,5.3304
21052,1,0.3584,0.3378,0.0206,5.3789,5.3789,5.3789,5.3789
21053,1,0.6829,0.6573,0.0255,5.3282,5.3282,5.3282,5.3282
21054,1,0.4952,0.4725,0.0227,5.3649,5.3649,5.3649,5.3649
21064,15,23.1781,22.6152,0.5629,5.4186,5.3409,5.3245,6.1417
21071,1,1.342,1.3083,0.0337,5.5118,5.5118,5.5118,5.5118
21093,18,14.0249,13.7136,0.3112,5.4063,5.3388,5.32,5.9818
21098,1,0.5736,0.5584,0.0152,5.3351,5.3351,5.3351,5.3351
21101,1,0.6432,0.6274,0.0158,5.3272,5.3272,5.3272,5.3272
21111,9,13.1412,12.9423,0.1989,5.5779,5.643,5.35,5.7805
21123,32,53.6319,52.2899,1.3419,5.5029,5.3635,5.3282,6.0936
21124,329,186.3804,179.1913,7.1891,5.3706,5.345,5.3048,5.9273
21139,1,0.6388,0.6197,0.0191,5.3268,5.3268,5.3268,5.3268
21148,1,0.5257,0.506,0.0197,5.3933,5.3933,5.3933,5.3933
21149,1,0.4809,0.4643,0.0166,5.3551,5.3551,5.3551,5.3551
21154,1,2.021,1.9861,0.0349,5.5705,5.5705,5.5705,5.5705
21164,1,0.4945,0.4749,0.0196,5.3664,5.3664,5.3664,5.3664
21170,1,9.0727,8.878,0.1947,5.87,5.87,5.87,5.87
21171,3,6.7006,6.5957,0.1049,5.6456,5.6411,5.6276,5.6681
21176,9,22.3565,21.9197,0.4368,5.4674,5.3381,5.3083,5.8129
21177,18,13.4779,13.0923,0.3856,5.424,5.3667,5.325,5.7822
21182,1,0.3809,0.3643,0.0166,5.3337,5.3337,5.3337,5.3337
21187,1,0.4357,0.4187,0.0171,5.3237,5.3237,5.3237,5.3237
21188,1,0.4246,0.406,0.0186,5.342,5.342,5.342,5.342
21191,1,1.8278,1.7971,0.0307,5.8507,5.8507,5.8507,5.8507
21192,1,0.3617,0.3455,0.0161,5.3261,5.3261,5.3261,5.3261
21193,1,0.4484,0.4225,0.0259,5.3214,5.3214,5.3214,5.3214
21194,1,0.6279,0.6057,0.0221,5.9601,5.9601,5.9601,5.9601
21196,1,2.1247,2.0954,0.0293,6.0217,6.0217,6.0217,6.0217
21197,1,0.72,0.6943,0.0257,5.4814,5.4814,5.4814,5.4814
21198,1,0.5013,0.4782,0.0232,5.5521,5.5521,5.5521,5.5521
21206,4,15.7386,15.4243,0.3143,5.434,5.3701,5.333,5.6628
21207,60,102.3152,100.1444,2.1707,5.453,5.3383,5.3095,5.8832
21225,61,63.2213,61.0221,2.1993,5.4114,5.3584,5.3191,5.9236
21254,4,1.778,1.6755,0.1025,5.435,5.4171,5.3391,5.5667
21257,37,54.2954,53.0295,1.2658,5.4391,5.3619,5.3218,5.8412
21258,1,0.6485,0.6286,0.0199,5.3426,5.3426,5.3426,5.3426
21259,118,73.5323,70.9671,2.5652,5.3606,5.339,5.31,5.9581
21264,1,0.4146,0.3882,0.0264,5.4469,5.4469,5.4469,5.4469
21289,4,2.2127,2.1115,0.1012,5.4732,5.4741,5.3873,5.5571
21290,6,2.8031,2.6618,0.1413,5.4288,5.3822,5.3566,5.6022
21322,1,1.1194,1.0809,0.0385,5.5746,5.5746,5.5746,5.5746
21323,1,0.3671,0.3453,0.0218,5.3514,5.3514,5.3514,5.3514
21335,4,3.3227,3.2177,0.105,5.6794,5.7369,5.3994,5.8443
21348,1,1.1186,1.0859,0.0326,5.5331,5.5331,5.5331,5.5331
21350,1,0.404,0.3829,0.0212,5.3258,5.3258,5.3258,5.3258
21351,19,9.6441,9.2229,0.4212,5.3718,5.3622,5.3251,5.4441
21352,9,6.8119,6.5534,0.2585,5.5056,5.3963,5.3294,5.8563
21362,1,0.8527,0.8256,0.0271,5.3705,5.3705,5.3705,5.3705
21363,1,0.3547,0.3327,0.0219,5.3827,5.3827,5.3827,5.3827
21364,1,0.342,0.3217,0.0202,5.3428,5.3428,5.3428,5.3428
21365,1,0.4714,0.4469,0.0245,5.3446,5.3446,5.3446,5.3446
21371,1,0.3417,0.3212,0.0205,5.6583,5.6583,5.6583,5.6583
21372,1,0.7894,0.755,0.0343,5.4442,5.4442,5.4442,5.4442
21376,20,44.57,43.9076,0.6625,5.4833,5.4486,5.3076,5.7781
21377,2,1.1229,1.0924,0.0305,5.3304,5.3304,5.3284,5.3324
21382,16,13.6104,13.3002,0.3102,5.3861,5.3671,5.319,5.4916
21394,2,3.9544,3.8938,0.0607,5.7409,5.7409,5.3364,6.1454
21400,2,1.8245,1.7855,0.039,5.4474,5.4474,5.4469,5.4478
21407,2,1.4679,1.4269,0.041,5.5117,5.5117,5.3355,5.688
21424,4,8.0129,7.8662,0.1467,5.4063,5.3469,5.3373,5.594
21431,1,0.3497,0.3325,0.0172,5.3405,5.3405,5.3405,5.3405
21432,1,0.4036,0.3857,0.0179,5.3357,5.3357,5.3357,5.3357
21453,1,0.3543,0.3358,0.0185,5.3413,5.3413,5.3413,5.3413
21466,1,0.3658,0.35,0.0158,5.3502,5.3502,5.3502,5.3502
21475,1,0.4252,0.4066,0.0186,5.3737,5.3737,5.3737,5.3737
21476,1,1.2396,1.2097,0.0299,5.3935,5.3935,5.3935,5.3935
21478,1,0.5827,0.5587,0.0239,5.3392,5.3392,5.3392,5.3392
21479,1,0.4022,0.3823,0.0199,5.3287,5.3287,5.3287,5.3287
21480,1,0.8242,0.7964,0.0278,5.3571,5.3571,5.3571,5.3571
21481,1,0.5334,0.5106,0.0228,5.3653,5.3653,5.3653,5.3653
21483,1,1.121,1.0936,0.0274,5.4736,5.4736,5.4736,5.4736
21490,3,1.8856,1.8241,0.0615,5.5954,5.5377,5.33,5.9185
21606,3,1.5271,1.4658,0.0612,5.4257,5.4281,5.3298,5.5191
21607,24,20.8079,20.1521,0.6557,5.4211,5.3713,5.3134,5.7531
21616,3,1.2599,1.1895,0.0704,5.3575,5.3559,5.3394,5.3772
21617,4,6.3795,6.1903,0.1892,5.4982,5.4143,5.3299,5.8342
21644,1,0.3899,0.3689,0.021,5.3464,5.3464,5.3464,5.3464
21645,1,0.4217,0.391,0.0307,5.3438,5.3438,5.3438,5.3438
21671,1,0.2898,0.278,0.0117,5.334,5.334,5.334,5.334
21672,1,0.3212,0.3039,0.0172,5.4214,5.4214,5.4214,5.4214
21674,1,1.2116,1.1777,0.0338,5.4411,5.4411,5.4411,5.4411
21675,1,0.4649,0.4398,0.0251,5.5591,5.5591,5.5591,5.5591
21676,1,1.9799,1.9495,0.0305,5.5323,5.5323,5.5323,5.5323
21727,1,0.8894,0.8577,0.0317,5.5429,5.5429,5.5429,5.5429
21728,1,0.4293,0.406,0.0233,5.3903,5.3903,5.3903,5.3903
21775,216,235.4059,230.1436,5.2623,5.4029,5.3429,5.3077,6.0378
21784,5,5.3247,5.1155,0.2092,5.3952,5.3702,5.3579,5.4804
21798,1,0.2797,0.2623,0.0174,5.3988,5.3988,5.3988,5.3988
21831,1,1.8514,1.7609,0.0905,6.5884,6.5884,6.5884,6.5884
21833,4,3.2644,3.1339,0.1305,5.7397,5.7543,5.652,5.7981
21837,1,0.5909,0.5609,0.0299,5.5207,5.5207,5.5207,5.5207
21841,30,26.5664,25.6534,0.9129,5.4535,5.4101,5.329,6.1742
21853,2,2.2892,2.2294,0.0598,5.3895,5.3895,5.3887,5.3902
21863,1,0.2636,0.2472,0.0164,5.3326,5.3326,5.3326,5.3326
21867,1,0.3853,0.3648,0.0204,5.3286,5.3286,5.3286,5.3286
21873,1,0.5415,0.5166,0.0249,5.6963,5.6963,5.6963,5.6963
21874,1,0.4115,0.3878,0.0236,5.365,5.365,5.365,5.365
21875,1,0.3817,0.3588,0.0229,5.3285,5.3285,5.3285,5.3285
21876,1,0.855,0.8229,0.0321,5.3426,5.3426,5.3426,5.3426
21877,1,0.3868,0.3637,0.0231,5.4996,5.4996,5.4996,5.4996
21878,1,0.2584,0.2401,0.0184,5.3229,5.3229,5.3229,5.3229
21879,1,0.4261,0.4047,0.0215,5.3648,5.3648,5.3648,5.3648
21880,1,0.2554,0.2353,0.0201,5.3285,5.3285,5.3285,5.3285
21888,7,2.6976,2.5386,0.159,5.3357,5.3314,5.3139,5.3784
21929,3,0.8636,0.806,0.0575,5.3343,5.3354,5.3277,5.3398
21930,145,72.8363,69.4101,3.4262,5.3762,5.3428,4.5014,5.8735
21933,1,0.2921,0.271,0.0211,5.3391,5.3391,5.3391,5.3391
21966,5,1.9394,1.8421,0.0973,5.3549,5.3424,5.338,5.3962
21991,3,1.8006,1.7129,0.0877,5.5208,5.4201,5.3536,5.7888
21997,1,0.3313,0.3099,0.0214,5.3238,5.3238,5.3238,5.3238
22014,2,0.5532,0.5216,0.0316,5.3251,5.3251,5.3226,5.3276
22015,2,0.5323,0.5022,0.0301,5.3635,5.3635,5.3355,5.3915
22020,1,0.2653,0.2426,0.0227,5.3707,5.3707,5.3707,5.3707
22021,6,31.5845,31.2616,0.3228,5.5825,5.5823,5.5358,5.6501
22022,320,190.7404,183.7336,7.0068,5.3749,5.339,5.3027,5.9812
22029,1,1.359,1.3203,0.0388,5.5638,5.5638,5.5638,5.5638
22030,1,3.1932,3.1356,0.0576,6.506,6.506,6.506,6.506
22036,1,2.1225,2.0776,0.0448,5.5712,5.5712,5.5712,5.5712
22037,1,0.4956,0.4723,0.0234,5.3366,5.3366,5.3366,5.3366
22045,15,9.1939,8.812,0.3819,5.4131,5.3833,5.3272,5.6349
22046,16,6.1096,5.8009,0.3087,5.5321,5.4741,5.3159,6.0495
22082,1,0.2672,0.246,0.0213,5.3635,5.3635,5.3635,5.3635
22084,1,0.2069,0.1975,0.0094,5.3402,5.3402,5.3402,5.3402
22118,2,0.6848,0.6407,0.0441,5.3727,5.3727,5.3718,5.3737
22119,2,21.2005,20.9825,0.218,5.7729,5.7729,5.7689,5.7769
22127,1,0.6523,0.6354,0.0169,5.3284,5.3284,5.3284,5.3284
22154,1,1.0621,1.0404,0.0217,5.4962,5.4962,5.4962,5.4962
22155,26,46.3615,45.6371,0.7244,5.5299,5.5242,5.3592,5.8255
22163,39,28.4047,27.4303,0.9744,5.426,5.3709,5.3166,6.0804
22164,2,0.9084,0.865,0.0433,5.3696,5.3696,5.3544,5.3849
22183,1,0.5392,0.5166,0.0226,5.3414,5.3414,5.3414,5.3414
22187,1,0.383,0.3649,0.018,5.3322,5.3322,5.3322,5.3322
22189,3,2.1973,2.1372,0.0601,5.379,5.3548,5.3248,5.4573
22198,1,1.3799,1.3499,0.03,5.8424,5.8424,5.8424,5.8424
22202,1,0.6937,0.6703,0.0234,5.4318,5.4318,5.4318,5.4318
22209,1,1.9172,1.8776,0.0395,5.7556,5.7556,5.7556,5.7556
22212,1,0.9849,0.9569,0.0281,5.8443,5.8443,5.8443,5.8443
22214,1,0.4815,0.4616,0.02,5.3477,5.3477,5.3477,5.3477
22215,1,2.4876,2.4443,0.0433,6.0872,6.0872,6.0872,6.0872
22222,2,1.1668,1.1207,0.0461,5.3517,5.3517,5.3265,5.3769
22260,1,0.4374,0.4127,0.0248,5.3432,5.3432,5.3432,5.3432
22265,5,2.1636,2.0575,0.1061,5.3717,5.3807,5.3155,5.4235
22283,1,0.7942,0.7777,0.0165,5.3706,5.3706,5.3706,5.3706
22284,1,0.9729,0.9557,0.0172,5.3599,5.3599,5.3599,5.3599
22295,26,25.9423,25.4824,0.4599,5.3866,5.3489,5.3118,5.8678
22305,1,0.8641,0.8461,0.018,5.3396,5.3396,5.3396,5.3396
22307,1,0.6647,0.6471,0.0176,5.327,5.327,5.327,5.327
22310,1,1.954,1.9267,0.0273,5.737,5.737,5.737,5.737
22311,1,0.5914,0.5768,0.0146,5.328,5.328,5.328,5.328
22315,2,1.7981,1.7563,0.0418,5.3833,5.3833,5.369,5.3977
22322,2,3.7956,3.743,0.0527,5.8034,5.8034,5.6603,5.9464
22325,1,0.6095,0.5932,0.0163,5.3278,5.3278,5.3278,5.3278
22327,1,3.5098,3.489,0.0208,5.7812,5.7812,5.7812,5.7812
22333,1,1.1556,1.1352,0.0204,5.4564,5.4564,5.4564,5.4564
22336,1,0.7946,0.7736,0.0209,5.3972,5.3972,5.3972,5.3972
22337,1,0.5282,0.5133,0.0149,5.338,5.338,5.338,5.338
22342,1,1.4998,1.4758,0.024,5.4433,5.4433,5.4433,5.4433
22343,1,0.7327,0.7194,0.0132,5.4336,5.4336,5.4336,5.4336
22348,1,4.3865,4.3446,0.0419,6.1594,6.1594,6.1594,6.1594
22350,1,6.9385,6.8799,0.0586,5.827,5.827,5.827,5.827
22352,1,0.5985,0.5785,0.02,5.3747,5.3747,5.3747,5.3747
22353,1,0.9241,0.9065,0.0176,5.3437,5.3437,5.3437,5.3437
22371,29,35.4312,34.8213,0.6099,5.4721,5.3548,5.3136,6.0912
22372,311,137.0741,131.029,6.0451,5.3597,5.3373,5.2965,6.5396
22386,1,0.2428,0.2236,0.0192,5.4012,5.4012,5.4012,5.4012
22433,30,12.9588,12.2848,0.674,5.4366,5.382,5.3293,5.7817
22437,81,17.54,16.4223,1.1177,5.3531,5.3409,5.3137,5.4946
22462,13,3.3157,3.0947,0.221,5.3824,5.3939,5.3246,5.4438
22468,2,0.4424,0.4137,0.0286,5.3814,5.3814,5.3223,5.4404
22471,3,0.7036,0.6548,0.0488,5.4125,5.3838,5.3784,5.4752
22473,3,1.3969,1.3268,0.0702,5.4633,5.5071,5.3301,5.5526
22476,1,0.5554,0.531,0.0244,6.059,6.059,6.059,6.059
22480,41,29.8361,28.8402,0.9959,5.4166,5.3491,5.3134,6.1401
22481,40,27.3857,26.4911,0.8947,5.4002,5.3719,5.3231,5.7424
22513,1,0.7583,0.7269,0.0313,5.8252,5.8252,5.8252,5.8252
22519,11,4.0111,3.7486,0.2624,5.4732,5.4527,5.376,5.6622
22520,3,1.3366,1.261,0.0757,5.4482,5.4432,5.4281,5.4732
22521,3,1.4445,1.3687,0.0758,5.6718,5.8281,5.3358,5.8515
22530,1,0.2725,0.2524,0.0201,5.3626,5.3626,5.3626,5.3626
22540,1,0.9826,0.9505,0.0321,5.7464,5.7464,5.7464,5.7464
22555,1,0.8065,0.767,0.0395,5.9259,5.9259,5.9259,5.9259
22556,1,0.2227,0.2101,0.0126,5.3409,5.3409,5.3409,5.3409
22557,1,1.3106,1.27,0.0406,5.8459,5.8459,5.8459,5.8459
22558,1,0.3457,0.3228,0.0229,5.3483,5.3483,5.3483,5.3483
22559,1,0.2612,0.2411,0.0201,5.3378,5.3378,5.3378,5.3378
22560,1,0.244,0.2323,0.0117,5.3952,5.3952,5.3952,5.3952
22562,1,0.3026,0.2815,0.021,5.3454,5.3454,5.3454,5.3454
22563,1,0.3586,0.3383,0.0203,5.3513,5.3513,5.3513,5.3513
22572,10,7.8389,7.5535,0.2854,5.5574,5.5587,5.4999,5.617
22573,394,502.1737,492.2884,9.8853,5.5218,5.3403,5.3046,6.4698
22584,1,0.6531,0.6399,0.0132,5.3355,5.3355,5.3355,5.3355
22597,2,1.21,1.1775,0.0325,5.3384,5.3384,5.3311,5.3457
22601,1,0.6646,0.6488,0.0157,5.3515,5.3515,5.3515,5.3515
22611,1,2.043,2.0207,0.0223,5.3748,5.3748,5.3748,5.3748
22635,1,3.2856,3.261,0.0246,5.8695,5.8695,5.8695,5.8695
22641,2,1.8533,1.8172,0.0362,5.3467,5.3467,5.336,5.3574
22642,3,5.4565,5.3757,0.0808,5.4519,5.4539,5.431,5.4708
22695,3,6.3737,6.3131,0.0606,5.706,5.7104,5.6493,5.7584
22699,1,1.8442,1.8167,0.0275,5.833,5.833,5.833,5.833
22714,1,1.8574,1.8246,0.0329,5.7111,5.7111,5.7111,5.7111
22726,1,0.6321,0.6138,0.0183,5.3756,5.3756,5.3756,5.3756
22727,1,0.9554,0.9369,0.0186,5.4071,5.4071,5.4071,5.4071
22729,1,0.568,0.5532,0.0148,5.3271,5.3271,5.3271,5.3271
22740,36,95.0611,93.5926,1.4685,5.5068,5.3966,5.314,5.9902
22741,4,10.3401,10.2577,0.0824,5.7844,5.7738,5.7314,5.8586
22742,9,24.8257,24.5724,0.2533,5.5864,5.5599,5.5194,5.6923
22743,20,17.1815,16.7487,0.4327,5.3822,5.3605,5.324,5.7331
22744,1,0.4016,0.386,0.0156,5.379,5.379,5.379,5.379
22745,1,5.3967,5.3438,0.0529,5.4228,5.4228,5.4228,5.4228
22746,1,0.4922,0.4667,0.0255,5.3413,5.3413,5.3413,5.3413
22747,1,0.4372,0.417,0.0202,5.3323,5.3323,5.3323,5.3323
22748,1,1.3202,1.2903,0.0299,5.4462,5.4462,5.4462,5.4462
22754,3,1.5212,1.4579,0.0633,5.3572,5.3456,5.3434,5.3827
22767,3,2.4459,2.3685,0.0773,5.4714,5.4216,5.384,5.6085
22854,1,1.4545,1.4247,0.0298,5.4205,5.4205,5.4205,5.4205
22894,1,0.8005,0.7772,0.0234,5.3359,5.3359,5.3359,5.3359
22900,1,5.0461,4.9699,0.0762,5.434,5.434,5.434,5.434
22909,1,0.506,0.4878,0.0182,5.3382,5.3382,5.3382,5.3382
22910,1,1.539,1.5068,0.0321,5.7648,5.7648,5.7648,5.7648
22913,3,3.3221,3.244,0.0782,5.7168,5.6702,5.6615,5.8188
22933,2,0.8422,0.807,0.0352,5.3542,5.3542,5.334,5.3744
22934,1,1.1454,1.1188,0.0266,5.3758,5.3758,5.3758,5.3758
22941,1,7.8696,7.6445,0.225,5.8895,5.8895,5.8895,5.8895
22942,1,0.8191,0.7958,0.0233,5.4581,5.4581,5.4581,5.4581
22947,1,1.1959,1.1701,0.0258,5.361,5.361,5.361,5.361
22948,1,1.101,1.0739,0.0271,5.8156,5.8156,5.8156,5.8156
22952,2,2.4702,2.4084,0.0618,5.3928,5.3928,5.3761,5.4095
22953,2,1.2223,1.1949,0.0273,5.3272,5.3272,5.3234,5.331
22969,6,22.8328,22.509,0.3238,5.5139,5.4296,5.3775,5.9602
22970,5,25.5464,25.1554,0.391,5.42,5.3639,5.3274,5.5288
22975,1,1.0043,0.9856,0.0187,5.3822,5.3822,5.3822,5.3822
23037,19,43.4869,42.8674,0.6195,5.4412,5.3475,5.3171,6.0472
23038,1,0.848,0.8314,0.0166,5.3238,5.3238,5.3238,5.3238
23050,1,1.4597,1.4338,0.0258,5.5896,5.5896,5.5896,5.5896
23051,1,14.5616,14.3352,0.2264,5.9078,5.9078,5.9078,5.9078
23057,33,60.8888,60.1685,0.7203,5.3792,5.348,5.3186,5.6913
23058,72,59.8317,58.2353,1.5964,5.3861,5.3513,4.0476,6.0437
23070,1,0.2381,0.2192,0.0189,5.3568,5.3568,5.3568,5.3568
23091,14,4.432,4.1479,0.2841,5.5504,5.5039,5.358,5.7879
23092,5,9.4671,9.217,0.2502,5.5039,5.497,5.4362,5.5614
23095,1,0.3896,0.367,0.0226,5.3745,5.3745,5.3745,5.3745
23125,1,1.0286,0.9952,0.0333,5.8358,5.8358,5.8358,5.8358
23128,1,0.2616,0.2436,0.018,5.3353,5.3353,5.3353,5.3353
23130,1,0.396,0.3735,0.0225,5.3375,5.3375,5.3375,5.3375
23131,1,3.2986,3.2333,0.0653,5.4589,5.4589,5.4589,5.4589
23132,1,0.3169,0.2979,0.0191,5.3321,5.3321,5.3321,5.3321
23133,1,0.5515,0.5266,0.0249,5.4361,5.4361,5.4361,5.4361
23171,37,9.925,9.2784,0.6466,5.5806,5.3361,5.311,9.5463
23172,3,2.5625,2.4664,0.0961,5.992,5.9677,5.9532,6.055
23177,4,5.231,5.0359,0.1951,5.5404,5.4296,5.3639,5.9385
23188,1,0.2139,0.2032,0.0107,5.3443,5.3443,5.3443,5.3443
23210,1,0.6354,0.609,0.0264,5.8456,5.8456,5.8456,5.8456
23223,1,0.2194,0.2088,0.0106,5.3383,5.3383,5.3383,5.3383
23253,1,0.3703,0.3425,0.0278,5.3681,5.3681,5.3681,5.3681
23256,1,0.5151,0.491,0.024,5.8289,5.8289,5.8289,5.8289
23257,1,0.266,0.2463,0.0197,5.3152,5.3152,5.3152,5.3152
23259,1,0.2465,0.2259,0.0206,5.3326,5.3326,5.3326,5.3326
23262,1,0.2531,0.2339,0.0192,5.3432,5.3432,5.3432,5.3432
23272,1,0.9639,0.9326,0.0314,5.915,5.915,5.915,5.915
23273,1,0.5355,0.5068,0.0287,5.7374,5.7374,5.7374,5.7374
23274,1,0.5307,0.5013,0.0294,5.4931,5.4931,5.4931,5.4931
23293,1,0.3036,0.2816,0.0219,5.412,5.412,5.412,5.412
23296,33,11.9735,11.2696,0.7038,5.3648,5.337,5.3212,5.8715
23297,6,3.321,3.1665,0.1545,5.3837,5.3674,5.3411,5.4832
23315,1,0.8779,0.8417,0.0363,6.0944,6.0944,6.0944,6.0944
23316,1,0.5016,0.4753,0.0263,5.5662,5.5662,5.5662,5.5662
23334,2,0.462,0.4301,0.032,5.3652,5.3652,5.341,5.3894
23335,3,0.8822,0.8261,0.0561,5.3716,5.3656,5.3539,5.3952
23337,70,74.3516,72.5827,1.7688,5.401,5.3507,5.317,5.7767
23341,1,0.5531,0.5334,0.0197,5.363,5.363,5.363,5.363
23343,4,2.2712,2.1857,0.0855,5.3637,5.3655,5.3432,5.3808
23344,4,4.1217,4.0059,0.1158,5.6057,5.6033,5.5373,5.6788
23381,1,0.3985,0.3751,0.0233,5.3292,5.3292,5.3292,5.3292
23385,1,0.2914,0.2738,0.0176,5.3353,5.3353,5.3353,5.3353
23391,373,260.4054,252.0572,8.3482,5.3863,5.3369,5.308,6.5538
23392,2,0.7669,0.7281,0.0388,5.3643,5.3643,5.3278,5.4008
23395,1,0.6349,0.6112,0.0237,5.4516,5.4516,5.4516,5.4516
23397,1,1.7521,1.7149,0.0371,5.6081,5.6081,5.6081,5.6081
23401,1,0.4466,0.4232,0.0234,5.3241,5.3241,5.3241,5.3241
23402,1,2.7336,2.6875,0.0462,5.7134,5.7134,5.7134,5.7134
23403,1,0.6543,0.631,0.0233,5.4727,5.4727,5.4727,5.4727
23404,2,1.2286,1.1826,0.046,5.3923,5.3923,5.3474,5.4373
23405,2,0.9933,0.9461,0.0472,5.4088,5.4088,5.3779,5.4398
23406,1,0.7308,0.7062,0.0246,5.6649,5.6649,5.6649,5.6649
23407,1,0.3203,0.3019,0.0184,5.3349,5.3349,5.3349,5.3349
23409,6,10.3932,10.0782,0.315,5.4744,5.3806,5.3285,5.7726
23432,4,3.3446,3.2386,0.106,5.652,5.6671,5.5835,5.6903
23455,1,0.4007,0.3814,0.0194,5.3447,5.3447,5.3447,5.3447
23456,2,1.2658,1.2234,0.0424,5.4749,5.4749,5.4191,5.5306
23457,30,18.7942,18.1466,0.6476,5.3844,5.3519,5.3212,5.7942
23469,1,0.3867,0.3701,0.0166,5.3327,5.3327,5.3327,5.3327
23480,3,5.0991,5.0439,0.0552,5.8711,5.7705,5.7383,6.1044
23481,25,77.264,76.019,1.245,5.5856,5.4572,5.3299,6.1024
23495,1,0.4754,0.4558,0.0196,5.3669,5.3669,5.3669,5.3669
23496,1,0.5912,0.5689,0.0222,5.5941,5.5941,5.5941,5.5941
23497,2,20.8305,20.6579,0.1726,5.5895,5.5895,5.5623,5.6166
23499,1,1.2484,1.2294,0.019,5.4617,5.4617,5.4617,5.4617
23501,1,1.538,1.5169,0.0211,5.367,5.367,5.367,5.367
23502,1,0.8785,0.8594,0.0191,5.4318,5.4318,5.4318,5.4318
23503,1,2.1085,2.0849,0.0236,5.8088,5.8088,5.8088,5.8088
23504,1,0.8551,0.8395,0.0156,5.3153,5.3153,5.3153,5.3153
23517,19,46.2699,45.3913,0.8786,5.5039,5.3786,5.3317,6.1534
23553,1,0.5138,0.4969,0.0169,5.3339,5.3339,5.3339,5.3339
23554,1,0.8065,0.7854,0.0211,5.3251,5.3251,5.3251,5.3251
23576,1,0.66,0.6414,0.0186,5.3495,5.3495,5.3495,5.3495
23596,4,3.9227,3.8469,0.0757,5.4221,5.4073,5.3289,5.5448
23597,1,0.9255,0.9046,0.0209,5.4262,5.4262,5.4262,5.4262
23607,1,0.6425,0.6235,0.019,5.317,5.317,5.317,5.317
23622,1,0.5179,0.5011,0.0168,5.3426,5.3426,5.3426,5.3426
23623,2,1.8707,1.8264,0.0443,5.5299,5.5299,5.4069,5.6529
23637,1,0.5287,0.5121,0.0166,5.3777,5.3777,5.3777,5.3777
23647,1,1.9237,1.8923,0.0314,5.9917,5.9917,5.9917,5.9917
23656,2,1.5566,1.5117,0.0449,5.3648,5.3648,5.3442,5.3854
23658,1,2.8211,2.784,0.0371,5.6992,5.6992,5.6992,5.6992
23676,1,3.6475,3.6229,0.0245,6.143,6.143,6.143,6.143
23679,1,1.7525,1.7283,0.0242,5.7918,5.7918,5.7918,5.7918
23680,1,0.69,0.6748,0.0153,5.3432,5.3432,5.3432,5.3432
23681,1,0.7452,0.7275,0.0177,5.3979,5.3979,5.3979,5.3979
23682,1,0.7511,0.7354,0.0156,5.3334,5.3334,5.3334,5.3334
23684,1,0.967,0.9554,0.0116,5.3187,5.3187,5.3187,5.3187
23685,1,1.0123,0.9952,0.0171,5.4376,5.4376,5.4376,5.4376
23730,48,44.5701,43.836,0.7341,5.3889,5.3347,5.3024,6.0385
23739,1,0.7004,0.6801,0.0203,5.4287,5.4287,5.4287,5.4287
23740,1,0.6076,0.5908,0.0168,5.3948,5.3948,5.3948,5.3948
23770,1,1.7933,1.7756,0.0177,5.4251,5.4251,5.4251,5.4251
23782,1,1.9851,1.9621,0.023,5.4602,5.4602,5.4602,5.4602
23786,32,25.8318,25.2699,0.5618,5.3687,5.3356,5.3124,5.7811
23787,1,2.3436,2.3228,0.0208,5.3891,5.3891,5.3891,5.3891
23807,2,2.1767,2.1451,0.0316,5.346,5.346,5.3407,5.3513
23809,3,15.709,15.4205,0.2885,5.5256,5.4086,5.3523,5.816
23811,214,178.1076,173.3742,4.7334,5.3653,5.341,5.3115,5.9134
23819,1,0.3264,0.3034,0.023,5.4552,5.4552,5.4552,5.4552
23837,1,0.5088,0.4838,0.025,5.5103,5.5103,5.5103,5.5103
23838,2,1.1843,1.1293,0.0549,5.6399,5.6399,5.5185,5.7612
23839,10,3.5941,3.4038,0.1903,5.429,5.3742,5.332,5.5926
23849,1,1.1922,1.1562,0.036,6.1194,6.1194,6.1194,6.1194
23852,1,0.2883,0.2687,0.0196,5.3983,5.3983,5.3983,5.3983
23854,1,0.8754,0.8447,0.0306,5.5311,5.5311,5.5311,5.5311
23867,1,5.3681,5.1727,0.1954,5.8772,5.8772,5.8772,5.8772
23868,1,0.4566,0.4309,0.0257,5.3738,5.3738,5.3738,5.3738
23871,1,0.4753,0.452,0.0234,5.3904,5.3904,5.3904,5.3904
23873,1,2.7508,2.7,0.0508,5.4467,5.4467,5.4467,5.4467
23874,1,0.5262,0.504,0.0222,5.3513,5.3513,5.3513,5.3513
23875,1,0.6377,0.6147,0.023,5.3638,5.3638,5.3638,5.3638
23876,1,0.3829,0.3651,0.0178,5.3655,5.3655,5.3655,5.3655
23878,1,0.4977,0.4756,0.0221,5.3182,5.3182,5.3182,5.3182
23879,1,0.398,0.378,0.02,5.3171,5.3171,5.3171,5.3171
23907,9,11.1585,10.812,0.3465,5.5344,5.3542,5.3233,6.1929
23908,25,6.9986,6.5395,0.4591,5.3741,5.3387,5.3087,5.8888
23909,27,11.621,11.0367,0.5843,5.3691,5.3382,5.3122,5.6148
23960,1,0.2641,0.2447,0.0195,5.3239,5.3239,5.3239,5.3239
23962,2,8.9229,8.7856,0.1372,5.7084,5.7084,5.432,5.9848
23975,43,77.9281,75.808,2.1201,5.4315,5.3541,5.3185,5.8479
23991,1,0.5866,0.5635,0.023,5.3919,5.3919,5.3919,5.3919
23992,1,0.3834,0.367,0.0164,5.331,5.331,5.331,5.331
23997,5,5.6243,5.4904,0.1339,5.7505,5.831,5.3426,5.923
23998,35,20.0348,19.2856,0.7492,5.4024,5.3458,5.3228,5.7892
24004,67,59.86,57.9537,1.9063,5.4176,5.3406,5.3031,6.4453
24017,1,2.9708,2.9124,0.0585,5.6947,5.6947,5.6947,5.6947
24018,1,4.4383,4.3227,0.1156,5.6791,5.6791,5.6791,5.6791
24031,1,0.2792,0.2592,0.0201,5.3297,5.3297,5.3297,5.3297
24041,1,0.3229,0.3025,0.0203,5.326,5.326,5.326,5.326
24068,1,0.3072,0.2886,0.0186,5.3311,5.3311,5.3311,5.3311
24091,1,0.3372,0.3169,0.0203,5.3679,5.3679,5.3679,5.3679
24103,351,332.737,324.3475,8.3895,5.3865,5.3585,5.3092,5.9219
24104,1,1.5131,1.4971,0.0159,5.5156,5.5156,5.5156,5.5156
24112,5,5.8538,5.7595,0.0943,5.3846,5.3512,5.3269,5.5332
24113,1,1.9185,1.8872,0.0313,5.9035,5.9035,5.9035,5.9035
24114,1,0.644,0.6271,0.0168,5.4293,5.4293,5.4293,5.4293
24121,1,0.821,0.803,0.018,5.421,5.421,5.421,5.421
24122,1,0.8228,0.8082,0.0146,5.3163,5.3163,5.3163,5.3163
24123,1,0.7384,0.7234,0.015,5.3387,5.3387,5.3387,5.3387
24125,1,0.6224,0.6063,0.0161,5.3363,5.3363,5.3363,5.3363
24133,1,0.7768,0.7614,0.0155,5.3555,5.3555,5.3555,5.3555
24136,2,12.1226,12.0134,0.1091,5.5274,5.5274,5.4983,5.5565
24182,235,137.3988,131.5757,5.8231,5.376,5.343,5.3051,5.9783
24183,40,67.9517,67.0657,0.886,5.4031,5.3419,5.3211,6.1315
24200,1,8.2553,8.2047,0.0506,5.6132,5.6132,5.6132,5.6132
24208,3,3.5172,3.4689,0.0482,5.4769,5.5052,5.349,5.5765
24217,1,0.8512,0.8374,0.0138,5.3466,5.3466,5.3466,5.3466
24226,2,2.0739,2.0483,0.0256,5.3934,5.3934,5.369,5.4179
24227,2,1.6001,1.5741,0.026,5.3389,5.3389,5.3292,5.3487
24228,4,4.2506,4.1977,0.0529,5.4398,5.4336,5.3323,5.5596
24260,3,14.149,14.0481,0.1009,5.8279,5.8233,5.8016,5.8589
24283,1,3.0505,3.0291,0.0214,5.5187,5.5187,5.5187,5.5187
24284,1,0.6225,0.61,0.0125,5.432,5.432,5.432,5.432
24285,1,2.6094,2.5903,0.0191,5.8328,5.8328,5.8328,5.8328
24286,3,11.9382,11.8037,0.1345,5.4266,5.331,5.3155,5.6333
24287,1,0.7488,0.7335,0.0153,5.3139,5.3139,5.3139,5.3139
24288,1,1.5886,1.5671,0.0215,5.338,5.338,5.338,5.338
24289,1,2.1341,2.1042,0.0299,5.4571,5.4571,5.4571,5.4571
24292,1,14.455,14.0767,0.3783,5.583,5.583,5.583,5.583
24293,1,0.523,0.5074,0.0156,5.338,5.338,5.338,5.338
24294,1,15.7727,15.4634,0.3093,5.8278,5.8278,5.8278,5.8278
24312,15,15.4199,15.2591,0.1608,5.3817,5.339,5.3144,5.6356
24328,3,4.357,4.3153,0.0417,5.3744,5.351,5.3458,5.4266
24373,91,32.2242,30.477,1.7472,5.3734,5.3384,5.3113,5.8176
24374,131,38.7609,36.4363,2.3246,5.3561,5.3374,5.3108,5.6023
24382,35,16.2263,15.4803,0.746,5.4087,5.3662,5.3224,5.8792
24394,21,18.3873,17.8613,0.526,5.4446,5.4541,5.355,5.5956
24423,361,202.911,195.349,7.562,5.3872,5.3349,5.3047,6.4117
24428,1,0.5754,0.5502,0.0253,5.3913,5.3913,5.3913,5.3913
24438,1,0.331,0.3106,0.0204,5.3454,5.3454,5.3454,5.3454
24449,1,0.6663,0.6414,0.0249,5.6027,5.6027,5.6027,5.6027
24455,1,1.0787,1.049,0.0297,5.3512,5.3512,5.3512,5.3512
24456,1,0.3543,0.334,0.0203,5.388,5.388,5.388,5.388
24465,1,0.9644,0.9372,0.0272,5.7133,5.7133,5.7133,5.7133
24467,1,0.607,0.5814,0.0256,5.3504,5.3504,5.3504,5.3504
24473,2,0.7083,0.6604,0.0479,5.338,5.338,5.3321,5.344
24474,111,80.0247,77.2419,2.7827,5.3829,5.347,5.3102,5.7585
24475,1,0.3,0.2805,0.0195,5.4795,5.4795,5.4795,5.4795
24476,1,0.3149,0.2947,0.0202,5.3281,5.3281,5.3281,5.3281
24479,1,0.4318,0.406,0.0257,5.4314,5.4314,5.4314,5.4314
24480,1,0.8236,0.7947,0.0289,5.3463,5.3463,5.3463,5.3463
24481,1,0.5692,0.5442,0.0251,5.321,5.321,5.321,5.321
24482,4,5.3976,5.2054,0.1921,5.5639,5.4244,5.3347,6.0719
24519,1,0.2616,0.2444,0.0173,5.338,5.338,5.338,5.338
24530,1,0.2708,0.2539,0.0169,5.3321,5.3321,5.3321,5.3321
24547,332,176.3352,169.0177,7.3175,5.366,5.3462,4.6667,6.0738
24548,3,3.8303,3.7256,0.1047,6.0481,6.039,5.9895,6.1158
24550,3,3.5087,3.4084,0.1003,5.4803,5.5435,5.3293,5.568
24562,11,15.8864,15.3033,0.5831,5.4564,5.3719,5.3364,6.0308
24564,1,0.4573,0.4313,0.026,5.5536,5.5536,5.5536,5.5536
24573,1,0.4735,0.4502,0.0233,5.7761,5.7761,5.7761,5.7761
24592,1,3.2735,3.1227,0.1508,5.8688,5.8688,5.8688,5.8688
24593,1,0.3797,0.3581,0.0216,5.4052,5.4052,5.4052,5.4052
24598,1,0.4289,0.4041,0.0248,5.8969,5.8969,5.8969,5.8969
24599,1,1.3321,1.2757,0.0564,5.6826,5.6826,5.6826,5.6826
24600,1,9.5363,9.3928,0.1436,5.7999,5.7999,5.7999,5.7999
24601,1,0.498,0.4833,0.0147,5.3346,5.3346,5.3346,5.3346
24602,1,0.5005,0.4833,0.0173,5.3352,5.3352,5.3352,5.3352
24603,1,1.2724,1.2483,0.0242,5.3153,5.3153,5.3153,5.3153
24656,2,2.1686,2.1222,0.0464,5.3397,5.3397,5.329,5.3505
24657,2,4.0362,3.9736,0.0626,5.9306,5.9306,5.3958,6.4653
24685,1,1.0782,1.0558,0.0224,5.8003,5.8003,5.8003,5.8003
24751,2,1.0141,0.9755,0.0387,5.3688,5.3688,5.3361,5.4015
24760,20,16.7252,16.2646,0.4606,5.4256,5.3971,5.3249,5.7995
24773,1,0.537,0.5168,0.0203,5.3436,5.3436,5.3436,5.3436
24795,32,36.7394,35.608,1.1314,5.4722,5.3749,5.3265,6.006
24796,2,1.0109,0.9642,0.0467,5.4048,5.4048,5.4043,5.4054
24799,1,0.2571,0.2409,0.0163,5.431,5.431,5.431,5.431
24820,6,2.5796,2.4401,0.1395,5.5039,5.3711,5.3234,5.8159
24829,2,4.6623,4.6106,0.0517,5.5644,5.5644,5.3433,5.7855
24838,1,1.3429,1.3233,0.0196,5.3476,5.3476,5.3476,5.3476
24839,1,1.7247,1.7047,0.0201,5.7304,5.7304,5.7304,5.7304
24840,1,1.3762,1.3579,0.0183,5.3976,5.3976,5.3976,5.3976
24841,1,0.5773,0.5621,0.0152,5.3809,5.3809,5.3809,5.3809
24842,8,6.3026,6.1687,0.1339,5.3355,5.3343,5.3163,5.3655
24843,1,1.43,1.4058,0.0242,5.7103,5.7103,5.7103,5.7103
24846,1,0.9242,0.9051,0.0191,5.4686,5.4686,5.4686,5.4686
24854,430,210.0496,200.92,9.1296,5.3618,5.3433,5.2965,6.8962
24859,163,137.7609,134.2671,3.4938,5.3959,5.338,5.3093,6.195
24893,63,42.2865,40.4689,1.8176,5.513,5.382,5.3194,6.4392
24940,1,1.0946,1.0564,0.0382,6.1946,6.1946,6.1946,6.1946
24947,29,13.1663,12.5313,0.6349,5.3939,5.348,5.3099,5.9839
24967,1,0.5717,0.546,0.0258,5.4963,5.4963,5.4963,5.4963
24981,1,0.4223,0.396,0.0263,5.3381,5.3381,5.3381,5.3381
24985,1,0.3072,0.2846,0.0226,5.3676,5.3676,5.3676,5.3676
24986,1,0.5332,0.5023,0.0309,5.4315,5.4315,5.4315,5.4315
24990,1,0.2633,0.2449,0.0184,5.3109,5.3109,5.3109,5.3109
24992,1,0.4891,0.463,0.0261,5.4604,5.4604,5.4604,5.4604
24993,1,0.3054,0.2829,0.0225,5.8261,5.8261,5.8261,5.8261
24997,3,1.1883,1.1263,0.062,5.3891,5.3796,5.3343,5.4534
25017,1,0.364,0.3422,0.0219,5.3354,5.3354,5.3354,5.3354
25077,1,0.699,0.676,0.023,5.418,5.418,5.418,5.418
25103,5,2.3247,2.224,0.1006,5.3489,5.3402,5.3176,5.4214
25125,1,0.8789,0.8535,0.0254,5.3676,5.3676,5.3676,5.3676
25132,2,4.403,4.3264,0.0767,6.2175,6.2175,6.2029,6.2322
25133,1,1.1521,1.1223,0.0298,5.5388,5.5388,5.5388,5.5388
25142,36,55.4265,54.83,0.5965,5.4582,5.3667,5.3156,5.8048
25152,2,2.2909,2.2557,0.0352,5.3313,5.3313,5.3244,5.3381
25153,1,0.5887,0.5708,0.0179,5.3417,5.3417,5.3417,5.3417
25158,1,0.7917,0.7726,0.0191,5.523,5.523,5.523,5.523
25159,1,0.5683,0.5504,0.0179,5.3631,5.3631,5.3631,5.3631
25160,1,0.6055,0.5888,0.0166,5.3164,5.3164,5.3164,5.3164
25163,1,3.7385,3.7026,0.0358,5.8173,5.8173,5.8173,5.8173
25164,1,0.4438,0.4285,0.0152,5.3288,5.3288,5.3288,5.3288
25165,1,0.5554,0.5375,0.018,5.3261,5.3261,5.3261,5.3261
25166,1,0.425,0.4094,0.0156,5.3575,5.3575,5.3575,5.3575
25167,1,0.4386,0.4225,0.0161,5.3391,5.3391,5.3391,5.3391
25168,1,1.3857,1.3671,0.0187,5.6884,5.6884,5.6884,5.6884
25169,1,3.2818,3.2418,0.04,6.248,6.248,6.248,6.248
25172,1,0.7762,0.7618,0.0144,5.4452,5.4452,5.4452,5.4452
25175,1,2.1952,2.1736,0.0216,6.2538,6.2538,6.2538,6.2538
25186,410,157.2699,149.0132,8.2567,5.376,5.3427,5.3117,6.4455
25187,385,164.9266,157.2753,7.6513,5.3536,5.3349,5.3048,6.0658
25250,1,0.3111,0.2837,0.0274,5.3846,5.3846,5.3846,5.3846
25283,1,0.2698,0.255,0.0147,5.3384,5.3384,5.3384,5.3384
25284,2,1.3002,1.2455,0.0547,5.5293,5.5293,5.3603,5.6984
25293,62,36.6434,34.7509,1.8926,5.402,5.3399,5.3139,6.097
25294,10,9.4676,9.1505,0.3171,5.3755,5.3768,5.3401,5.4128
25306,3,0.9048,0.8492,0.0556,5.3467,5.3422,5.3318,5.366
25357,1,0.2618,0.2444,0.0174,5.3373,5.3373,5.3373,5.3373
25369,1,0.3578,0.3391,0.0187,5.3879,5.3879,5.3879,5.3879
25376,1,0.3649,0.3434,0.0215,5.3792,5.3792,5.3792,5.3792
25378,1,0.2538,0.2383,0.0155,5.3338,5.3338,5.3338,5.3338
25381,1,0.2247,0.2148,0.0098,5.3418,5.3418,5.3418,5.3418
25382,1,0.3034,0.2836,0.0197,5.3349,5.3349,5.3349,5.3349
25383,1,0.4379,0.4134,0.0246,5.4325,5.4325,5.4325,5.4325
25384,1,0.4677,0.4437,0.024,5.4727,5.4727,5.4727,5.4727
25387,1,0.2373,0.2282,0.0091,5.331,5.331,5.331,5.331
25393,1,0.4481,0.4264,0.0217,5.4937,5.4937,5.4937,5.4937
25399,27,46.1431,45.3555,0.7875,5.4498,5.4055,5.3284,5.9513
25404,1,0.6079,0.5894,0.0185,5.3321,5.3321,5.3321,5.3321
25405,1,0.6035,0.5887,0.0147,5.3213,5.3213,5.3213,5.3213
25407,1,0.7171,0.6967,0.0204,5.3168,5.3168,5.3168,5.3168
25409,1,1.6783,1.6624,0.0159,5.3489,5.3489,5.3489,5.3489
25410,1,0.7641,0.7439,0.0202,5.3645,5.3645,5.3645,5.3645
25411,1,1.0518,1.0298,0.022,5.4012,5.4012,5.4012,5.4012
25412,1,0.9366,0.9165,0.02,5.399,5.399,5.399,5.399
25414,1,0.7453,0.7255,0.0198,5.34,5.34,5.34,5.34
25432,17,58.5267,57.5263,1.0004,5.4791,5.3471,5.3175,5.742
25444,7,6.1518,6.0096,0.1423,5.3692,5.3431,5.3252,5.4645
25527,2,1.0864,1.0523,0.0341,5.3608,5.3608,5.3475,5.3741
25528,1,0.4634,0.4459,0.0175,5.349,5.349,5.349,5.349
25538,2,1.6824,1.6358,0.0466,5.6372,5.6372,5.4964,5.778
25539,10,15.9239,15.6523,0.2716,5.4611,5.3578,5.326,6.1787
25549,1,0.6012,0.5848,0.0165,5.5497,5.5497,5.5497,5.5497
25578,1,0.9239,0.9045,0.0194,5.3631,5.3631,5.3631,5.3631
25604,7,6.2383,6.0971,0.1412,5.3752,5.3529,5.3156,5.5684
25626,19,23.469,22.9928,0.4762,5.3959,5.3522,5.3238,6.0184
25627,42,42.0366,40.9848,1.0518,5.379,5.3519,5.3108,6.0046
25629,1,0.2286,0.2142,0.0144,5.4347,5.4347,5.4347,5.4347
25661,2,0.4957,0.4635,0.0323,5.3268,5.3268,5.3254,5.3281
25664,1,0.3942,0.3697,0.0244,5.3244,5.3244,5.3244,5.3244
25687,1,1.329,1.2889,0.0401,6.2219,6.2219,6.2219,6.2219
25691,1,0.3283,0.308,0.0203,5.4011,5.4011,5.4011,5.4011
25695,1,0.2148,0.2056,0.0092,5.3279,5.3279,5.3279,5.3279
25700,1,0.3051,0.2845,0.0206,5.3245,5.3245,5.3245,5.3245
25701,1,0.2156,0.2056,0.01,5.3328,5.3328,5.3328,5.3328
25702,1,0.2289,0.2178,0.011,5.3303,5.3303,5.3303,5.3303
25703,1,0.4053,0.3807,0.0246,5.4366,5.4366,5.4366,5.4366
25704,1,0.2134,0.1977,0.0157,5.329,5.329,5.329,5.329
25705,1,0.3152,0.2938,0.0214,5.3374,5.3374,5.3374,5.3374
25796,1,0.2872,0.2668,0.0204,5.3508,5.3508,5.3508,5.3508
25826,21,7.9398,7.5254,0.4143,5.4825,5.367,5.3199,6.232
25833,117,56.3089,53.7065,2.6024,5.3886,5.339,5.3056,6.0926
25834,40,13.285,12.5477,0.7373,5.3622,5.3353,5.3115,5.7829
25841,1,0.3173,0.2958,0.0216,5.3353,5.3353,5.3353,5.3353
25886,1,0.749,0.7214,0.0275,5.6848,5.6848,5.6848,5.6848
25917,1,0.9621,0.9274,0.0347,5.4207,5.4207,5.4207,5.4207
25947,1,1.5562,1.5174,0.0388,6.1075,6.1075,6.1075,6.1075
25969,1,1.3296,1.2879,0.0417,5.8267,5.8267,5.8267,5.8267
25974,48,48.5762,47.1409,1.4353,5.3864,5.3366,5.3118,5.9884
25975,2,1.1573,1.123,0.0343,5.3402,5.3402,5.3301,5.3503
25978,1,0.5015,0.4823,0.0192,5.3351,5.3351,5.3351,5.3351
25992,1,0.505,0.4876,0.0174,5.4197,5.4197,5.4197,5.4197
26002,176,198.9846,193.6425,5.3421,5.437,5.3448,5.3129,6.0019
26003,17,49.5007,48.4925,1.0081,5.4817,5.38,5.3237,5.9904
26008,1,1.1287,1.1016,0.0271,5.8761,5.8761,5.8761,5.8761
26010,1,1.0416,1.0177,0.0239,5.3215,5.3215,5.3215,5.3215
26012,1,0.9679,0.9432,0.0247,5.3508,5.3508,5.3508,5.3508
26014,1,0.8492,0.8265,0.0227,5.3905,5.3905,5.3905,5.3905
26015,1,0.418,0.4037,0.0143,5.4981,5.4981,5.4981,5.4981
26016,1,0.5123,0.4909,0.0214,5.3221,5.3221,5.3221,5.3221
26017,1,0.5552,0.5341,0.0211,5.3204,5.3204,5.3204,5.3204
26018,1,0.6988,0.6731,0.0256,5.4806,5.4806,5.4806,5.4806
26019,26,30.9959,30.1894,0.8064,5.4325,5.3871,5.3274,5.911
26020,1,0.2799,0.2537,0.0262,5.3189,5.3189,5.3189,5.3189
26032,1,0.2045,0.1943,0.0102,5.3287,5.3287,5.3287,5.3287
26066,328,191.391,184.1036,7.2874,5.3561,5.3456,4.4531,6.0331
26093,3,0.8381,0.7902,0.0479,5.3349,5.3343,5.32,5.3502
26116,2,1.2147,1.1666,0.0481,5.9649,5.9649,5.9205,6.0093
26139,9,3.113,2.9592,0.1537,5.3476,5.3395,5.3265,5.3806
26140,36,17.1612,16.5171,0.6441,5.3658,5.3425,5.3252,5.6138
26141,119,149.6206,147.727,1.8935,5.3792,5.3435,5.3099,5.9671
26142,75,29.3956,27.8473,1.5483,5.3954,5.3422,5.3082,5.9204
26153,3,1.3724,1.2976,0.0748,5.3719,5.3689,5.3644,5.3825
26154,2,1.1346,1.0811,0.0535,5.5611,5.5611,5.4123,5.7099
26155,1,0.2757,0.2569,0.0188,5.3083,5.3083,5.3083,5.3083
26181,2,0.8449,0.7988,0.0461,5.3942,5.3942,5.3714,5.4169
26192,72,46.7978,45.0147,1.7831,5.4276,5.347,5.3057,6.1362
26194,1,0.3625,0.3385,0.0239,5.3281,5.3281,5.3281,5.3281
26208,1,0.5692,0.5414,0.0278,5.4048,5.4048,5.4048,5.4048
26243,1,0.3926,0.3686,0.024,5.3993,5.3993,5.3993,5.3993
26250,1,0.9603,0.9241,0.0362,5.8826,5.8826,5.8826,5.8826
26251,1,0.2508,0.2327,0.0181,5.3521,5.3521,5.3521,5.3521
26254,1,0.2139,0.202,0.0119,5.4266,5.4266,5.4266,5.4266
26255,2,0.4972,0.4628,0.0344,5.3385,5.3385,5.3244,5.3526
26256,2,0.6411,0.5997,0.0414,5.3471,5.3471,5.3448,5.3494
26257,1,0.5515,0.525,0.0265,5.3352,5.3352,5.3352,5.3352
26258,3,1.4553,1.3819,0.0733,5.4859,5.3867,5.3368,5.7342
26262,1,0.4098,0.3865,0.0233,5.4965,5.4965,5.4965,5.4965
26316,5,1.6321,1.5413,0.0908,5.3325,5.323,5.313,5.3874
26324,1,0.2373,0.2232,0.0141,5.3345,5.3345,5.3345,5.3345
26338,1,0.3446,0.3218,0.0228,5.3871,5.3871,5.3871,5.3871
26339,1,0.2166,0.2044,0.0122,5.4297,5.4297,5.4297,5.4297
26395,3,12.4578,12.2541,0.2037,5.4308,5.3237,5.3153,5.6532
26403,1,4.0206,3.985,0.0357,6.1494,6.1494,6.1494,6.1494
26421,1,0.8237,0.803,0.0206,5.3273,5.3273,5.3273,5.3273
26428,8,7.9728,7.8129,0.1598,5.3797,5.3433,5.3147,5.6415
26429,1,0.821,0.8009,0.0201,5.3228,5.3228,5.3228,5.3228
26430,1,1.7362,1.7099,0.0264,6.0039,6.0039,6.0039,6.0039
26431,1,1.7443,1.7219,0.0224,5.3928,5.3928,5.3928,5.3928
26432,1,1.2568,1.2393,0.0175,5.4234,5.4234,5.4234,5.4234
26441,3,4.8445,4.7799,0.0646,5.463,5.4935,5.3286,5.567
26449,304,199.6656,191.7559,7.9097,5.3658,5.3402,5.3055,6.0559
26507,1,0.7993,0.7892,0.0101,5.4567,5.4567,5.4567,5.4567
26508,20,26.0041,25.6971,0.307,5.3992,5.3454,5.3142,6.2127
26541,1,0.8451,0.8303,0.0149,5.3245,5.3245,5.3245,5.3245
26544,53,54.1479,53.1108,1.037,5.3619,5.3384,5.3131,5.7227
26557,2,2.1787,2.1299,0.0488,5.6058,5.6058,5.3447,5.8669
26558,2,1.4021,1.3598,0.0423,5.3576,5.3576,5.3514,5.3638
26560,1,0.6766,0.6565,0.0201,5.3847,5.3847,5.3847,5.3847
26566,205,231.3245,226.3661,4.9584,5.4089,5.3472,5.3121,5.9401
26567,3,2.701,2.6121,0.0889,5.5035,5.3309,5.3296,5.85
26582,1,0.3893,0.3676,0.0217,5.3871,5.3871,5.3871,5.3871
26592,1,0.2396,0.2224,0.0172,5.3307,5.3307,5.3307,5.3307
26595,1,0.2225,0.2085,0.014,5.3424,5.3424,5.3424,5.3424
26596,1,0.5152,0.4887,0.0265,5.3941,5.3941,5.3941,5.3941
26597,1,0.404,0.3808,0.0232,5.3365,5.3365,5.3365,5.3365
26598,1,0.8166,0.7883,0.0283,5.3994,5.3994,5.3994,5.3994
26600,1,0.4206,0.3969,0.0237,5.4561,5.4561,5.4561,5.4561
26601,1,0.3317,0.3079,0.0238,5.4122,5.4122,5.4122,5.4122
26619,1,0.3606,0.3378,0.0228,5.443,5.443,5.443,5.443
26620,1,0.6693,0.6414,0.0279,5.491,5.491,5.491,5.491
26648,1,0.7017,0.6746,0.0271,5.415,5.415,5.415,5.415
26650,20,7.1147,6.7271,0.3876,5.3943,5.3576,5.3243,5.5262
26651,7,2.5811,2.4314,0.1497,5.3395,5.3381,5.3311,5.355
26670,1,1.1032,1.0742,0.029,5.5917,5.5917,5.5917,5.5917
26671,3,1.8308,1.765,0.0659,5.3659,5.3587,5.3329,5.4061
26707,1,1.0787,1.0478,0.0309,5.4719,5.4719,5.4719,5.4719
26708,289,152.6508,147.1194,5.5313,5.3586,5.3422,5.3052,5.8247
26711,13,4.5217,4.2771,0.2446,5.4164,5.3362,5.3263,5.801
26717,1,0.5001,0.4748,0.0254,5.7443,5.7443,5.7443,5.7443
26719,402,248.6109,239.8105,8.8004,5.365,5.3438,5.3055,5.8608
26720,4,5.1342,5.0398,0.0944,5.5049,5.3977,5.327,5.897
26733,5,3.6021,3.5088,0.0932,5.3491,5.3318,5.3197,5.4042
26736,1,2.6679,2.6459,0.022,5.7358,5.7358,5.7358,5.7358
26740,1,0.4155,0.4019,0.0137,5.3527,5.3527,5.3527,5.3527
26746,1,2.7743,2.7482,0.026,5.8305,5.8305,5.8305,5.8305
26750,1,0.9291,0.906,0.023,5.4555,5.4555,5.4555,5.4555
26816,1,1.7542,1.7326,0.0216,5.5322,5.5322,5.5322,5.5322
26817,2,1.911,1.8711,0.0399,5.5736,5.5736,5.3745,5.7726
26862,1,1.4466,1.4202,0.0263,5.4598,5.4598,5.4598,5.4598
26863,1,4.8134,4.7564,0.0571,5.5991,5.5991,5.5991,5.5991
26877,1,2.4903,2.4567,0.0335,5.8817,5.8817,5.8817,5.8817
26880,1,0.4993,0.4806,0.0187,5.4338,5.4338,5.4338,5.4338
26895,1,1.7084,1.6816,0.0268,5.331,5.331,5.331,5.331
26903,1,2.1,2.0736,0.0264,6.1592,6.1592,6.1592,6.1592
26904,1,0.7643,0.744,0.0204,5.3996,5.3996,5.3996,5.3996
26905,1,2.6168,2.5789,0.0379,5.626,5.626,5.626,5.626
26906,1,1.597,1.5713,0.0256,5.4449,5.4449,5.4449,5.4449
26908,1,1.1315,1.1099,0.0216,5.3623,5.3623,5.3623,5.3623
26911,1,0.5609,0.5425,0.0184,5.3862,5.3862,5.3862,5.3862
26913,1,0.6449,0.6262,0.0187,5.3455,5.3455,5.3455,5.3455
26914,7,15.93,15.6951,0.2349,5.6334,5.6878,5.3266,5.7554
26927,28,31.497,30.808,0.689,5.3655,5.3494,5.3207,5.4877
26929,10,7.2067,6.9836,0.2231,5.4184,5.3947,5.3211,5.6675
26930,1,0.5725,0.5503,0.0222,5.3699,5.3699,5.3699,5.3699
26984,16,13.9109,13.483,0.4279,5.4269,5.346,5.3186,6.2025
26989,1,11.6345,11.4832,0.1512,5.8145,5.8145,5.8145,5.8145
27002,2,14.1264,13.9643,0.1621,5.6895,5.6895,5.6035,5.7754
27025,2,2.3324,2.279,0.0534,5.3964,5.3964,5.3308,5.462
27026,1,0.529,0.5126,0.0163,5.3308,5.3308,5.3308,5.3308
27030,2,2.0792,2.0396,0.0396,5.4208,5.4208,5.418,5.4237
27031,2,3.2514,3.2122,0.0392,5.4671,5.4671,5.3276,5.6066
27066,1,8.431,8.3416,0.0893,6.1569,6.1569,6.1569,6.1569
27075,1,1.5497,1.521,0.0287,5.5427,5.5427,5.5427,5.5427
27080,1,1.7204,1.7012,0.0192,5.5268,5.5268,5.5268,5.5268
27082,1,2.0399,2.0096,0.0303,5.5171,5.5171,5.5171,5.5171
27083,1,1.0629,1.0402,0.0227,5.3881,5.3881,5.3881,5.3881
27084,1,0.7543,0.7339,0.0204,5.3598,5.3598,5.3598,5.3598
27085,1,2.6541,2.6196,0.0345,5.7457,5.7457,5.7457,5.7457
27086,1,0.647,0.6275,0.0195,5.3469,5.3469,5.3469,5.3469
27089,1,0.6717,0.652,0.0196,5.3175,5.3175,5.3175,5.3175
27110,1,0.6787,0.6597,0.019,5.3122,5.3122,5.3122,5.3122
27120,1,0.7913,0.77,0.0213,5.3524,5.3524,5.3524,5.3524
27165,2,1.8351,1.8029,0.0321,5.3392,5.3392,5.3213,5.3571
27171,3,4.0147,3.9627,0.052,5.3477,5.3584,5.3264,5.3584
27191,1,0.6334,0.6204,0.0131,5.3538,5.3538,5.3538,5.3538
27194,2,2.6029,2.5608,0.0421,5.5966,5.5966,5.3463,5.8469
27195,2,6.1242,6.0611,0.0632,5.5859,5.5859,5.5857,5.586
27207,1,1.6037,1.582,0.0217,5.4038,5.4038,5.4038,5.4038
27208,6,4.4225,4.3329,0.0896,5.3487,5.3365,5.3292,5.3978
27237,1,0.6726,0.6566,0.016,5.3574,5.3574,5.3574,5.3574
27244,1,10.0011,9.8881,0.113,5.6722,5.6722,5.6722,5.6722
27245,1,0.5713,0.5543,0.0169,5.3359,5.3359,5.3359,5.3359
27259,1,0.5421,0.5294,0.0127,5.3381,5.3381,5.3381,5.3381
27260,1,2.0315,2.0138,0.0177,5.4804,5.4804,5.4804,5.4804
27261,2,2.6547,2.6126,0.0421,5.3369,5.3369,5.3213,5.3525
27330,1,0.7888,0.7709,0.0179,5.319,5.319,5.319,5.319
27359,2,1.5083,1.4725,0.0358,5.3262,5.3262,5.3209,5.3314
27360,2,1.9326,1.8933,0.0393,5.3281,5.3281,5.3261,5.3302
27374,1,0.5475,0.5322,0.0153,5.4637,5.4637,5.4637,5.4637
27385,1,0.8705,0.8501,0.0204,5.364,5.364,5.364,5.364
27386,1,0.6924,0.6744,0.018,5.3636,5.3636,5.3636,5.3636
27389,1,1.4186,1.395,0.0236,5.8072,5.8072,5.8072,5.8072
27390,1,0.7718,0.7549,0.0168,5.3172,5.3172,5.3172,5.3172
27391,2,6.9136,6.8321,0.0815,5.4891,5.4891,5.332,5.6461
27397,1,0.6149,0.5943,0.0205,5.3581,5.3581,5.3581,5.3581
27403,1,0.6071,0.5889,0.0182,5.3413,5.3413,5.3413,5.3413
27404,1,0.5233,0.5045,0.0188,5.3648,5.3648,5.3648,5.3648
27405,1,0.858,0.8376,0.0205,5.3786,5.3786,5.3786,5.3786
27410,225,216.5495,211.618,4.9315,5.3654,5.3409,5.308,5.981
27417,1,0.5154,0.4908,0.0246,5.3736,5.3736,5.3736,5.3736
27461,2,3.2055,3.1612,0.0443,5.4617,5.4617,5.3368,5.5865
27465,77,37.8567,36.2504,1.6063,5.3499,5.3375,5.3161,5.7257
27466,1,0.1999,0.1892,0.0108,5.3294,5.3294,5.3294,5.3294
27505,1,0.2001,0.1867,0.0135,5.3434,5.3434,5.3434,5.3434
27524,1,0.605,0.5763,0.0287,5.7995,5.7995,5.7995,5.7995
27533,1,0.2905,0.2657,0.0248,5.3771,5.3771,5.3771,5.3771
27545,35,16.159,15.334,0.8251,5.491,5.4666,5.3178,5.7475
27555,3,1.7132,1.6391,0.0742,5.7088,5.7008,5.6842,5.7413
27556,4,1.2033,1.1336,0.0697,5.3499,5.3475,5.3325,5.3722
27569,1,0.5652,0.5408,0.0244,5.3509,5.3509,5.3509,5.3509
27573,2,0.8248,0.7826,0.0422,5.3513,5.3513,5.3432,5.3594
27574,1,0.5579,0.5349,0.0231,5.3614,5.3614,5.3614,5.3614
27589,1,1.2786,1.252,0.0265,5.5089,5.5089,5.5089,5.5089
27590,2,0.8355,0.799,0.0365,5.3774,5.3774,5.3339,5.4208
27591,1,0.477,0.4555,0.0215,5.3607,5.3607,5.3607,5.3607
27592,1,0.2742,0.2576,0.0166,5.3345,5.3345,5.3345,5.3345
27597,1,0.4262,0.4023,0.0239,5.322,5.322,5.322,5.322
27598,1,0.7157,0.6843,0.0314,5.4141,5.4141,5.4141,5.4141
27599,1,0.2406,0.2283,0.0123,5.3999,5.3999,5.3999,5.3999
27600,1,0.2211,0.2119,0.0092,5.3312,5.3312,5.3312,5.3312
27601,1,0.2274,0.215,0.0124,5.3296,5.3296,5.3296,5.3296
27602,1,0.3345,0.3142,0.0203,5.565,5.565,5.565,5.565
27637,1,0.3445,0.3241,0.0204,5.3296,5.3296,5.3296,5.3296
27640,1,1.333,1.3024,0.0306,5.4051,5.4051,5.4051,5.4051
27660,6,5.9827,5.8205,0.1622,5.4402,5.4579,5.3315,5.539
27669,179,100.0792,96.1177,3.9614,5.3731,5.3334,5.3053,5.8298
27675,2,0.8941,0.8605,0.0335,5.3576,5.3576,5.3539,5.3613
27676,2,1.0249,0.9901,0.0348,5.3371,5.3371,5.3322,5.342
27697,1,0.4444,0.4261,0.0183,5.3431,5.3431,5.3431,5.3431
27723,2,1.8338,1.7929,0.0409,5.397,5.397,5.343,5.4511
27728,1,1.4272,1.3976,0.0295,5.6265,5.6265,5.6265,5.6265
27733,17,55.6961,54.9206,0.7756,5.4952,5.4718,5.3187,5.7798
27734,13,15.0805,14.8272,0.2532,5.3937,5.3441,5.3167,5.6676
27742,1,3.3296,3.2916,0.038,5.9256,5.9256,5.9256,5.9256
27752,1,0.6141,0.5974,0.0166,5.3323,5.3323,5.3323,5.3323
27758,1,2.052,2.0193,0.0327,5.5566,5.5566,5.5566,5.5566
27759,1,0.5354,0.5185,0.0169,5.3347,5.3347,5.3347,5.3347
27760,18,17.6108,17.19,0.4208,5.3672,5.3462,5.3195,5.594
27790,2,1.3377,1.295,0.0427,5.3615,5.3615,5.3347,5.3883
27827,3,2.6339,2.5619,0.0719,5.4169,5.4481,5.3429,5.4598
27859,1,0.4072,0.391,0.0162,5.3223,5.3223,5.3223,5.3223
27869,1,0.4402,0.4189,0.0213,5.3171,5.3171,5.3171,5.3171
27905,1,0.4028,0.3865,0.0163,5.3808,5.3808,5.3808,5.3808
27906,3,2.6218,2.5288,0.0929,5.3305,5.3337,5.3217,5.3361
27927,3,1.2137,1.1501,0.0636,5.3512,5.3314,5.3304,5.3918
27932,1,5.9694,5.805,0.1644,5.7244,5.7244,5.7244,5.7244
27934,1,6.7202,6.3683,0.3519,5.6848,5.6848,5.6848,5.6848
27948,2,1.2005,1.1493,0.0512,5.4997,5.4997,5.3509,5.6485
27949,1,0.2299,0.2189,0.011,5.3719,5.3719,5.3719,5.3719
27950,2,1.0277,0.9818,0.0458,5.3411,5.3411,5.3387,5.3435
27951,1,0.3388,0.3185,0.0203,5.3469,5.3469,5.3469,5.3469
27953,1,0.4063,0.3839,0.0223,5.3141,5.3141,5.3141,5.3141
27954,1,0.3019,0.2841,0.0179,5.3298,5.3298,5.3298,5.3298
27964,1,0.2532,0.2394,0.0138,5.3306,5.3306,5.3306,5.3306
27965,1,1.5391,1.5075,0.0316,5.9796,5.9796,5.9796,5.9796
28016,1,0.5579,0.534,0.0239,5.3571,5.3571,5.3571,5.3571
28029,1,0.3353,0.3167,0.0186,5.3571,5.3571,5.3571,5.3571
28044,113,133.2771,130.3601,2.917,5.4045,5.3392,5.3057,6.0915
28069,8,15.0925,14.8805,0.2121,5.4803,5.5335,5.3401,5.6019
28076,5,3.1188,3.0294,0.0894,5.3747,5.3796,5.3418,5.4118
28078,1,0.5743,0.5544,0.0199,5.4167,5.4167,5.4167,5.4167
28086,11,20.162,19.8476,0.3144,5.3835,5.3319,5.3205,5.6183
28103,1,1.0124,0.985,0.0275,5.3197,5.3197,5.3197,5.3197
28109,5,6.6233,6.5009,0.1223,5.387,5.3798,5.3377,5.4828
28118,1,0.5933,0.5738,0.0195,5.3406,5.3406,5.3406,5.3406
28124,1,0.5552,0.5391,0.0161,5.3298,5.3298,5.3298,5.3298
28138,53,54.9491,53.7029,1.2463,5.3763,5.3474,5.3107,5.5548
28139,1,1.5835,1.5566,0.0269,5.5527,5.5527,5.5527,5.5527
28144,1,1.1612,1.1403,0.0209,5.8132,5.8132,5.8132,5.8132
28145,1,0.7613,0.7404,0.0209,5.3295,5.3295,5.3295,5.3295
28148,1,12.6627,12.3469,0.3158,5.6941,5.6941,5.6941,5.6941
28149,1,1.0636,1.0386,0.025,5.3914,5.3914,5.3914,5.3914
28150,1,5.1187,5.0566,0.0621,5.8606,5.8606,5.8606,5.8606
28159,4,11.2362,10.9924,0.2439,5.4288,5.3475,5.3128,5.7073
28160,3,1.4524,1.4021,0.0503,5.338,5.3455,5.3092,5.3593
28214,1,1.3244,1.2989,0.0255,5.4971,5.4971,5.4971,5.4971
28228,2,2.1472,2.0988,0.0484,5.6615,5.6615,5.4326,5.8903
28235,285,202.7588,196.8795,5.8792,5.361,5.3383,5.3069,6.5241
28236,1,0.7099,0.6907,0.0192,5.3187,5.3187,5.3187,5.3187
28242,1,0.7298,0.7137,0.0161,5.402,5.402,5.402,5.402
28243,1,0.5281,0.5107,0.0174,5.3319,5.3319,5.3319,5.3319
28299,1,0.7651,0.734,0.0311,5.3563,5.3563,5.3563,5.3563
28328,1,0.6607,0.6413,0.0194,5.3591,5.3591,5.3591,5.3591
28329,1,1.4876,1.4587,0.0288,5.3819,5.3819,5.3819,5.3819
28332,329,202.9448,195.9427,7.0022,5.3759,5.3462,5.3076,6.2173
28334,2,1.832,1.7953,0.0367,5.3205,5.3205,5.3174,5.3236
28335,6,4.0392,3.9315,0.1077,5.3319,5.3303,5.3145,5.346
28345,1,0.753,0.7342,0.0188,5.3633,5.3633,5.3633,5.3633
28348,1,0.5566,0.5372,0.0194,5.3431,5.3431,5.3431,5.3431
28353,1,1.1428,1.1222,0.0205,5.3274,5.3274,5.3274,5.3274
28354,1,4.7956,4.741,0.0546,5.7223,5.7223,5.7223,5.7223
28357,1,3.1579,3.1353,0.0226,6.0179,6.0179,6.0179,6.0179
28358,1,0.9971,0.977,0.0201,5.3526,5.3526,5.3526,5.3526
28359,1,1.1276,1.1064,0.0212,5.356,5.356,5.356,5.356
28360,1,2.393,2.3755,0.0175,5.3663,5.3663,5.3663,5.3663
28373,21,12.9483,12.5773,0.3709,5.3603,5.3315,5.3124,5.9269
28393,8,8.3188,8.1514,0.1674,5.3624,5.374,5.311,5.4082
28394,7,4.3906,4.2596,0.1311,5.3607,5.3506,5.3307,5.4258
28395,178,97.8796,94.1283,3.7512,5.3602,5.3365,5.307,5.8231
28396,3,1.5051,1.4354,0.0697,5.3885,5.376,5.3305,5.459
28433,1,0.4788,0.4556,0.0232,5.3625,5.3625,5.3625,5.3625
28453,1,0.3265,0.3072,0.0194,5.3287,5.3287,5.3287,5.3287
28454,1,0.2405,0.2312,0.0093,5.4174,5.4174,5.4174,5.4174
28503,109,114.5419,111.5933,2.9486,5.4118,5.3561,5.3095,6.1043
28504,1,1.6843,1.6414,0.0429,6.0277,6.0277,6.0277,6.0277
28513,1,4.31,4.2074,0.1025,5.6839,5.6839,5.6839,5.6839
28533,1,1.4722,1.4338,0.0384,5.7588,5.7588,5.7588,5.7588
28547,1,0.3313,0.3107,0.0206,5.3297,5.3297,5.3297,5.3297
28551,1,0.4003,0.3784,0.0219,5.3208,5.3208,5.3208,5.3208
28561,2,0.7058,0.6642,0.0416,5.3841,5.3841,5.381,5.3873
28583,1,0.4462,0.4258,0.0204,5.361,5.361,5.361,5.361
28587,1,0.9937,0.9669,0.0268,5.6078,5.6078,5.6078,5.6078
28600,76,50.6733,48.7702,1.9031,5.4133,5.3944,5.3195,5.6159
28601,1,0.2791,0.2635,0.0156,5.3269,5.3269,5.3269,5.3269
28604,1,0.3255,0.3051,0.0205,5.3315,5.3315,5.3315,5.3315
28605,2,0.6806,0.6391,0.0415,5.3317,5.3317,5.33,5.3335
28607,1,0.6667,0.6394,0.0273,5.5949,5.5949,5.5949,5.5949
28613,96,102.7685,100.9942,1.7744,5.3719,5.3383,5.3052,5.9582
28650,1,0.5655,0.5449,0.0206,5.4047,5.4047,5.4047,5.4047
28685,1,1.648,1.6136,0.0345,5.6555,5.6555,5.6555,5.6555
28712,1,0.5188,0.5016,0.0172,5.3291,5.3291,5.3291,5.3291
28714,10,44.4249,43.6041,0.8208,5.555,5.5449,5.3304,5.8572
28749,388,331.8725,322.8186,9.0539,5.3855,5.352,5.3148,5.8501
28750,1,0.2389,0.223,0.0159,5.3874,5.3874,5.3874,5.3874
28763,7,12.9243,12.2369,0.6874,5.5105,5.3325,5.3139,5.7861
28771,1,0.648,0.6192,0.0288,5.8517,5.8517,5.8517,5.8517
28772,13,4.2342,3.999,0.2353,5.3741,5.3474,5.3295,5.6523
28800,1,0.2746,0.2581,0.0164,5.4327,5.4327,5.4327,5.4327
28804,1,1.2499,1.2175,0.0324,5.3687,5.3687,5.3687,5.3687
28821,1,1.2859,1.2467,0.0392,5.7573,5.7573,5.7573,5.7573
28822,1,0.2773,0.2621,0.0152,5.3315,5.3315,5.3315,5.3315
28834,1,0.2832,0.2612,0.022,5.3718,5.3718,5.3718,5.3718
28835,1,1.0419,1.0103,0.0316,5.9308,5.9308,5.9308,5.9308
28836,1,0.4031,0.382,0.0211,5.3207,5.3207,5.3207,5.3207
28838,1,0.5405,0.516,0.0246,5.5867,5.5867,5.5867,5.5867
28889,1,0.3273,0.3104,0.0169,5.3305,5.3305,5.3305,5.3305
28892,59,48.9374,47.4895,1.4479,5.3618,5.3407,5.3062,5.6589
28893,2,1.5595,1.5201,0.0394,5.3445,5.3445,5.3277,5.3613
28930,1,1.7682,1.7385,0.0297,5.6783,5.6783,5.6783,5.6783
28936,28,16.2893,15.8358,0.4535,5.3473,5.334,5.3233,5.457
28937,1,2.0906,2.0732,0.0174,5.4516,5.4516,5.4516,5.4516
28952,2,5.6271,5.5657,0.0614,5.4329,5.4329,5.3359,5.53
28960,1,1.3321,1.3065,0.0256,5.6041,5.6041,5.6041,5.6041
28968,1,0.4354,0.4191,0.0162,5.3411,5.3411,5.3411,5.3411
29015,3,1.351,1.3008,0.0502,5.3947,5.41,5.3519,5.4223
29016,3,1.488,1.4317,0.0563,5.3456,5.3407,5.3382,5.3579
29021,86,68.8414,67.235,1.6064,5.4133,5.3382,5.3126,6.1794
29027,21,11.4672,11.0852,0.382,5.3316,5.3265,5.3111,5.366
29030,1,0.8106,0.7854,0.0252,5.4737,5.4737,5.4737,5.4737
29033,1,2.4224,2.3878,0.0347,5.598,5.598,5.598,5.598
29074,2,5.6993,5.5821,0.1172,5.4237,5.4237,5.357,5.4904
29075,2,0.8469,0.8127,0.0342,5.3306,5.3306,5.3271,5.3342
29078,6,7.9054,7.7293,0.1761,5.3906,5.3606,5.336,5.5719
29083,1,1.7387,1.7066,0.0321,5.7603,5.7603,5.7603,5.7603
29087,1,0.7784,0.754,0.0245,5.361,5.361,5.361,5.361
29094,5,7.9821,7.8054,0.1767,5.5318,5.6255,5.3424,5.6618
29096,1,0.2956,0.2821,0.0135,5.3404,5.3404,5.3404,5.3404
29097,1,0.3317,0.3114,0.0203,5.3236,5.3236,5.3236,5.3236
29099,1,0.4834,0.4628,0.0206,5.3295,5.3295,5.3295,5.3295
29104,84,74.7519,72.6411,2.1108,5.4346,5.406,5.3264,5.6512
29105,1,0.3529,0.3329,0.0201,5.3275,5.3275,5.3275,5.3275
29135,6,2.3069,2.1943,0.1126,5.3416,5.3405,5.3148,5.3822
29175,2,0.7789,0.7304,0.0485,5.327,5.327,5.3179,5.3362
29176,361,219.2165,211.5367,7.6798,5.3717,5.3508,5.3088,6.1498
29184,1,0.6211,0.6069,0.0141,5.3369,5.3369,5.3369,5.3369
29189,22,20.9561,20.5494,0.4067,5.4146,5.3346,5.324,5.7017
29200,17,14.8592,14.5047,0.3545,5.37,5.3639,5.3074,5.5392
29214,2,1.1684,1.1321,0.0363,5.3734,5.3734,5.342,5.4047
29236,1,0.7193,0.7032,0.0161,5.3508,5.3508,5.3508,5.3508
29237,1,0.6132,0.5934,0.0198,5.3098,5.3098,5.3098,5.3098
29271,299,175.6005,168.6905,6.9099,5.3729,5.3381,5.3082,5.9363
29272,9,9.8053,9.4698,0.3355,5.5101,5.4406,5.3257,5.8131
29273,66,71.5728,69.5201,2.0527,5.4402,5.3597,5.315,6.0501
29284,72,72.4624,71.1404,1.322,5.4002,5.3425,5.3119,5.8935
29289,1,7.7115,7.6173,0.0943,5.7053,5.7053,5.7053,5.7053
29290,1,3.3116,3.2877,0.0239,5.7089,5.7089,5.7089,5.7089
29291,1,0.8543,0.833,0.0212,5.4246,5.4246,5.4246,5.4246
29296,1,1.1008,1.078,0.0228,5.392,5.392,5.392,5.392
29297,1,1.77,1.7434,0.0266,5.3437,5.3437,5.3437,5.3437
29298,1,0.8531,0.8322,0.0208,5.574,5.574,5.574,5.574
29300,1,0.5889,0.5681,0.0208,5.3519,5.3519,5.3519,5.3519
29312,1,1.6299,1.6002,0.0297,5.5343,5.5343,5.5343,5.5343
29313,1,0.7246,0.7037,0.0208,5.3585,5.3585,5.3585,5.3585
29381,46,33.203,32.363,0.84,5.3591,5.3374,5.3074,5.7168
29398,2,4.8571,4.8216,0.0355,5.4516,5.4516,5.4407,5.4626
29421,1,0.559,0.5441,0.0149,5.3387,5.3387,5.3387,5.3387
29427,2,2.1054,2.0744,0.031,5.3524,5.3524,5.3158,5.3889
29428,2,1.5616,1.5259,0.0356,5.3378,5.3378,5.3376,5.3379
29462,1,0.5742,0.5579,0.0163,5.3244,5.3244,5.3244,5.3244
29470,343,183.1505,176.4791,6.6714,5.3554,5.3389,5.3096,6.4411
29471,42,15.4754,14.5091,0.9664,5.4102,5.371,5.3167,5.6485
29485,1,0.2578,0.2383,0.0195,5.3281,5.3281,5.3281,5.3281
29486,1,0.2167,0.2051,0.0115,5.3352,5.3352,5.3352,5.3352
29489,1,0.199,0.1855,0.0135,5.3368,5.3368,5.3368,5.3368
29490,1,0.2385,0.2224,0.0161,5.3372,5.3372,5.3372,5.3372
29491,1,0.2253,0.2086,0.0167,5.335,5.335,5.335,5.335
29492,1,0.4345,0.405,0.0294,5.3716,5.3716,5.3716,5.3716
29504,390,240.1161,232.0058,8.1103,5.368,5.3512,5.3062,5.912
29505,3,2.563,2.5003,0.0627,5.6437,5.7006,5.4301,5.8006
29536,34,25.5698,24.9057,0.6641,5.4477,5.3353,5.3127,6.1671
29545,3,2.1795,2.1134,0.0661,5.7735,5.7928,5.6719,5.856
29546,1,1.9209,1.8937,0.0272,6.0458,6.0458,6.0458,6.0458
29551,1,0.8062,0.7859,0.0203,5.3531,5.3531,5.3531,5.3531
29552,1,0.4474,0.4275,0.0199,5.3284,5.3284,5.3284,5.3284
29555,1,0.8933,0.87,0.0234,5.3422,5.3422,5.3422,5.3422
29562,4,2.7541,2.6654,0.0887,5.4658,5.3276,5.3042,5.9036
29595,309,155.3637,149.2012,6.1626,5.3504,5.3335,5.3092,6.3665
29596,326,226.7247,219.7556,6.9691,5.369,5.3315,5.308,6.3388
29605,1,0.5723,0.5536,0.0187,5.3855,5.3855,5.3855,5.3855
29609,1,0.632,0.6121,0.0199,5.3277,5.3277,5.3277,5.3277
29610,1,0.7355,0.7141,0.0214,5.3435,5.3435,5.3435,5.3435
29611,1,0.4133,0.3962,0.0171,5.3446,5.3446,5.3446,5.3446
29612,34,17.9446,17.2805,0.6641,5.382,5.36,5.3115,5.7802
29613,73,28.5446,27.009,1.5357,5.3549,5.344,5.3107,5.7105
29669,1,0.5107,0.4849,0.0257,5.5371,5.5371,5.5371,5.5371
29670,1,0.2289,0.2181,0.0108,5.3318,5.3318,5.3318,5.3318
29671,2,2.7785,2.6656,0.1129,5.4662,5.4662,5.3965,5.5359
29686,2,0.4916,0.46,0.0317,5.3752,5.3752,5.331,5.4194
29704,10,2.4826,2.3401,0.1425,5.3278,5.329,5.3098,5.3462
29715,1,0.6129,0.5865,0.0265,5.4448,5.4448,5.4448,5.4448
29776,3,1.2198,1.1541,0.0657,5.3895,5.4107,5.3309,5.4268
29777,8,2.1186,1.9786,0.14,5.3891,5.3809,5.3242,5.5107
29787,1,0.5876,0.5594,0.0282,5.5462,5.5462,5.5462,5.5462
29797,2,3.9244,3.6757,0.2487,5.5077,5.5077,5.3761,5.6392
29798,1,0.2112,0.194,0.0172,5.3336,5.3336,5.3336,5.3336
29800,1,0.1993,0.1877,0.0116,5.3834,5.3834,5.3834,5.3834
29892,4,1.0056,0.9357,0.0699,5.3519,5.354,5.3274,5.3723
29893,5,2.5724,2.4488,0.1236,5.495,5.3326,5.3243,6.1265
29894,6,3.4412,3.3078,0.1333,5.4864,5.3726,5.3398,6.0656
29922,1,0.7048,0.6745,0.0303,5.504,5.504,5.504,5.504
29923,1,1.9609,1.8699,0.091,5.782,5.782,5.782,5.782
29941,1,0.8445,0.8102,0.0343,6.0137,6.0137,6.0137,6.0137
29983,1,0.3079,0.2851,0.0228,5.3361,5.3361,5.3361,5.3361
29988,1,0.2136,0.2038,0.0097,5.3285,5.3285,5.3285,5.3285
30010,2,0.5492,0.5084,0.0408,5.3251,5.3251,5.3215,5.3287
30012,368,231.3582,222.8743,8.4839,5.3618,5.3433,4.882,5.9999
30013,31,14.6526,13.9725,0.6801,5.4532,5.3431,5.3163,6.0283
30014,1,0.5731,0.5472,0.0259,5.8543,5.8543,5.8543,5.8543
30022,1,0.2397,0.2307,0.009,5.3305,5.3305,5.3305,5.3305
30023,12,7.531,7.205,0.326,5.4816,5.3531,5.3214,5.9645
30077,2,0.7919,0.7559,0.0359,5.347,5.347,5.3258,5.3682
30078,2,1.8218,1.7714,0.0504,5.422,5.422,5.3922,5.4519
30101,1,0.4862,0.4692,0.017,5.3049,5.3049,5.3049,5.3049
30105,1,0.3703,0.3529,0.0174,5.3434,5.3434,5.3434,5.3434
30116,1,0.4235,0.4036,0.0199,5.4915,5.4915,5.4915,5.4915
30144,8,4.4643,4.3014,0.1629,5.3751,5.3431,5.3206,5.5659
30145,16,19.209,18.7097,0.4993,5.5637,5.5477,5.3624,5.8209
30156,1,0.4194,0.4013,0.0181,5.3253,5.3253,5.3253,5.3253
30162,1,0.3445,0.3291,0.0155,5.3225,5.3225,5.3225,5.3225
30163,1,2.5891,2.5535,0.0356,5.451,5.451,5.451,5.451
30164,1,0.5777,0.5559,0.0218,5.3483,5.3483,5.3483,5.3483
30165,1,0.8078,0.7822,0.0256,5.374,5.374,5.374,5.374
30236,337,268.0846,261.6561,6.4285,5.3506,5.3348,5.3015,5.9467
30237,255,139.1708,133.9448,5.2261,5.3616,5.3401,5.3029,5.8471
30238,1,0.3463,0.3289,0.0174,5.3899,5.3899,5.3899,5.3899
30328,1,0.3665,0.3463,0.0201,5.4147,5.4147,5.4147,5.4147
30336,1,0.6068,0.5842,0.0227,5.416,5.416,5.416,5.416
30337,3,1.4252,1.3592,0.0659,5.3544,5.33,5.3291,5.4041
30357,1,0.3601,0.3402,0.0199,5.333,5.333,5.333,5.333
30358,1,0.2986,0.2822,0.0164,5.3384,5.3384,5.3384,5.3384
30369,1,2.4081,2.362,0.0461,5.662,5.662,5.662,5.662
30370,1,0.4733,0.4524,0.0209,5.3289,5.3289,5.3289,5.3289
30371,1,0.3466,0.3293,0.0173,5.3869,5.3869,5.3869,5.3869
30373,1,0.3553,0.3374,0.0179,5.3391,5.3391,5.3391,5.3391
30376,69,39.5257,37.9208,1.6049,5.3808,5.3404,5.3104,5.8534
30377,319,290.9666,284.1978,6.7688,5.3584,5.3401,5.3074,5.9258
30378,3,1.5224,1.4701,0.0523,5.3516,5.3491,5.3437,5.3619
30379,15,16.8391,16.4536,0.3855,5.5091,5.3469,5.312,6.1855
30404,239,309.6732,303.9396,5.7336,5.3982,5.3541,5.3083,6.1198
30419,1,1.4192,1.3982,0.021,5.3896,5.3896,5.3896,5.3896
30427,2,1.2996,1.2566,0.043,5.5242,5.5242,5.367,5.6814
30499,1,0.7758,0.7502,0.0256,5.3364,5.3364,5.3364,5.3364
30551,1,0.4517,0.4331,0.0186,5.3241,5.3241,5.3241,5.3241
30552,15,7.9327,7.6341,0.2986,5.3699,5.3397,5.315,5.6129
30578,1,0.4896,0.469,0.0206,5.3227,5.3227,5.3227,5.3227
30591,1,0.6167,0.5932,0.0235,5.479,5.479,5.479,5.479
30603,1,0.4077,0.3893,0.0184,5.3249,5.3249,5.3249,5.3249
30606,10,9.6,9.343,0.2571,5.4964,5.3492,5.3149,6.0125
30607,95,87.1021,85.138,1.9642,5.3609,5.3359,5.3057,5.823
30608,1,0.9673,0.9474,0.0199,5.5779,5.5779,5.5779,5.5779
30609,1,0.6836,0.6713,0.0123,5.3364,5.3364,5.3364,5.3364
30626,1,6.1287,6.0507,0.0781,5.6975,5.6975,5.6975,5.6975
30636,103,106.4263,103.9231,2.5033,5.4143,5.3462,5.3134,6.0353
30653,1,0.2538,0.2348,0.019,5.3196,5.3196,5.3196,5.3196
30673,5,1.0477,0.9884,0.0593,5.3743,5.3463,5.3225,5.4886
30679,1,0.2925,0.2722,0.0203,5.3376,5.3376,5.3376,5.3376
30718,18,7.3417,6.9052,0.4365,5.3639,5.3405,5.3211,5.7663
30787,1,0.1914,0.1787,0.0127,5.3318,5.3318,5.3318,5.3318
30788,1,0.1983,0.1837,0.0145,5.3288,5.3288,5.3288,5.3288
30807,1,0.3319,0.3104,0.0215,5.3393,5.3393,5.3393,5.3393
30808,1,0.3213,0.3015,0.0198,5.3549,5.3549,5.3549,5.3549
30812,1,0.2821,0.2636,0.0185,5.3258,5.3258,5.3258,5.3258
30813,1,0.2345,0.2177,0.0168,5.3866,5.3866,5.3866,5.3866
30814,1,2.7724,2.675,0.0973,5.6756,5.6756,5.6756,5.6756
30815,1,0.3407,0.3178,0.0229,5.559,5.559,5.559,5.559
30816,1,0.2935,0.2714,0.0221,5.3488,5.3488,5.3488,5.3488
30817,18,4.4989,4.219,0.28,5.3693,5.3266,5.311,5.8874
30819,118,74.6929,71.6101,3.0829,5.3965,5.3405,5.3128,6.0069
30820,2,0.709,0.6625,0.0466,5.3646,5.3646,5.3488,5.3803
30845,23,7.6095,7.1036,0.5059,5.3535,5.3556,5.3247,5.4168
30862,1,0.3274,0.2956,0.0318,5.4752,5.4752,5.4752,5.4752
30863,1,1.5166,1.4782,0.0384,5.5425,5.5425,5.5425,5.5425
30913,5,7.0917,6.6313,0.4604,5.5414,5.3995,5.3328,5.8269
30931,1,0.2615,0.239,0.0225,5.4103,5.4103,5.4103,5.4103
30935,1,0.4943,0.4686,0.0257,5.3929,5.3929,5.3929,5.3929
30939,1,3.133,3.0223,0.1107,5.706,5.706,5.706,5.706
30943,2,0.5192,0.4848,0.0343,5.3327,5.3327,5.3314,5.3341
30988,1,0.2359,0.2188,0.0171,5.3858,5.3858,5.3858,5.3858
30989,1,0.5854,0.5571,0.0283,5.7604,5.7604,5.7604,5.7604
30992,1,0.2059,0.1958,0.01,5.3378,5.3378,5.3378,5.3378
31069,1,0.2355,0.2178,0.0176,5.3317,5.3317,5.3317,5.3317
31070,5,2.7955,2.6637,0.1318,5.387,5.3765,5.3164,5.5351
31071,1,0.2706,0.2498,0.0208,5.3572,5.3572,5.3572,5.3572
31077,5,1.4943,1.4096,0.0847,5.4057,5.3381,5.3256,5.6677
31092,228,101.7443,96.9033,4.841,5.41,5.3368,5.3098,6.914
31120,1,0.2244,0.2111,0.0133,5.3237,5.3237,5.3237,5.3237
31121,1,0.5462,0.5186,0.0276,5.4967,5.4967,5.4967,5.4967
31138,1,0.3894,0.3666,0.0228,5.3609,5.3609,5.3609,5.3609
31141,1,0.2365,0.2228,0.0137,5.3241,5.3241,5.3241,5.3241
31142,1,0.2693,0.2495,0.0199,5.3267,5.3267,5.3267,5.3267
31145,1,0.2101,0.1953,0.0148,5.3491,5.3491,5.3491,5.3491
31152,1,1.4581,1.4132,0.0449,5.9404,5.9404,5.9404,5.9404
31153,1,0.3112,0.2885,0.0228,5.3833,5.3833,5.3833,5.3833
31164,1,0.2737,0.254,0.0197,5.3178,5.3178,5.3178,5.3178
31198,257,203.3597,197.7014,5.6583,5.3494,5.3368,4.569,5.9968
31229,38,20.5382,19.7064,0.8319,5.3578,5.3471,5.3098,5.526
31230,31,32.1365,31.4273,0.7092,5.3887,5.3488,5.3117,5.8213
31232,1,0.5469,0.5322,0.0147,5.3379,5.3379,5.3379,5.3379
31239,2,3.8144,3.7648,0.0496,5.6272,5.6272,5.5629,5.6915
31240,2,8.7,8.5554,0.1446,5.5472,5.5472,5.386,5.7083
31277,5,8.0887,7.9545,0.1342,5.4158,5.3304,5.3223,5.7187
31286,1,1.6467,1.6295,0.0172,5.8721,5.8721,5.8721,5.8721
31289,1,0.4681,0.4483,0.0198,5.3547,5.3547,5.3547,5.3547
31290,1,1.3731,1.3504,0.0227,5.7488,5.7488,5.7488,5.7488
31296,1,0.8906,0.8665,0.0241,5.8273,5.8273,5.8273,5.8273
31297,1,2.1644,2.1449,0.0195,6.0447,6.0447,6.0447,6.0447
31298,1,1.4651,1.4471,0.018,5.514,5.514,5.514,5.514
31302,21,15.8515,15.4736,0.3779,5.3656,5.3397,5.322,5.7813
31323,8,5.5584,5.4153,0.1431,5.425,5.3565,5.3279,5.7964
31337,2,6.1964,6.1212,0.0752,5.5801,5.5801,5.3203,5.84
31383,1,1.4565,1.4397,0.0169,5.5103,5.5103,5.5103,5.5103
31393,2,1.194,1.158,0.036,5.3182,5.3182,5.3141,5.3223
31394,2,11.1847,11.0143,0.1704,5.5772,5.5772,5.4751,5.6793
31400,139,158.9651,155.1553,3.8099,5.4079,5.3396,5.3046,5.9473
31407,1,0.334,0.3146,0.0194,5.3291,5.3291,5.3291,5.3291
31416,1,0.3176,0.2957,0.0219,5.4148,5.4148,5.4148,5.4148
31418,1,3.831,3.7113,0.1197,5.7259,5.7259,5.7259,5.7259
31430,3,2.3207,2.2191,0.1015,5.8076,5.8515,5.6481,5.9231
31431,1,0.8459,0.8088,0.0372,6.0513,6.0513,6.0513,6.0513
31436,1,0.3823,0.3575,0.0247,5.5265,5.5265,5.5265,5.5265
31446,346,147.6983,141.3114,6.3868,5.3634,5.3313,5.3044,6.4979
31447,337,159.0017,151.4199,7.5818,5.3738,5.3404,5.3027,6.3051
31464,21,7.3523,6.9369,0.4155,5.383,5.3582,5.3155,5.6842
31514,1,3.222,3.2016,0.0204,5.9726,5.9726,5.9726,5.9726
31522,1,0.8207,0.8122,0.0085,5.3438,5.3438,5.3438,5.3438
31528,8,25.9276,25.7347,0.1929,5.4031,5.3474,5.3331,5.5917
31530,1,0.9399,0.9257,0.0142,5.3542,5.3542,5.3542,5.3542
31538,27,30.422,30.0275,0.3945,5.3639,5.3325,5.3121,5.5923
31540,1,0.6695,0.6537,0.0158,5.3388,5.3388,5.3388,5.3388
31543,1,0.6532,0.6373,0.0159,5.3374,5.3374,5.3374,5.3374
31574,1,6.9815,6.9267,0.0548,5.822,5.822,5.822,5.822
31579,1,0.7926,0.7789,0.0137,5.3344,5.3344,5.3344,5.3344
31588,1,0.7376,0.7215,0.016,5.3299,5.3299,5.3299,5.3299
31589,1,1.4239,1.4037,0.0202,5.3426,5.3426,5.3426,5.3426
31590,1,0.7241,0.7105,0.0136,5.3357,5.3357,5.3357,5.3357
31591,1,1.0363,1.0188,0.0175,5.3825,5.3825,5.3825,5.3825
31616,7,6.0648,5.9752,0.0897,5.3472,5.3318,5.3269,5.431
31647,256,229.4868,223.7271,5.7597,5.3904,5.3505,5.3083,6.0246
31649,116,92.7031,89.6458,3.0573,5.4095,5.3382,5.31,6.1443
31650,15,21.8977,21.4006,0.4971,5.4288,5.3642,5.3159,5.717
31690,1,0.3772,0.362,0.0152,5.3318,5.3318,5.3318,5.3318
31703,32,23.6606,22.962,0.6986,5.4097,5.3383,5.3137,6.0206
31704,1,0.4193,0.3994,0.0199,5.3721,5.3721,5.3721,5.3721
31720,2,1.7148,1.6602,0.0547,5.4591,5.4591,5.3965,5.5216
31724,1,0.3457,0.33,0.0157,5.3322,5.3322,5.3322,5.3322
31725,1,1.0351,1.0089,0.0262,5.4676,5.4676,5.4676,5.4676
31735,1,0.3545,0.3369,0.0177,5.3367,5.3367,5.3367,5.3367
31743,1,0.3681,0.3506,0.0175,5.32,5.32,5.32,5.32
31745,1,1.6336,1.615,0.0186,5.8344,5.8344,5.8344,5.8344
31766,1,0.5525,0.535,0.0176,5.3375,5.3375,5.3375,5.3375
31786,1,0.706,0.6894,0.0166,5.3124,5.3124,5.3124,5.3124
31787,1,9.4186,9.2217,0.1969,5.6864,5.6864,5.6864,5.6864
31800,1,0.5077,0.4918,0.0159,5.341,5.341,5.341,5.341
31805,3,8.6116,8.4806,0.131,5.8733,6.1413,5.3258,6.1528
31817,1,1.3321,1.3048,0.0274,5.4525,5.4525,5.4525,5.4525
31863,1,0.4622,0.4455,0.0167,5.3344,5.3344,5.3344,5.3344
31865,1,3.4217,3.3754,0.0462,5.7045,5.7045,5.7045,5.7045
31872,1,1.0946,1.0678,0.0268,5.4147,5.4147,5.4147,5.4147
31874,1,0.4242,0.4072,0.017,5.3335,5.3335,5.3335,5.3335
31875,1,0.5066,0.4884,0.0182,5.3336,5.3336,5.3336,5.3336
31876,1,0.6651,0.647,0.0182,5.3231,5.3231,5.3231,5.3231
31878,30,27.5574,26.8844,0.673,5.3639,5.3476,5.3133,5.6871
31879,1,0.3798,0.3629,0.0169,5.3236,5.3236,5.3236,5.3236
31889,6,4.5076,4.3659,0.1418,5.3926,5.3922,5.333,5.4626
31894,1,0.6481,0.625,0.0231,5.3411,5.3411,5.3411,5.3411
31916,2,2.7672,2.7128,0.0544,5.6924,5.6924,5.673,5.7118
31942,3,3.0729,2.9959,0.077,5.4588,5.371,5.3455,5.6599
31943,3,2.6803,2.6051,0.0752,5.5149,5.505,5.3484,5.6913
31952,1,1.4855,1.4555,0.03,5.3668,5.3668,5.3668,5.3668
32004,1,0.502,0.4796,0.0224,5.3135,5.3135,5.3135,5.3135
32020,1,0.381,0.362,0.019,5.3396,5.3396,5.3396,5.3396
32022,1,0.365,0.3472,0.0178,5.4003,5.4003,5.4003,5.4003
32026,1,0.5743,0.5507,0.0236,5.3384,5.3384,5.3384,5.3384
32049,6,2.7194,2.59,0.1294,5.3302,5.3287,5.3166,5.3469
32053,1,0.4926,0.4714,0.0212,5.3213,5.3213,5.3213,5.3213
32054,1,0.3299,0.3103,0.0196,5.3314,5.3314,5.3314,5.3314
32055,1,1.8666,1.8262,0.0404,5.7844,5.7844,5.7844,5.7844
32056,1,0.3474,0.3266,0.0208,5.3391,5.3391,5.3391,5.3391
32057,1,0.2628,0.2481,0.0148,5.4211,5.4211,5.4211,5.4211
32058,1,0.655,0.6302,0.0248,5.5406,5.5406,5.5406,5.5406
32060,1,0.4063,0.3847,0.0216,5.3457,5.3457,5.3457,5.3457
32076,69,54.2336,52.8998,1.3339,5.3964,5.3395,5.2965,6.1809
32097,1,0.6652,0.6482,0.017,5.318,5.318,5.318,5.318
32108,370,320.9575,312.0495,8.908,5.3533,5.3389,5.3061,5.8696
32110,1,0.6543,0.6417,0.0126,5.3262,5.3262,5.3262,5.3262
32114,1,2.0594,2.0386,0.0208,5.4306,5.4306,5.4306,5.4306
32117,7,7.2348,7.1205,0.1143,5.3373,5.3349,5.3182,5.3613
32118,11,20.4971,20.2119,0.2852,5.4123,5.3384,5.3108,5.7346
32138,1,0.7274,0.7103,0.0171,5.3325,5.3325,5.3325,5.3325
32150,1,0.5411,0.5256,0.0155,5.346,5.346,5.346,5.346
32175,1,0.6657,0.6479,0.0178,5.3457,5.3457,5.3457,5.3457
32187,1,0.9524,0.9371,0.0153,5.3312,5.3312,5.3312,5.3312
32212,1,7.946,7.8717,0.0743,5.569,5.569,5.569,5.569
32218,1,4.7097,4.6624,0.0472,5.6961,5.6961,5.6961,5.6961
32223,1,0.5946,0.5753,0.0193,5.3759,5.3759,5.3759,5.3759
32226,29,39.8108,39.137,0.6738,5.392,5.3408,5.308,5.7129
32227,1,0.5849,0.5666,0.0183,5.4259,5.4259,5.4259,5.4259
32228,1,1.9489,1.9192,0.0297,5.5146,5.5146,5.5146,5.5146
32238,1,0.4824,0.4675,0.0149,5.355,5.355,5.355,5.355
32239,1,0.5763,0.5557,0.0206,5.329,5.329,5.329,5.329
32240,1,0.5217,0.5053,0.0163,5.323,5.323,5.323,5.323
32241,1,1.0814,1.059,0.0224,5.4699,5.4699,5.4699,5.4699
32242,1,0.7855,0.767,0.0184,5.3462,5.3462,5.3462,5.3462
32267,33,122.776,120.1541,2.6219,5.473,5.3579,5.3181,6.3139
32314,5,6.5929,6.5178,0.0751,5.391,5.4226,5.3258,5.4387
32335,1,0.7695,0.7591,0.0105,5.3306,5.3306,5.3306,5.3306
32352,1,1.4481,1.4336,0.0145,5.316,5.316,5.316,5.316
32371,1,0.7242,0.7107,0.0135,5.3368,5.3368,5.3368,5.3368
32372,90,116.3998,114.6079,1.7919,5.3702,5.3579,5.3103,5.5259
32373,1,0.6194,0.6026,0.0168,5.385,5.385,5.385,5.385
32374,1,0.6313,0.6138,0.0174,5.3313,5.3313,5.3313,5.3313
32379,7,8.1317,7.9857,0.146,5.3681,5.3294,5.3247,5.56
32380,2,1.4857,1.4508,0.0349,5.3468,5.3468,5.3198,5.3738
32386,10,7.7186,7.542,0.1766,5.3402,5.3385,5.3211,5.3575
32387,8,5.8626,5.7174,0.1453,5.4049,5.3413,5.3235,5.8449
32392,1,0.6207,0.6026,0.0181,5.3544,5.3544,5.3544,5.3544
32393,323,108.5573,102.4675,6.0898,5.3553,5.339,5.3052,5.8515
32400,1,2.5318,2.4374,0.0944,5.8108,5.8108,5.8108,5.8108
32404,1,0.2006,0.1899,0.0107,5.3324,5.3324,5.3324,5.3324
32409,1,0.2082,0.1941,0.0141,5.3936,5.3936,5.3936,5.3936
32411,1,0.3703,0.3475,0.0229,5.4578,5.4578,5.4578,5.4578
32412,1,0.2805,0.2601,0.0205,5.3649,5.3649,5.3649,5.3649
32436,7,1.9672,1.8442,0.1231,5.3861,5.3434,5.3259,5.6114
32441,18,11.0742,10.6999,0.3743,5.4431,5.3585,5.316,5.9965
32448,39,37.3137,36.3033,1.0104,5.3643,5.3311,5.3136,5.7863
32449,18,13.8326,13.3266,0.506,5.4066,5.3467,5.3189,5.7936
32460,1,0.4493,0.4256,0.0237,5.4788,5.4788,5.4788,5.4788
32465,5,1.6596,1.564,0.0956,5.3331,5.3279,5.3265,5.3534
32466,7,2.6607,2.4985,0.1621,5.4367,5.3982,5.3376,5.5963
32489,1,0.2415,0.2241,0.0173,5.3405,5.3405,5.3405,5.3405
32498,1,0.267,0.2441,0.0229,5.3189,5.3189,5.3189,5.3189
32507,1,0.2812,0.2576,0.0236,5.3286,5.3286,5.3286,5.3286
32510,1,0.4984,0.4739,0.0245,5.4,5.4,5.4,5.4
32534,2,0.4743,0.4395,0.0348,5.3474,5.3474,5.3138,5.381
32596,1,6.4011,6.2907,0.1104,5.8212,5.8212,5.8212,5.8212
32602,1,5.3994,5.2981,0.1013,5.6251,5.6251,5.6251,5.6251
32607,5,2.783,2.6761,0.1069,5.3591,5.3429,5.3379,5.3966
32616,4,1.6029,1.5343,0.0687,5.348,5.3476,5.3391,5.3575
32645,1,0.5784,0.5574,0.021,5.3278,5.3278,5.3278,5.3278
32646,1,0.4007,0.3829,0.0178,5.33,5.33,5.33,5.33
32662,1,0.4549,0.4345,0.0204,5.3277,5.3277,5.3277,5.3277
32663,1,0.8081,0.7837,0.0244,5.3547,5.3547,5.3547,5.3547
32670,1,1.0271,1.0019,0.0252,5.3383,5.3383,5.3383,5.3383
32674,1,0.5948,0.5708,0.024,5.3393,5.3393,5.3393,5.3393
32675,1,0.5109,0.4901,0.0207,5.3432,5.3432,5.3432,5.3432
32678,1,0.475,0.4534,0.0217,5.3262,5.3262,5.3262,5.3262
32679,1,2.2969,2.2425,0.0544,5.4355,5.4355,5.4355,5.4355
32680,1,0.3839,0.3662,0.0177,5.3335,5.3335,5.3335,5.3335
32711,1,0.5809,0.5593,0.0216,5.3864,5.3864,5.3864,5.3864
32719,1,0.4207,0.4034,0.0174,5.3288,5.3288,5.3288,5.3288
32721,1,0.3889,0.3727,0.0162,5.3306,5.3306,5.3306,5.3306
32723,16,7.1002,6.7869,0.3133,5.384,5.3439,5.3272,6.0144
32724,11,4.3353,4.1187,0.2166,5.3283,5.3298,5.3142,5.3527
32750,103,90.9289,87.9998,2.9291,5.4079,5.3549,5.3072,5.7857
32751,1,0.2693,0.2493,0.0201,5.333,5.333,5.333,5.333
32766,1,0.2152,0.2037,0.0115,5.3278,5.3278,5.3278,5.3278
32815,1,1.4849,1.4416,0.0433,6.0145,6.0145,6.0145,6.0145
32816,1,0.4951,0.4698,0.0253,5.3226,5.3226,5.3226,5.3226
32823,36,29.8752,29.0355,0.8397,5.3653,5.3385,5.3158,5.9572
32839,2,1.1458,1.1081,0.0377,5.3573,5.3573,5.3466,5.3681
32840,1,0.9782,0.9567,0.0215,5.3562,5.3562,5.3562,5.3562
32841,1,0.6206,0.6004,0.0202,5.3091,5.3091,5.3091,5.3091
32909,1,1.049,1.0282,0.0208,5.3202,5.3202,5.3202,5.3202
32925,1,4.1117,4.0604,0.0512,5.7702,5.7702,5.7702,5.7702
32937,1,0.9162,0.8958,0.0203,5.3189,5.3189,5.3189,5.3189
32938,13,24.5419,24.0119,0.53,5.5837,5.4653,5.3319,6.0673
32964,1,0.3042,0.2843,0.0199,5.3362,5.3362,5.3362,5.3362
32966,3,0.8044,0.7567,0.0477,5.3428,5.3428,5.3408,5.3448
32969,7,10.9108,10.5952,0.3156,5.567,5.6471,5.3266,5.8488
32981,1,0.2314,0.2205,0.0109,5.3373,5.3373,5.3373,5.3373
33014,1,0.6838,0.6639,0.0199,5.3649,5.3649,5.3649,5.3649
33039,1,2.1962,2.1637,0.0325,5.4499,5.4499,5.4499,5.4499
33042,1,0.8817,0.8584,0.0233,5.33,5.33,5.33,5.33
33049,1,0.6394,0.622,0.0174,5.3726,5.3726,5.3726,5.3726
33050,1,1.4849,1.458,0.0268,5.3512,5.3512,5.3512,5.3512
33054,1,0.6556,0.6368,0.0188,5.3437,5.3437,5.3437,5.3437
33056,3,5.0277,4.9506,0.0771,5.4277,5.4677,5.3465,5.4688
33059,1,0.6417,0.6223,0.0194,5.3367,5.3367,5.3367,5.3367
33066,1,0.4896,0.4718,0.0177,5.3448,5.3448,5.3448,5.3448
33080,1,0.5065,0.4886,0.0179,5.3423,5.3423,5.3423,5.3423
33137,10,7.5325,7.3464,0.1861,5.3598,5.3427,5.3305,5.4395
33163,1,0.6972,0.6792,0.018,5.3831,5.3831,5.3831,5.3831
33165,1,1.0794,1.0589,0.0205,5.675,5.675,5.675,5.675
33170,1,0.9497,0.9317,0.018,5.3519,5.3519,5.3519,5.3519
33171,1,0.9017,0.8784,0.0233,5.6562,5.6562,5.6562,5.6562
33177,1,0.4833,0.4638,0.0195,5.3396,5.3396,5.3396,5.3396
33178,1,0.572,0.5553,0.0167,5.3294,5.3294,5.3294,5.3294
33182,1,0.8549,0.8356,0.0193,5.3213,5.3213,5.3213,5.3213
33183,1,0.545,0.5283,0.0167,5.3412,5.3412,5.3412,5.3412
33198,3,3.3058,3.2359,0.0698,5.3654,5.3541,5.3261,5.4159
33264,1,0.7373,0.717,0.0204,5.3708,5.3708,5.3708,5.3708
33276,359,211.0393,203.2519,7.7874,5.3516,5.3401,4.6197,5.851
33285,4,1.7336,1.6549,0.0787,5.334,5.3343,5.3228,5.3445
33290,2,1.0577,1.0151,0.0426,5.4973,5.4973,5.3404,5.6541
33291,93,39.9848,38.0664,1.9184,5.3732,5.3408,5.3086,5.8132
33317,1,0.3959,0.375,0.021,5.3391,5.3391,5.3391,5.3391
33321,1,0.2998,0.2854,0.0144,5.4353,5.4353,5.4353,5.4353
33323,1,0.5008,0.4792,0.0216,5.353,5.353,5.353,5.353
33327,1,0.3227,0.3061,0.0166,5.3332,5.3332,5.3332,5.3332
33362,14,7.302,6.9918,0.3102,5.3711,5.3645,5.3169,5.5854
33378,1,0.6798,0.6569,0.023,5.391,5.391,5.391,5.391
33424,5,8.5021,8.1507,0.3514,5.3995,5.3318,5.3275,5.6641
33441,1,0.7679,0.7449,0.023,5.344,5.344,5.344,5.344
33448,1,0.4027,0.3847,0.0179,5.351,5.351,5.351,5.351
33449,1,0.8328,0.8022,0.0306,5.3318,5.3318,5.3318,5.3318
33450,1,0.5572,0.5332,0.024,5.3605,5.3605,5.3605,5.3605
33501,2,0.9439,0.9025,0.0414,5.3307,5.3307,5.3302,5.3313
33506,1,5.2487,5.1514,0.0973,5.6793,5.6793,5.6793,5.6793
33534,1,0.3435,0.3278,0.0158,5.3773,5.3773,5.3773,5.3773
33538,1,0.4408,0.4181,0.0228,5.39,5.39,5.39,5.39
33571,1,0.7636,0.739,0.0246,5.3237,5.3237,5.3237,5.3237
33603,1,0.5118,0.4958,0.0159,5.4015,5.4015,5.4015,5.4015
33604,1,8.1357,7.9929,0.1428,6.0241,6.0241,6.0241,6.0241
33605,17,12.5744,12.2187,0.3557,5.4172,5.3698,5.3155,5.8153
33606,1,5.5302,5.447,0.0831,5.8318,5.8318,5.8318,5.8318
33607,2,0.9802,0.9436,0.0366,5.3385,5.3385,5.3349,5.3421
33609,119,102.3942,99.3879,3.0063,5.3926,5.3438,5.307,5.8351
33610,16,18.9187,18.4971,0.4216,5.436,5.3744,5.3244,5.7591
33613,1,1.9122,1.8787,0.0335,5.7109,5.7109,5.7109,5.7109
33614,1,3.4174,3.3496,0.0679,5.8354,5.8354,5.8354,5.8354
33620,1,0.7306,0.7067,0.0239,5.3294,5.3294,5.3294,5.3294
33654,1,0.3432,0.3268,0.0164,5.3342,5.3342,5.3342,5.3342
33720,1,0.7728,0.7468,0.026,5.338,5.338,5.338,5.338
33724,1,0.9237,0.8974,0.0263,5.3314,5.3314,5.3314,5.3314
33735,1,1.0036,0.9783,0.0253,5.3228,5.3228,5.3228,5.3228
33736,1,0.3875,0.3699,0.0176,5.3222,5.3222,5.3222,5.3222
33737,1,0.5537,0.5319,0.0219,5.3403,5.3403,5.3403,5.3403
33738,1,0.4362,0.4207,0.0154,5.3307,5.3307,5.3307,5.3307
33739,1,1.3756,1.3445,0.0311,5.3933,5.3933,5.3933,5.3933
33740,1,0.3798,0.3641,0.0157,5.3201,5.3201,5.3201,5.3201
33742,1,0.4789,0.4568,0.0222,5.6353,5.6353,5.6353,5.6353
33743,1,0.3342,0.3189,0.0153,5.3322,5.3322,5.3322,5.3322
33774,6,3.1211,2.9772,0.144,5.9165,5.9394,5.816,5.9685
33877,1,0.2251,0.2156,0.0095,5.3256,5.3256,5.3256,5.3256
33888,9,3.5273,3.3421,0.1852,5.4998,5.3392,5.3174,6.1436
33898,1,1.4746,1.4581,0.0166,5.6262,5.6262,5.6262,5.6262
33911,1,0.6885,0.6766,0.0119,5.3983,5.3983,5.3983,5.3983
33918,1,1.0793,1.0618,0.0175,5.3614,5.3614,5.3614,5.3614
33927,1,0.8928,0.8779,0.0149,5.3767,5.3767,5.3767,5.3767
33932,5,16.6037,16.4739,0.1298,5.7032,5.7119,5.6754,5.7182
33933,24,24.7737,24.3341,0.4396,5.372,5.3556,5.3233,5.5539
33934,361,277.0408,269.3027,7.7381,5.3484,5.3407,4.4239,5.7649
33938,1,1.0413,1.0205,0.0207,5.3926,5.3926,5.3926,5.3926
33953,1,1.4595,1.4466,0.0129,5.3359,5.3359,5.3359,5.3359
33965,1,0.8564,0.8443,0.0121,5.3412,5.3412,5.3412,5.3412
33970,1,0.7323,0.7239,0.0084,5.326,5.326,5.326,5.326
33971,1,0.9313,0.9156,0.0157,5.3405,5.3405,5.3405,5.3405
33972,1,2.3404,2.314,0.0265,5.3272,5.3272,5.3272,5.3272
34051,1,12.8833,12.7343,0.149,5.8075,5.8075,5.8075,5.8075
34090,77,152.9149,150.9094,2.0054,5.407,5.3356,5.3041,5.8474
34091,357,203.5642,194.7891,8.7751,5.3549,5.34,5.3018,5.7742
34118,1,0.25,0.2339,0.0161,5.3502,5.3502,5.3502,5.3502
34138,1,0.3718,0.3512,0.0206,5.5347,5.5347,5.5347,5.5347
34145,1,0.501,0.4749,0.0261,5.7373,5.7373,5.7373,5.7373
34148,1,0.8777,0.8387,0.039,5.7462,5.7462,5.7462,5.7462
34149,1,0.2099,0.1985,0.0114,5.338,5.338,5.338,5.338
34155,1,1.173,1.1323,0.0408,5.5049,5.5049,5.5049,5.5049
34167,1,3.875,3.7235,0.1515,6.0176,6.0176,6.0176,6.0176
34170,1,0.312,0.2922,0.0198,5.3422,5.3422,5.3422,5.3422
34171,1,0.3692,0.3471,0.022,5.3645,5.3645,5.3645,5.3645
34177,1,3.5674,3.4436,0.1239,5.8976,5.8976,5.8976,5.8976
34178,1,0.5356,0.5051,0.0306,5.5663,5.5663,5.5663,5.5663
34187,1,10.2398,10.1126,0.1273,5.7009,5.7009,5.7009,5.7009
34190,1,0.708,0.6919,0.0161,5.3264,5.3264,5.3264,5.3264
34250,1,0.6283,0.6143,0.014,5.3328,5.3328,5.3328,5.3328
34295,1,1.2499,1.2291,0.0207,5.6024,5.6024,5.6024,5.6024
34308,7,4.846,4.7312,0.1149,5.3349,5.3302,5.3181,5.3522
34321,1,2.4032,2.3795,0.0237,5.745,5.745,5.745,5.745
34339,1,1.8766,1.8512,0.0254,5.741,5.741,5.741,5.741
34348,1,0.5629,0.5489,0.014,5.3333,5.3333,5.3333,5.3333
34361,1,0.7767,0.7624,0.0144,5.3212,5.3212,5.3212,5.3212
34362,1,0.8131,0.7928,0.0203,5.3314,5.3314,5.3314,5.3314
34365,1,0.7139,0.6987,0.0152,5.3095,5.3095,5.3095,5.3095
34366,1,0.5157,0.5022,0.0136,5.3427,5.3427,5.3427,5.3427
34367,1,0.5701,0.553,0.0172,5.338,5.338,5.338,5.338
34368,1,0.7263,0.7059,0.0204,5.3496,5.3496,5.3496,5.3496
34413,53,54.2661,52.7838,1.4823,5.3705,5.3543,5.3129,5.8093
34414,307,114.8252,108.7927,6.0326,5.3763,5.3381,5.3057,6.5234
34449,3,3.5267,3.485,0.0418,5.3335,5.3327,5.3222,5.3455
34450,275,202.7217,196.986,5.7357,5.3512,5.3373,4.617,6.0402
34500,1,0.2295,0.2204,0.0092,5.3315,5.3315,5.3315,5.3315
34501,2,0.5978,0.5606,0.0372,5.3274,5.3274,5.3251,5.3297
34503,1,0.285,0.2678,0.0171,5.3273,5.3273,5.3273,5.3273
34520,2,0.6472,0.6107,0.0365,5.3824,5.3824,5.3301,5.4347
34524,1,0.2641,0.2477,0.0164,5.3313,5.3313,5.3313,5.3313
34538,1,0.4604,0.4356,0.0248,5.3214,5.3214,5.3214,5.3214
34542,1,0.2397,0.2302,0.0095,5.355,5.355,5.355,5.355
34549,1,0.2347,0.2253,0.0094,5.3508,5.3508,5.3508,5.3508
34563,1,0.314,0.2946,0.0193,5.3462,5.3462,5.3462,5.3462
34564,1,0.498,0.4748,0.0232,5.3382,5.3382,5.3382,5.3382
34565,1,0.267,0.2491,0.0179,5.3278,5.3278,5.3278,5.3278
34566,1,0.3195,0.3007,0.0188,5.3369,5.3369,5.3369,5.3369
34567,1,0.3642,0.3432,0.021,5.3224,5.3224,5.3224,5.3224
34568,1,0.6548,0.6269,0.0278,5.3426,5.3426,5.3426,5.3426
34591,1,1.8292,1.7575,0.0716,5.6501,5.6501,5.6501,5.6501
34592,2,0.4636,0.4361,0.0275,5.4837,5.4837,5.3827,5.5847
34643,2,0.9286,0.8843,0.0444,5.4063,5.4063,5.3391,5.4735
34644,4,1.8952,1.8045,0.0907,5.3684,5.3323,5.3153,5.4939
34668,1,0.5422,0.5173,0.025,5.3226,5.3226,5.3226,5.3226
34676,1,0.4735,0.4525,0.021,5.3308,5.3308,5.3308,5.3308
34679,13,8.8937,8.5808,0.313,5.45,5.3948,5.3246,5.7282
34686,11,6.7737,6.5464,0.2273,5.3354,5.3321,5.3096,5.3698
34687,1,0.3929,0.3736,0.0193,5.3238,5.3238,5.3238,5.3238
34691,1,0.4267,0.4079,0.0189,5.3271,5.3271,5.3271,5.3271
34700,1,0.4859,0.4664,0.0195,5.608,5.608,5.608,5.608
34705,1,0.3747,0.3566,0.018,5.3442,5.3442,5.3442,5.3442
34726,6,4.4318,4.2964,0.1355,5.3378,5.3322,5.3251,5.3666
34736,36,32.371,31.8247,0.5463,5.3728,5.3343,5.3172,5.8875
34763,12,4.8327,4.5861,0.2466,5.4896,5.3406,5.3192,6.1461
34768,1,0.2059,0.196,0.0099,5.3352,5.3352,5.3352,5.3352
34784,1,0.1881,0.1716,0.0165,5.3391,5.3391,5.3391,5.3391
34816,1,0.3509,0.3256,0.0252,5.5052,5.5052,5.5052,5.5052
34831,1,0.2085,0.1989,0.0096,5.3176,5.3176,5.3176,5.3176
34846,1,0.596,0.5664,0.0296,5.3548,5.3548,5.3548,5.3548
34847,1,0.5847,0.5593,0.0254,5.3503,5.3503,5.3503,5.3503
34848,1,0.2668,0.2473,0.0196,5.3254,5.3254,5.3254,5.3254
34850,1,0.7302,0.6977,0.0325,5.4564,5.4564,5.4564,5.4564
34851,1,0.193,0.1797,0.0133,5.3363,5.3363,5.3363,5.3363
34853,258,120.644,115.5651,5.0789,5.3525,5.3343,5.3047,5.7794
34854,1,0.5247,0.5064,0.0183,5.3254,5.3254,5.3254,5.3254
34859,4,5.5367,5.4394,0.0973,5.5094,5.4838,5.3325,5.7374
34887,33,18.3779,17.5891,0.7888,5.3489,5.3427,5.319,5.545
34888,43,17.5492,16.6436,0.9055,5.4123,5.3397,5.3101,5.8653
34890,7,4.3843,4.2813,0.1031,5.3354,5.3299,5.3242,5.3606
34901,1,0.7209,0.7056,0.0153,5.3252,5.3252,5.3252,5.3252
34967,3,10.3415,10.2084,0.1331,5.4177,5.3342,5.326,5.5927
34974,2,6.9562,6.8886,0.0675,5.4725,5.4725,5.3794,5.5656
34985,135,112.706,109.2814,3.4245,5.4148,5.3424,5.3085,6.9576
34988,1,0.2401,0.2298,0.0103,5.343,5.343,5.343,5.343
34989,1,0.3606,0.3407,0.02,5.3118,5.3118,5.3118,5.3118
34993,1,0.4879,0.4656,0.0223,5.3083,5.3083,5.3083,5.3083
34999,1,0.6674,0.6413,0.0261,5.3396,5.3396,5.3396,5.3396
35006,310,195.5624,189.5082,6.0542,5.36,5.3383,5.3123,6.4318
35007,168,81.771,78.242,3.5291,5.3893,5.3348,5.3072,6.3478
35017,1,0.4495,0.423,0.0264,5.6894,5.6894,5.6894,5.6894
35023,2,1.4541,1.3928,0.0612,5.5189,5.5189,5.358,5.6797
35034,1,1.1936,1.1463,0.0473,5.612,5.612,5.612,5.612
35035,1,0.2958,0.2781,0.0177,5.3341,5.3341,5.3341,5.3341
35039,1,1.6698,1.6032,0.0666,5.7846,5.7846,5.7846,5.7846
35040,1,0.2087,0.1973,0.0114,5.3472,5.3472,5.3472,5.3472
35129,3,0.7325,0.683,0.0495,5.3275,5.3278,5.3143,5.3404
35139,3,0.6463,0.6105,0.0358,5.3527,5.3558,5.3249,5.3773
35170,4,1.0769,1.0196,0.0574,5.3373,5.3379,5.3285,5.3451
35171,2,0.7102,0.6698,0.0404,5.318,5.318,5.3169,5.3191
35174,15,6.56,6.2024,0.3576,5.7753,5.807,5.5994,5.8694
35176,1,2.6932,2.6221,0.0711,5.5851,5.5851,5.5851,5.5851
35182,148,68.2105,64.7456,3.4649,5.4005,5.3467,5.3111,6.0169
35183,2,2.2907,2.1929,0.0978,5.4945,5.4945,5.3502,5.6388
35185,1,0.4018,0.3784,0.0234,5.3415,5.3415,5.3415,5.3415
35204,1,0.2224,0.212,0.0104,5.3244,5.3244,5.3244,5.3244
35206,1,0.2175,0.2061,0.0114,5.3261,5.3261,5.3261,5.3261
35207,18,6.054,5.7823,0.2718,5.4174,5.3403,5.3245,5.8322
35211,18,16.8274,16.5509,0.2764,5.4116,5.3371,5.3241,5.9432
35212,20,16.8069,16.4773,0.3296,5.3583,5.3323,5.3091,5.769
35217,1,5.9039,5.8506,0.0533,5.8279,5.8279,5.8279,5.8279
35224,1,0.914,0.8951,0.0189,5.3406,5.3406,5.3406,5.3406
35233,3,1.7251,1.6734,0.0517,5.3371,5.3304,5.3264,5.3545
35243,204,106.5868,102.4087,4.1781,5.3643,5.3373,5.3116,5.9012
35244,252,118.6164,113.2519,5.3645,5.3395,5.3398,4.2255,5.7551
35259,21,6.7142,6.3034,0.4108,5.3824,5.337,5.3166,5.6654
35261,1,16.6942,16.4009,0.2933,5.6936,5.6936,5.6936,5.6936
35272,10,23.1106,22.9094,0.2012,5.3538,5.3346,5.3133,5.5316
35273,11,17.0856,16.9044,0.1813,5.3622,5.3293,5.3112,5.4679
35334,1,1.2589,1.2398,0.019,5.5538,5.5538,5.5538,5.5538
35358,1,1.1948,1.1776,0.0172,5.3685,5.3685,5.3685,5.3685
35359,1,1.5452,1.5241,0.0211,5.3372,5.3372,5.3372,5.3372
35362,1,0.8829,0.8703,0.0126,5.3978,5.3978,5.3978,5.3978
35367,1,1.3214,1.3017,0.0196,5.4999,5.4999,5.4999,5.4999
35368,1,0.8672,0.8514,0.0158,5.3785,5.3785,5.3785,5.3785
35369,1,1.3028,1.2859,0.0169,5.3387,5.3387,5.3387,5.3387
35370,1,0.9827,0.9665,0.0162,5.3233,5.3233,5.3233,5.3233
35373,3,50.8982,49.8719,1.0263,5.7044,5.7129,5.686,5.7141
35393,1,6.1843,6.1443,0.04,5.7756,5.7756,5.7756,5.7756
35428,1,0.5475,0.5298,0.0177,5.3209,5.3209,5.3209,5.3209
35439,27,50.5713,50.0249,0.5465,5.4188,5.3379,5.3118,6.0448
35490,1,0.6329,0.6167,0.0162,5.3335,5.3335,5.3335,5.3335
35505,1,0.7602,0.7452,0.0151,5.3523,5.3523,5.3523,5.3523
35527,1,1.1828,1.1617,0.0211,5.326,5.326,5.326,5.326
35533,6,7.142,7.0146,0.1274,5.3497,5.3288,5.3209,5.4552
35537,2,1.6854,1.6548,0.0307,5.4147,5.4147,5.3203,5.5092
35542,1,0.5855,0.5701,0.0154,5.3244,5.3244,5.3244,5.3244
35543,1,0.5429,0.5264,0.0166,5.4528,5.4528,5.4528,5.4528
35545,1,0.4857,0.4709,0.0148,5.3347,5.3347,5.3347,5.3347
35602,1,0.5993,0.5821,0.0172,5.3426,5.3426,5.3426,5.3426
35612,3,2.3707,2.3143,0.0564,5.3497,5.3463,5.3394,5.3633
35622,1,1.077,1.0577,0.0193,5.33,5.33,5.33,5.33
35639,6,4.8196,4.7133,0.1064,5.3591,5.3492,5.3213,5.4294
35641,1,0.5234,0.5072,0.0162,5.3268,5.3268,5.3268,5.3268
35654,4,2.9379,2.8685,0.0693,5.3508,5.3496,5.3283,5.3758
35678,1,0.9742,0.9558,0.0184,5.35,5.35,5.35,5.35
35679,1,1.5656,1.5388,0.0268,5.331,5.331,5.331,5.331
35680,1,0.5309,0.5156,0.0153,5.329,5.329,5.329,5.329
35681,1,0.5581,0.5415,0.0166,5.3833,5.3833,5.3833,5.3833
35682,1,0.5803,0.5624,0.0179,5.3193,5.3193,5.3193,5.3193
35688,104,212.4238,207.9689,4.4549,5.484,5.3753,5.3077,6.3579
35695,1,0.7695,0.7507,0.0188,5.3978,5.3978,5.3978,5.3978
35737,47,29.5466,28.529,1.0176,5.3619,5.347,5.3197,5.5916
35741,7,3.2589,3.0596,0.1992,5.3541,5.3316,5.3221,5.4865
35742,7,6.4736,6.2094,0.2642,5.4144,5.3441,5.3201,5.5342
35746,9,3.187,3.0188,0.1681,5.3614,5.3504,5.3183,5.4801
35760,9,11.1678,10.9047,0.2631,5.3827,5.3269,5.3099,5.53
35783,6,5.677,5.5138,0.1632,5.3361,5.3417,5.3163,5.3516
35784,2,1.5131,1.4637,0.0494,5.3801,5.3801,5.3225,5.4378
35799,1,0.3087,0.2917,0.017,5.3279,5.3279,5.3279,5.3279
35817,1,0.2643,0.2483,0.016,5.3484,5.3484,5.3484,5.3484
35844,1,0.3525,0.3331,0.0194,5.35,5.35,5.35,5.35
35845,5,1.68,1.5795,0.1005,5.3511,5.355,5.3238,5.3683
35846,1,0.2913,0.2727,0.0186,5.3337,5.3337,5.3337,5.3337
35851,1,0.359,0.3375,0.0214,5.3103,5.3103,5.3103,5.3103
35852,1,0.3689,0.3465,0.0224,5.3443,5.3443,5.3443,5.3443
35860,1,0.3305,0.3103,0.0202,5.3794,5.3794,5.3794,5.3794
35866,1,0.2906,0.2729,0.0178,5.3292,5.3292,5.3292,5.3292
35876,3,2.0819,2.0022,0.0797,5.3493,5.3462,5.3419,5.3599
35877,3,0.8931,0.8491,0.044,5.3347,5.3312,5.3309,5.3419
35920,2,0.6858,0.635,0.0507,5.3577,5.3577,5.3401,5.3753
35921,2,0.4756,0.453,0.0226,5.3394,5.3394,5.3343,5.3444
35931,1,0.2336,0.2242,0.0095,5.3311,5.3311,5.3311,5.3311
35941,121,45.769,43.2922,2.4769,5.3553,5.3376,5.3097,5.7851
35942,2,0.8452,0.8019,0.0433,5.3557,5.3557,5.3545,5.3569
35946,1,0.3956,0.3739,0.0217,5.3444,5.3444,5.3444,5.3444
35959,1,0.3228,0.3019,0.0208,5.3446,5.3446,5.3446,5.3446
35961,1,0.2366,0.2257,0.0109,5.3402,5.3402,5.3402,5.3402
35979,1,0.2084,0.1941,0.0143,5.3356,5.3356,5.3356,5.3356
35982,1,0.4918,0.4638,0.028,5.7494,5.7494,5.7494,5.7494
35983,1,0.2272,0.2169,0.0103,5.3338,5.3338,5.3338,5.3338
35999,1,0.465,0.4405,0.0244,5.3653,5.3653,5.3653,5.3653
36021,1,0.3078,0.287,0.0207,5.3286,5.3286,5.3286,5.3286
36072,52,18.6799,17.5201,1.1598,5.4107,5.3338,5.3113,6.5703
36081,1,0.3128,0.2975,0.0153,5.3327,5.3327,5.3327,5.3327
36097,1,0.5038,0.4817,0.0221,5.3233,5.3233,5.3233,5.3233
36098,1,0.592,0.5686,0.0234,5.3274,5.3274,5.3274,5.3274
36103,1,0.4062,0.3889,0.0173,5.3214,5.3214,5.3214,5.3214
36123,5,2.6392,2.5363,0.1029,5.355,5.3386,5.3251,5.3973
36127,1,0.6828,0.659,0.0238,5.3697,5.3697,5.3697,5.3697
36132,21,17.9702,17.3975,0.5727,5.3921,5.3309,5.3128,5.6214
36133,9,6.9997,6.7595,0.2402,5.4174,5.3765,5.3371,5.5576
36214,1,0.7884,0.762,0.0265,5.4607,5.4607,5.4607,5.4607
36215,2,0.887,0.8429,0.0441,5.3557,5.3557,5.3273,5.3841
36225,3,0.8421,0.7892,0.0528,5.3234,5.3252,5.313,5.332
36226,1,0.3212,0.3018,0.0193,5.3286,5.3286,5.3286,5.3286
36229,7,5.6834,5.5425,0.1409,5.3393,5.3356,5.3266,5.3538
36249,260,186.6799,181.6063,5.0736,5.3541,5.3406,5.3082,5.8425
36250,9,5.8816,5.6807,0.2008,5.3637,5.3382,5.3292,5.5825
36262,1,0.2295,0.2203,0.0092,5.3308,5.3308,5.3308,5.3308
36288,1,0.4607,0.4342,0.0265,5.3468,5.3468,5.3468,5.3468
36309,1,0.2165,0.2069,0.0096,5.3486,5.3486,5.3486,5.3486
36371,7,1.6382,1.5571,0.0812,5.332,5.3271,5.3231,5.3568
36390,1,0.3903,0.3676,0.0227,5.3672,5.3672,5.3672,5.3672
36407,1,0.2299,0.2197,0.0102,5.3348,5.3348,5.3348,5.3348
36410,1,0.2489,0.236,0.0129,5.3257,5.3257,5.3257,5.3257
36413,84,48.2956,46.4952,1.8004,5.3619,5.3311,5.3122,5.7516
36435,1,1.0058,0.9868,0.019,5.3358,5.3358,5.3358,5.3358
36452,1,0.6776,0.6642,0.0134,5.3311,5.3311,5.3311,5.3311
36501,3,2.6228,2.5747,0.0481,5.5145,5.3257,5.3141,5.9038
36532,1,1.1649,1.1453,0.0196,5.3673,5.3673,5.3673,5.3673
36537,209,304.6218,299.6173,5.0045,5.4341,5.3752,5.3114,5.9059
36538,1,0.9137,0.8886,0.0251,5.3301,5.3301,5.3301,5.3301
36539,1,0.4068,0.3918,0.015,5.332,5.332,5.332,5.332
36541,1,0.7014,0.6806,0.0209,5.3447,5.3447,5.3447,5.3447
36547,2,0.9132,0.8794,0.0338,5.3561,5.3561,5.3238,5.3885
36587,20,16.3821,15.9622,0.4199,5.3792,5.3424,5.3143,5.728
36592,1,0.3695,0.3532,0.0163,5.3385,5.3385,5.3385,5.3385
36610,2,2.7524,2.6918,0.0606,6.2684,6.2684,6.0339,6.503
36612,1,1.2957,1.2684,0.0273,5.3398,5.3398,5.3398,5.3398
36616,1,0.5976,0.5765,0.0211,5.3636,5.3636,5.3636,5.3636
36641,1,0.9843,0.9647,0.0196,5.3418,5.3418,5.3418,5.3418
36642,1,0.3847,0.3699,0.0148,5.3384,5.3384,5.3384,5.3384
36643,1,0.3612,0.3457,0.0155,5.3363,5.3363,5.3363,5.3363
36644,1,0.709,0.6872,0.0217,5.8239,5.8239,5.8239,5.8239
36685,1,0.4408,0.4242,0.0167,5.3837,5.3837,5.3837,5.3837
36688,4,2.9184,2.8621,0.0563,5.3908,5.3281,5.3223,5.5846
36730,1,1.2911,1.2735,0.0176,5.3761,5.3761,5.3761,5.3761
36767,1,2.4781,2.4525,0.0255,5.3284,5.3284,5.3284,5.3284
36771,1,0.6086,0.5984,0.0103,5.3541,5.3541,5.3541,5.3541
36773,1,1.0209,1.0043,0.0167,5.3401,5.3401,5.3401,5.3401
36774,1,1.523,1.502,0.0211,5.6692,5.6692,5.6692,5.6692
36775,1,0.9599,0.9424,0.0176,5.3249,5.3249,5.3249,5.3249
36798,91,56.8703,54.9519,1.9184,5.4003,5.3362,5.3056,6.1333
36823,8,6.1248,5.8792,0.2455,5.561,5.5746,5.3818,5.6836
36855,1,0.3275,0.307,0.0205,5.355,5.355,5.355,5.355
36859,1,2.5432,2.3899,0.1534,5.5515,5.5515,5.5515,5.5515
36871,8,11.2699,10.8546,0.4153,5.3862,5.331,5.3252,5.7442
36872,12,5.7049,5.4096,0.2954,5.413,5.3403,5.3218,5.7819
36888,1,0.4025,0.3773,0.0252,5.6114,5.6114,5.6114,5.6114
36893,30,9.5445,9.0616,0.4829,5.3491,5.3281,5.3026,5.4935
36897,1,0.8255,0.8006,0.0249,5.3354,5.3354,5.3354,5.3354
36912,74,32.2482,30.6737,1.5745,5.3756,5.3402,5.3096,6.0228
36913,1,0.3279,0.3096,0.0184,5.3142,5.3142,5.3142,5.3142
36921,1,0.4029,0.3783,0.0246,5.9523,5.9523,5.9523,5.9523
36923,1,0.2353,0.2255,0.0098,5.3331,5.3331,5.3331,5.3331
36924,1,0.3732,0.3497,0.0235,5.3408,5.3408,5.3408,5.3408
36927,1,0.2878,0.2688,0.0191,5.3353,5.3353,5.3353,5.3353
37022,21,7.6104,7.1814,0.4291,5.3801,5.3461,5.3163,5.8172
37023,321,226.6147,219.642,6.9727,5.3833,5.3324,5.3082,6.4818
37036,1,0.3153,0.2968,0.0185,5.3459,5.3459,5.3459,5.3459
37038,4,1.6463,1.578,0.0683,5.4388,5.3369,5.3288,5.7527
37047,14,12.4926,12.1532,0.3394,5.4476,5.3667,5.321,5.9601
37051,1,0.4167,0.4006,0.0161,5.3216,5.3216,5.3216,5.3216
37059,1,0.5981,0.5806,0.0176,5.3117,5.3117,5.3117,5.3117
37060,1,0.4025,0.3862,0.0163,5.3329,5.3329,5.3329,5.3329
37063,1,0.385,0.37,0.0151,5.3524,5.3524,5.3524,5.3524
37064,1,4.727,4.6635,0.0635,5.5521,5.5521,5.5521,5.5521
37080,2,2.5068,2.4584,0.0484,5.4752,5.4752,5.4732,5.4772
37081,1,0.562,0.5423,0.0197,5.3085,5.3085,5.3085,5.3085
37094,30,11.2345,10.6924,0.5422,5.3419,5.332,5.3151,5.4324
37109,229,103.1943,98.1647,5.0296,5.3607,5.338,5.3095,5.7087
37110,10,2.9642,2.7721,0.1921,5.3407,5.3396,5.3081,5.3759
37114,2,0.5778,0.5481,0.0297,5.5162,5.5162,5.3266,5.7058
37122,80,81.9981,80.5789,1.4192,5.3733,5.3303,5.3118,5.9895
37124,1,1.9679,1.949,0.0189,5.6249,5.6249,5.6249,5.6249
37207,1,1.1418,1.1285,0.0133,5.3103,5.3103,5.3103,5.3103
37238,107,116.5396,113.8833,2.6563,5.3842,5.3363,5.3108,5.7812
37239,205,149.4983,144.2474,5.2508,5.3895,5.3576,5.3044,5.8484
37245,1,2.3048,2.2367,0.0681,5.581,5.581,5.581,5.581
37249,1,0.2957,0.275,0.0206,5.7109,5.7109,5.7109,5.7109
37251,9,6.0205,5.8539,0.1666,5.4493,5.3417,5.3202,5.8514
37253,262,124.8837,119.6824,5.2013,5.3535,5.3383,5.3123,6.3815
37254,11,3.3927,3.1999,0.1928,5.3327,5.3335,5.317,5.3428
37255,1,0.3366,0.3164,0.0202,5.3549,5.3549,5.3549,5.3549
37256,1,0.3356,0.3146,0.021,5.3467,5.3467,5.3467,5.3467
37271,6,1.5306,1.4512,0.0794,5.3354,5.3331,5.3295,5.3466
37272,300,181.3438,174.9593,6.3845,5.3811,5.3361,5.3045,7.2135
37287,5,4.4667,4.2796,0.1871,5.3974,5.3352,5.3198,5.6739
37318,29,11.2656,10.701,0.5646,5.3546,5.334,5.3018,5.5037
37335,2,0.5381,0.5001,0.038,5.3428,5.3428,5.3183,5.3672
37336,2,0.9316,0.8935,0.0381,5.45,5.45,5.3413,5.5588
37339,48,30.2171,28.6126,1.6045,5.4113,5.3416,5.3123,6.7673
37340,14,67.665,66.265,1.4,5.4671,5.368,5.3146,5.6812
37354,1,0.815,0.7955,0.0195,5.3829,5.3829,5.3829,5.3829
37355,1,1.1266,1.103,0.0236,5.4568,5.4568,5.4568,5.4568
37356,1,0.8851,0.8656,0.0195,5.3261,5.3261,5.3261,5.3261
37365,1,1.2408,1.2232,0.0176,5.8134,5.8134,5.8134,5.8134
37369,1,0.8894,0.8686,0.0208,5.9367,5.9367,5.9367,5.9367
37372,1,1.0028,0.9815,0.0213,5.3273,5.3273,5.3273,5.3273
37380,10,27.7457,27.4819,0.2637,5.4408,5.3597,5.3261,5.7626
37399,2,1.8661,1.8283,0.0379,5.3263,5.3263,5.3189,5.3337
37400,2,7.2082,7.1259,0.0823,5.5044,5.5044,5.3408,5.668
37409,4,5.769,5.6797,0.0893,5.3533,5.3427,5.334,5.3937
37432,6,7.3061,7.1422,0.164,5.39,5.3613,5.3224,5.5612
37433,1,0.5465,0.52,0.0265,5.9046,5.9046,5.9046,5.9046
37444,52,15.5902,14.6644,0.9258,5.3443,5.3359,5.3125,5.491
37457,10,4.8113,4.5529,0.2584,5.478,5.3424,5.319,6.0171
37460,1,0.2757,0.2573,0.0184,5.3295,5.3295,5.3295,5.3295
37473,349,150.5125,143.2666,7.2459,5.3518,5.3412,5.2965,5.7684
37474,67,62.3207,60.8084,1.5124,5.464,5.3351,5.3054,6.742
37507,9,6.0424,5.8499,0.1925,5.4253,5.3341,5.318,5.8403
37545,1,0.5908,0.5689,0.0219,5.8444,5.8444,5.8444,5.8444
37551,1,0.3705,0.3537,0.0169,5.3317,5.3317,5.3317,5.3317
37552,1,0.5085,0.4878,0.0207,5.3553,5.3553,5.3553,5.3553
37553,1,0.4181,0.3984,0.0197,5.3213,5.3213,5.3213,5.3213
37589,4,1.3771,1.3148,0.0622,5.3246,5.3245,5.3227,5.3267
37590,5,3.7274,3.6083,0.1191,5.6936,5.7791,5.3158,6.0497
37649,2,4.1817,4.0726,0.1091,5.4881,5.4881,5.3598,5.6165
37661,1,0.3326,0.3106,0.022,5.3283,5.3283,5.3283,5.3283
37672,1,0.3963,0.3723,0.024,5.4737,5.4737,5.4737,5.4737
37688,1,0.3172,0.2978,0.0195,5.3225,5.3225,5.3225,5.3225
37696,1,0.2951,0.2761,0.0191,5.3315,5.3315,5.3315,5.3315
37698,1,0.4124,0.3894,0.023,5.3353,5.3353,5.3353,5.3353
37769,7,1.9243,1.8204,0.1039,5.3416,5.3377,5.3242,5.3668
37803,4,0.9574,0.9012,0.0561,5.3729,5.3719,5.3296,5.4183
37832,1,0.5469,0.5332,0.0136,5.3311,5.3311,5.3311,5.3311
37842,1,1.865,1.835,0.03,6.4383,6.4383,6.4383,6.4383
37853,1,1.5452,1.5175,0.0278,5.3587,5.3587,5.3587,5.3587
37859,1,0.5872,0.5724,0.0148,5.3287,5.3287,5.3287,5.3287
37874,1,0.4887,0.4739,0.0148,5.3445,5.3445,5.3445,5.3445
37876,1,1.5927,1.567,0.0257,5.5995,5.5995,5.5995,5.5995
37882,1,1.8266,1.8085,0.0181,5.8839,5.8839,5.8839,5.8839
37904,7,8.2956,8.1357,0.1599,5.6154,5.6129,5.3212,5.9461
37918,4,3.1233,3.0314,0.0919,5.4815,5.3342,5.321,5.9366
37919,1,1.2735,1.2431,0.0304,5.6072,5.6072,5.6072,5.6072
37956,1,6.1411,6.0626,0.0785,5.6465,5.6465,5.6465,5.6465
37979,4,1.8546,1.7827,0.0719,5.3337,5.3327,5.326,5.3435
37987,1,0.4027,0.3873,0.0154,5.3357,5.3357,5.3357,5.3357
38024,1,0.5957,0.5752,0.0205,5.4933,5.4933,5.4933,5.4933
38027,1,0.5793,0.5578,0.0215,5.325,5.325,5.325,5.325
38028,1,1.0743,1.048,0.0263,5.3758,5.3758,5.3758,5.3758
38061,8,4.05,3.8852,0.1648,5.338,5.3352,5.3095,5.3727
38143,5,3.8589,3.7664,0.0925,5.3863,5.3449,5.3276,5.5696
38144,1,0.9717,0.951,0.0207,5.8412,5.8412,5.8412,5.8412
38155,1,0.562,0.5436,0.0184,5.333,5.333,5.333,5.333
38167,1,0.7215,0.7033,0.0182,5.3059,5.3059,5.3059,5.3059
38168,1,0.6428,0.6226,0.0202,5.3339,5.3339,5.3339,5.3339
38184,284,178.9732,173.2706,5.7026,5.3644,5.3353,5.3072,6.3758
38200,1,0.2526,0.2355,0.0171,5.397,5.397,5.397,5.397
38228,1,0.8522,0.8153,0.0369,6.2378,6.2378,6.2378,6.2378
38234,1,0.2283,0.2133,0.015,5.3525,5.3525,5.3525,5.3525
38235,1,0.2134,0.2015,0.0119,5.3271,5.3271,5.3271,5.3271
38237,1,0.2634,0.2453,0.0182,5.3179,5.3179,5.3179,5.3179
38238,1,0.4157,0.3959,0.0198,5.3257,5.3257,5.3257,5.3257
38271,1,0.2303,0.2153,0.0151,5.3186,5.3186,5.3186,5.3186
38354,157,84.7077,80.5336,4.1741,5.456,5.3408,5.3116,6.5483
38355,180,62.7486,59.3952,3.3534,5.3521,5.3351,5.3094,5.9852
38369,1,0.6917,0.6632,0.0286,5.8934,5.8934,5.8934,5.8934
38381,1,0.2373,0.2239,0.0134,5.3306,5.3306,5.3306,5.3306
38387,1,0.2324,0.2186,0.0138,5.3438,5.3438,5.3438,5.3438
38395,1,0.27,0.2522,0.0178,5.334,5.334,5.334,5.334
38397,1,0.2241,0.2145,0.0096,5.3392,5.3392,5.3392,5.3392
38400,7,2.3784,2.2383,0.14,5.3808,5.3265,5.3225,5.649
38405,1,0.3582,0.3388,0.0194,5.3276,5.3276,5.3276,5.3276
38406,1,0.2897,0.2756,0.0141,5.3411,5.3411,5.3411,5.3411
38418,1,0.4474,0.4281,0.0193,5.3325,5.3325,5.3325,5.3325
38422,2,1.1646,1.1196,0.045,5.5,5.5,5.3339,5.6661
38464,22,18.8107,18.3274,0.4834,5.5376,5.5577,5.3152,5.8748
38467,6,8.7848,8.6702,0.1146,5.3494,5.3482,5.3167,5.3824
38482,1,8.019,7.941,0.078,5.6616,5.6616,5.6616,5.6616
38483,2,2.3775,2.3333,0.0442,5.3601,5.3601,5.3361,5.3842
38486,1,0.5545,0.5388,0.0157,5.4168,5.4168,5.4168,5.4168
38490,1,0.7494,0.7318,0.0176,5.319,5.319,5.319,5.319
38502,1,0.5725,0.5572,0.0153,5.3336,5.3336,5.3336,5.3336
38503,1,0.5347,0.5195,0.0152,5.3591,5.3591,5.3591,5.3591
38522,1,0.5575,0.5434,0.0141,5.3701,5.3701,5.3701,5.3701
38523,1,2.57,2.5418,0.0282,5.5458,5.5458,5.5458,5.5458
38524,1,0.5659,0.5498,0.0161,5.3331,5.3331,5.3331,5.3331
38530,1,1.2633,1.2432,0.0201,5.732,5.732,5.732,5.732
38566,5,7.6313,7.5354,0.0959,5.6303,5.5516,5.3293,5.9767
38571,1,0.7157,0.6961,0.0196,5.34,5.34,5.34,5.34
38572,3,3.7475,3.6879,0.0596,5.5907,5.6038,5.385,5.7832
38576,1,0.573,0.5605,0.0125,5.326,5.326,5.326,5.326
38597,1,0.6333,0.617,0.0164,5.3303,5.3303,5.3303,5.3303
38611,1,0.6929,0.6752,0.0177,5.3712,5.3712,5.3712,5.3712
38622,6,10.9936,10.8375,0.1561,5.4702,5.343,5.3339,5.7915
38625,1,0.5769,0.5587,0.0181,5.3334,5.3334,5.3334,5.3334
38632,1,0.8245,0.8046,0.0198,5.3235,5.3235,5.3235,5.3235
38637,1,0.7692,0.7431,0.0261,5.3171,5.3171,5.3171,5.3171
38638,1,0.4816,0.4657,0.0159,5.3362,5.3362,5.3362,5.3362
38639,1,0.4607,0.446,0.0147,5.3246,5.3246,5.3246,5.3246
38672,301,142.7131,136.557,6.1561,5.3513,5.3394,5.3092,5.9915
38699,3,0.77,0.7176,0.0525,5.3369,5.3343,5.3303,5.3461
38700,1,0.3299,0.3081,0.0218,5.413,5.413,5.413,5.413
38744,1,0.5174,0.492,0.0254,5.6954,5.6954,5.6954,5.6954
38782,1,0.2611,0.2421,0.0191,5.3288,5.3288,5.3288,5.3288
38783,2,0.5952,0.5593,0.0359,5.528,5.528,5.3473,5.7088
38803,1,0.9003,0.8835,0.0168,5.3223,5.3223,5.3223,5.3223
38804,1,0.6247,0.6153,0.0094,5.3682,5.3682,5.3682,5.3682
38805,1,0.6581,0.647,0.0111,5.3277,5.3277,5.3277,5.3277
38806,1,0.6339,0.6248,0.0091,5.3327,5.3327,5.3327,5.3327
38867,1,0.7194,0.7047,0.0147,5.3215,5.3215,5.3215,5.3215
38884,3,3.06,3.0161,0.0439,5.5523,5.3506,5.3471,5.9591
38900,1,1.5377,1.5224,0.0153,5.8298,5.8298,5.8298,5.8298
38915,2,1.8738,1.8391,0.0346,5.3661,5.3661,5.3274,5.4049
38934,1,0.7729,0.7589,0.014,5.3285,5.3285,5.3285,5.3285
38936,1,0.7038,0.6887,0.0151,5.3706,5.3706,5.3706,5.3706
38945,2,4.3572,4.3072,0.05,5.818,5.818,5.3413,6.2948
38946,1,0.8316,0.8154,0.0162,5.3204,5.3204,5.3204,5.3204
38951,11,11.8035,11.6096,0.194,5.3389,5.333,5.3116,5.4022
38961,1,0.655,0.6416,0.0134,5.3275,5.3275,5.3275,5.3275
38988,1,0.6276,0.6141,0.0135,5.3233,5.3233,5.3233,5.3233
38994,2,1.959,1.9241,0.0349,5.3397,5.3397,5.3366,5.3428
38996,1,1.4963,1.4823,0.014,5.7789,5.7789,5.7789,5.7789
38998,1,0.7956,0.7826,0.013,5.3304,5.3304,5.3304,5.3304
38999,1,0.6813,0.6695,0.0118,5.3284,5.3284,5.3284,5.3284
39032,103,146.6416,143.9136,2.728,5.4421,5.3381,5.3107,6.8356
39033,9,6.551,6.3816,0.1694,5.3278,5.3283,5.3108,5.3464
39082,10,6.3618,6.1749,0.1869,5.3342,5.3295,5.3111,5.3665
39084,1,0.9242,0.902,0.0222,5.3412,5.3412,5.3412,5.3412
39093,14,10.8002,10.5293,0.2709,5.3664,5.3284,5.3049,5.6965
39121,5,2.8974,2.8041,0.0933,5.4423,5.3811,5.3343,5.6205
39122,4,2.82,2.739,0.081,5.4082,5.3264,5.3194,5.6606
39123,1,0.6573,0.6395,0.0178,5.355,5.355,5.355,5.355
39133,1,0.6028,0.5841,0.0186,5.3466,5.3466,5.3466,5.3466
39139,1,1.0958,1.0714,0.0245,5.8608,5.8608,5.8608,5.8608
39140,1,1.2557,1.2303,0.0254,5.4398,5.4398,5.4398,5.4398
39154,1,2.7062,2.6718,0.0344,5.7645,5.7645,5.7645,5.7645
39157,1,0.5704,0.551,0.0194,5.3385,5.3385,5.3385,5.3385
39158,1,0.8546,0.8326,0.022,5.3638,5.3638,5.3638,5.3638
39159,19,14.6483,14.3478,0.3004,5.366,5.338,5.309,5.8593
39160,4,3.2224,3.1818,0.0406,5.3491,5.3509,5.3187,5.3757
39176,1,2.7378,2.7125,0.0253,5.751,5.751,5.751,5.751
39204,1,0.9344,0.9192,0.0152,5.3168,5.3168,5.3168,5.3168
39205,1,3.3178,3.2947,0.0232,5.8851,5.8851,5.8851,5.8851
39225,6,11.6038,11.4931,0.1107,5.3886,5.3331,5.3255,5.5635
39226,1,0.6479,0.638,0.01,5.3284,5.3284,5.3284,5.3284
39228,3,3.6865,3.6429,0.0435,5.5561,5.4047,5.3335,5.9302
39229,1,2.6664,2.6462,0.0201,5.8376,5.8376,5.8376,5.8376
39235,1,1.3439,1.3268,0.0171,5.3469,5.3469,5.3469,5.3469
39241,4,12.7899,12.6336,0.1563,5.4272,5.3432,5.3266,5.6959
39242,1,0.6334,0.6219,0.0115,5.3271,5.3271,5.3271,5.3271
39248,1,1.4304,1.4142,0.0163,5.3435,5.3435,5.3435,5.3435
39250,1,0.9011,0.8888,0.0123,5.334,5.334,5.334,5.334
39252,1,0.7351,0.7257,0.0094,5.3286,5.3286,5.3286,5.3286
39275,4,15.6846,15.5152,0.1694,5.7534,5.8423,5.3387,5.9904
39310,1,2.2556,2.2254,0.0302,5.3619,5.3619,5.3619,5.3619
39311,19,22.4968,22.148,0.3489,5.4261,5.3602,5.3087,5.9
39321,1,1.4832,1.4605,0.0227,5.3258,5.3258,5.3258,5.3258
39326,1,0.7407,0.7228,0.0179,5.3242,5.3242,5.3242,5.3242
39327,7,9.9909,9.8419,0.1489,5.368,5.3334,5.3177,5.5407
39328,204,175.9785,171.77,4.2085,5.3676,5.3381,5.3068,5.8351
39353,6,2.302,2.1816,0.1204,5.3658,5.3675,5.3076,5.4153
39364,1,0.2706,0.2539,0.0167,5.3211,5.3211,5.3211,5.3211
39366,1,0.2148,0.2035,0.0112,5.319,5.319,5.319,5.319
39369,1,0.2042,0.1939,0.0103,5.3216,5.3216,5.3216,5.3216
39371,1,0.3125,0.2932,0.0193,5.3345,5.3345,5.3345,5.3345
39372,1,0.2294,0.2144,0.015,5.3703,5.3703,5.3703,5.3703
39373,1,0.8596,0.8288,0.0308,5.4504,5.4504,5.4504,5.4504
39374,3,2.6501,2.5608,0.0893,5.4924,5.5657,5.3258,5.5857
39385,1,0.3575,0.3351,0.0224,5.354,5.354,5.354,5.354
39387,5,2.4323,2.3056,0.1266,5.4042,5.3373,5.3276,5.673
39388,1,0.2872,0.2656,0.0216,5.3185,5.3185,5.3185,5.3185
39389,2,0.9682,0.9191,0.0491,5.3298,5.3298,5.3297,5.33
39410,1,0.4576,0.4324,0.0251,5.3236,5.3236,5.3236,5.3236
39413,1,0.2329,0.2169,0.016,5.3095,5.3095,5.3095,5.3095
39417,2,0.5583,0.5226,0.0357,5.4071,5.4071,5.3627,5.4516
39418,1,0.2535,0.2341,0.0194,5.3253,5.3253,5.3253,5.3253
39434,1,0.2142,0.2008,0.0133,5.3259,5.3259,5.3259,5.3259
39444,1,0.1927,0.1783,0.0144,5.4124,5.4124,5.4124,5.4124
39480,1,0.1911,0.178,0.0131,5.3334,5.3334,5.3334,5.3334
39481,2,0.4115,0.3811,0.0304,5.3463,5.3463,5.3424,5.3502
39501,3,0.8643,0.8052,0.0591,5.436,5.4601,5.3291,5.5187
39509,1,0.2812,0.2613,0.0199,5.3611,5.3611,5.3611,5.3611
39519,23,10.1294,9.7047,0.4247,5.3858,5.349,5.2965,5.7122
39525,1,0.7877,0.7645,0.0231,5.3654,5.3654,5.3654,5.3654
39536,1,0.3893,0.3709,0.0185,5.4382,5.4382,5.4382,5.4382
39539,1,0.3574,0.3423,0.0151,5.3801,5.3801,5.3801,5.3801
39542,2,7.5946,7.446,0.1487,5.7499,5.7499,5.3307,6.1691
39558,1,0.5064,0.4866,0.0198,5.3139,5.3139,5.3139,5.3139
39565,3,2.2908,2.2231,0.0678,5.515,5.3622,5.3284,5.8545
39585,5,2.241,2.1542,0.0868,5.3253,5.3266,5.3074,5.3422
39589,3,6.8087,6.6529,0.1559,5.5465,5.3343,5.3313,5.9739
39593,3,1.5794,1.5203,0.0592,5.3503,5.3362,5.3202,5.3946
39605,1,0.3792,0.3583,0.0208,5.3316,5.3316,5.3316,5.3316
39606,1,0.4391,0.417,0.0221,5.355,5.355,5.355,5.355
39607,5,2.5045,2.4019,0.1026,5.3377,5.3435,5.3176,5.3559
39608,5,6.4548,6.2789,0.1759,5.3957,5.3362,5.3214,5.6514
39631,1,0.2969,0.2867,0.0102,5.3277,5.3277,5.3277,5.3277
39638,6,4.1909,4.0509,0.14,5.3657,5.3656,5.3246,5.405
39678,2,1.3029,1.254,0.0489,5.3247,5.3247,5.3162,5.3332
39689,1,0.5472,0.5245,0.0226,5.3772,5.3772,5.3772,5.3772
39699,1,0.5325,0.51,0.0224,5.3642,5.3642,5.3642,5.3642
39722,1,0.703,0.6761,0.0269,5.3241,5.3241,5.3241,5.3241
39723,11,8.2232,7.9374,0.2858,5.4605,5.3522,5.3217,5.908
39724,158,120.4571,116.6983,3.7588,5.4131,5.3483,5.3077,6.1484
39727,1,0.2894,0.2652,0.0242,5.5404,5.5404,5.5404,5.5404
39730,1,0.1934,0.1787,0.0147,5.4178,5.4178,5.4178,5.4178
39737,1,0.1986,0.1859,0.0127,5.3299,5.3299,5.3299,5.3299
39740,1,3.1337,3.0187,0.1151,6.0475,6.0475,6.0475,6.0475
39741,1,0.2074,0.1963,0.0111,5.3306,5.3306,5.3306,5.3306
39754,2,0.5468,0.508,0.0387,5.3416,5.3416,5.3343,5.3489
39772,1,0.4497,0.4254,0.0242,5.3727,5.3727,5.3727,5.3727
39775,2,0.6772,0.6378,0.0394,5.5604,5.5604,5.3174,5.8034
39776,6,2.1852,2.0594,0.1258,5.4998,5.359,5.3334,5.8533
39780,2,1.9773,1.9381,0.0392,5.33,5.33,5.3183,5.3417
39802,2,3.2626,3.2214,0.0412,5.794,5.794,5.7662,5.8217
39824,1,1.204,1.1865,0.0176,5.339,5.339,5.339,5.339
39825,2,1.6526,1.6156,0.037,5.5723,5.5723,5.3587,5.7858
39826,13,11.6241,11.3977,0.2263,5.3773,5.3224,5.3067,5.7471
39833,1,0.6162,0.6001,0.0161,5.3225,5.3225,5.3225,5.3225
39836,1,1.1545,1.1384,0.0161,5.7324,5.7324,5.7324,5.7324
39852,1,0.529,0.5126,0.0164,5.3369,5.3369,5.3369,5.3369
39853,1,0.5325,0.5191,0.0134,5.3236,5.3236,5.3236,5.3236
39856,2,1.6292,1.5958,0.0335,5.327,5.327,5.3266,5.3274
39884,7,13.1941,13.015,0.1791,5.4127,5.3617,5.3313,5.7521
39911,1,0.6386,0.6197,0.019,5.3522,5.3522,5.3522,5.3522
39933,1,0.5372,0.5207,0.0166,5.3268,5.3268,5.3268,5.3268
39935,1,1.3172,1.2967,0.0205,5.6531,5.6531,5.6531,5.6531
39936,1,0.5973,0.5808,0.0164,5.3688,5.3688,5.3688,5.3688
39937,1,0.6477,0.6295,0.0182,5.3167,5.3167,5.3167,5.3167
39939,1,0.4579,0.4436,0.0144,5.3291,5.3291,5.3291,5.3291
39944,1,1.0083,0.9862,0.0221,5.3189,5.3189,5.3189,5.3189
39966,2,1.7662,1.7255,0.0406,5.5463,5.5463,5.3344,5.7581
39981,10,15.9994,15.6319,0.3675,5.413,5.3588,5.3206,5.6982
39999,11,15.4465,15.2046,0.2418,5.3879,5.3498,5.3145,5.727
40004,1,0.5446,0.5282,0.0164,5.4291,5.4291,5.4291,5.4291
40014,2,10.019,9.911,0.108,5.6678,5.6678,5.3326,6.003
40015,2,3.7294,3.6777,0.0517,5.5647,5.5647,5.3432,5.7861
40042,6,5.7224,5.602,0.1204,5.4631,5.4582,5.3141,5.6508
40057,1,0.5448,0.5303,0.0145,5.3313,5.3313,5.3313,5.3313
40058,1,1.2082,1.1874,0.0208,5.8866,5.8866,5.8866,5.8866
40059,1,1.3164,1.293,0.0235,5.3607,5.3607,5.3607,5.3607
40060,1,1.14,1.1218,0.0182,5.7096,5.7096,5.7096,5.7096
40100,1,0.6318,0.614,0.0178,5.3304,5.3304,5.3304,5.3304
40101,1,1.0065,0.9847,0.0218,5.3464,5.3464,5.3464,5.3464
40115,1,0.7955,0.7682,0.0273,5.3813,5.3813,5.3813,5.3813
40119,6,4.0173,3.9072,0.1101,5.3396,5.3346,5.3294,5.361
40139,134,146.8114,143.2912,3.5201,5.4206,5.3504,5.3027,5.9957
40171,1,0.3146,0.2986,0.016,5.3339,5.3339,5.3339,5.3339
40181,1,0.7323,0.706,0.0263,5.7109,5.7109,5.7109,5.7109
40182,1,0.7317,0.7072,0.0245,5.7195,5.7195,5.7195,5.7195
40183,1,0.8978,0.8659,0.0319,5.7637,5.7637,5.7637,5.7637
40205,2,0.6489,0.6134,0.0355,5.319,5.319,5.305,5.333
40233,1,1.687,1.6492,0.0378,5.7678,5.7678,5.7678,5.7678
40241,2,1.7429,1.6869,0.056,5.6858,5.6858,5.6842,5.6873
40253,2,0.904,0.8604,0.0436,5.3155,5.3155,5.3128,5.3181
40254,4,2.0411,1.9573,0.0838,5.3578,5.3502,5.3203,5.4104
40261,2,1.0268,0.9806,0.0462,5.3471,5.3471,5.3212,5.373
40266,1,0.3589,0.3414,0.0176,5.3061,5.3061,5.3061,5.3061
40267,4,1.5546,1.4784,0.0763,5.3534,5.3234,5.306,5.4607
40268,3,1.1804,1.122,0.0584,5.3271,5.3271,5.3175,5.3368
40274,1,0.2936,0.2839,0.0098,5.3306,5.3306,5.3306,5.3306
40275,1,0.4098,0.3877,0.0221,5.3652,5.3652,5.3652,5.3652
40287,10,6.0435,5.7959,0.2476,5.3787,5.3392,5.3185,5.6376
40303,1,0.3649,0.3417,0.0231,5.3323,5.3323,5.3323,5.3323
40306,1,0.3666,0.344,0.0227,5.3276,5.3276,5.3276,5.3276
40339,2,0.8017,0.7614,0.0403,5.3586,5.3586,5.3351,5.3822
40348,224,143.792,139.0992,4.6928,5.3989,5.3371,5.3111,6.556
40363,14,7.7404,7.5009,0.2395,5.36,5.3329,5.3083,5.7254
40364,23,15.1011,14.7432,0.3579,5.3384,5.3344,5.2965,5.3851
40388,1,0.6201,0.6047,0.0154,5.3349,5.3349,5.3349,5.3349
40389,1,0.616,0.5989,0.0171,5.3361,5.3361,5.3361,5.3361
40390,1,0.5752,0.5606,0.0146,5.3269,5.3269,5.3269,5.3269
40392,1,1.4442,1.4228,0.0214,5.7257,5.7257,5.7257,5.7257
40414,1,0.6353,0.6195,0.0158,5.3257,5.3257,5.3257,5.3257
40434,1,0.5547,0.545,0.0098,5.3351,5.3351,5.3351,5.3351
40448,1,0.648,0.6332,0.0148,5.3887,5.3887,5.3887,5.3887
40449,1,0.6489,0.6334,0.0155,5.3377,5.3377,5.3377,5.3377
40454,2,1.466,1.4296,0.0364,5.3396,5.3396,5.3327,5.3464
40455,1,1.3458,1.3314,0.0144,5.5336,5.5336,5.5336,5.5336
40473,3,3.4913,3.4386,0.0526,5.3415,5.3322,5.3138,5.3784
40481,1,1.084,1.065,0.019,5.347,5.347,5.347,5.347
40485,2,1.5508,1.517,0.0338,5.334,5.334,5.3185,5.3495
40486,1,0.8918,0.873,0.0189,5.3426,5.3426,5.3426,5.3426
40490,10,15.021,14.7974,0.2236,5.4886,5.3564,5.3168,5.8501
40491,1,1.0323,1.0103,0.022,5.3549,5.3549,5.3549,5.3549
40494,1,0.5984,0.581,0.0174,5.3272,5.3272,5.3272,5.3272
40516,19,16.6909,16.3298,0.3611,5.3539,5.3475,5.319,5.4236
40518,264,111.1126,105.6018,5.5108,5.3609,5.3389,5.2269,5.6903
40564,1,0.8695,0.8403,0.0292,5.7526,5.7526,5.7526,5.7526
40572,1,0.3195,0.2977,0.0218,5.3259,5.3259,5.3259,5.3259
40577,1,0.2623,0.2477,0.0146,5.3305,5.3305,5.3305,5.3305
40578,1,0.3496,0.3308,0.0187,5.3229,5.3229,5.3229,5.3229
40581,7,2.1296,2.0079,0.1217,5.3265,5.328,5.3112,5.3367
40582,2,1.5531,1.5205,0.0326,5.3461,5.3461,5.346,5.3463
40583,1,0.7128,0.6946,0.0182,5.3083,5.3083,5.3083,5.3083
40651,1,1.5114,1.4984,0.013,5.5349,5.5349,5.5349,5.5349
40662,212,358.987,352.5009,6.4861,5.5103,5.3499,4.6893,6.4322
40663,21,14.634,14.1539,0.4801,5.3765,5.3439,5.3204,5.6866
40695,4,4.5847,4.4803,0.1044,5.3756,5.3358,5.3303,5.5006
40696,1,4.0427,3.9875,0.0551,5.8729,5.8729,5.8729,5.8729
40704,1,0.3465,0.3306,0.0159,5.3304,5.3304,5.3304,5.3304
40713,20,10.0344,9.5732,0.4612,5.4119,5.3366,5.3152,6.5668
40720,1,0.4636,0.4407,0.0229,5.3466,5.3466,5.3466,5.3466
40721,1,0.9208,0.8941,0.0267,5.7318,5.7318,5.7318,5.7318
40725,1,0.7143,0.683,0.0314,5.6311,5.6311,5.6311,5.6311
40730,1,0.3161,0.2984,0.0176,5.3301,5.3301,5.3301,5.3301
40738,3,1.6432,1.5763,0.067,5.3336,5.3372,5.3252,5.3382
40755,1,0.8835,0.859,0.0245,5.7549,5.7549,5.7549,5.7549
40776,1,0.2734,0.2598,0.0136,5.3678,5.3678,5.3678,5.3678
40812,1,0.6583,0.6409,0.0174,5.3323,5.3323,5.3323,5.3323
40822,1,1.3561,1.3304,0.0256,5.5972,5.5972,5.5972,5.5972
40829,1,2.0569,2.02,0.037,5.8619,5.8619,5.8619,5.8619
40830,1,1.7762,1.7505,0.0257,5.3854,5.3854,5.3854,5.3854
40831,1,7.1079,7.062,0.0459,5.8584,5.8584,5.8584,5.8584
40872,34,33.8652,33.1338,0.7314,5.3793,5.3484,5.3126,5.5854
40888,1,0.5487,0.5253,0.0234,5.3378,5.3378,5.3378,5.3378
40889,1,0.478,0.4545,0.0235,5.3348,5.3348,5.3348,5.3348
40910,227,94.5188,89.9855,4.5333,5.3646,5.3363,5.3064,5.8456
40911,47,13.8237,12.9692,0.8545,5.3499,5.3278,5.305,5.5069
40929,1,0.206,0.1948,0.0112,5.3239,5.3239,5.3239,5.3239
40944,1,3.0294,2.916,0.1134,5.942,5.942,5.942,5.942
40950,1,8.8137,8.7677,0.0459,5.847,5.847,5.847,5.847
40957,1,0.8123,0.7965,0.0159,5.3371,5.3371,5.3371,5.3371
40992,1,0.8543,0.8376,0.0167,5.3311,5.3311,5.3311,5.3311
41008,284,271.7547,266.6996,5.055,5.3869,5.3345,5.3033,6.6884
41009,54,18.363,17.2746,1.0884,5.3656,5.3345,5.3015,5.9763
41014,1,0.2299,0.2203,0.0095,5.3366,5.3366,5.3366,5.3366
41015,1,0.2196,0.2106,0.009,5.3271,5.3271,5.3271,5.3271
41057,1,0.6383,0.6118,0.0265,5.7539,5.7539,5.7539,5.7539
41065,1,0.2552,0.2358,0.0194,5.3381,5.3381,5.3381,5.3381
41066,1,2.4875,2.3672,0.1203,5.6328,5.6328,5.6328,5.6328
41073,264,130.9334,125.1542,5.7792,5.3708,5.34,5.3016,6.6705
41074,124,67.752,64.9668,2.7851,5.444,5.3434,5.3089,6.669
41094,12,12.2517,12.05,0.2017,5.3966,5.3576,5.331,5.6883
41095,1,0.8025,0.7839,0.0186,5.3387,5.3387,5.3387,5.3387
41119,2,2.8356,2.8016,0.034,5.6155,5.6155,5.3275,5.9036
41134,293,228.5333,221.7754,6.7579,5.3711,5.3501,5.3077,5.9153
41144,2,5.6751,5.5805,0.0946,5.4308,5.4308,5.3342,5.5275
41145,1,0.7183,0.6999,0.0184,5.3644,5.3644,5.3644,5.3644
41146,1,0.5887,0.5713,0.0174,5.3336,5.3336,5.3336,5.3336
41166,11,10.2284,10.0525,0.1759,5.3479,5.3366,5.3145,5.413
41167,1,1.1226,1.1006,0.022,5.3667,5.3667,5.3667,5.3667
41168,2,9.0928,8.9961,0.0967,5.5634,5.5634,5.448,5.6787
41179,2,1.5766,1.5359,0.0408,5.4268,5.4268,5.329,5.5246
41183,3,1.6417,1.5946,0.047,5.3429,5.3448,5.3344,5.3495
41185,1,7.6291,7.5613,0.0678,5.6272,5.6272,5.6272,5.6272
41215,47,40.9687,40.1489,0.8198,5.3828,5.3494,5.3181,5.6212
41218,2,0.8166,0.7801,0.0365,5.3536,5.3536,5.3395,5.3676
41243,1,0.192,0.1773,0.0146,5.3335,5.3335,5.3335,5.3335
41244,1,1.557,1.4989,0.0581,5.7746,5.7746,5.7746,5.7746
41251,1,0.2525,0.2343,0.0182,5.3281,5.3281,5.3281,5.3281
41258,20,4.4743,4.1667,0.3077,5.3366,5.3371,5.3136,5.3775
41259,13,3.1099,2.9087,0.2012,5.3415,5.3374,5.318,5.377
41266,4,1.2548,1.1738,0.0809,5.3454,5.3275,5.3223,5.4044
41274,1,0.2069,0.1955,0.0114,5.3368,5.3368,5.3368,5.3368
41275,2,1.4887,1.4259,0.0628,5.4254,5.4254,5.3224,5.5284
41291,1,0.2299,0.212,0.0179,5.3177,5.3177,5.3177,5.3177
41306,13,5.4986,5.198,0.3006,5.4504,5.336,5.3104,5.8956
41309,1,0.2486,0.2293,0.0192,5.348,5.348,5.348,5.348
41313,1,0.4043,0.3848,0.0195,5.3129,5.3129,5.3129,5.3129
41324,1,0.5402,0.5175,0.0228,5.3744,5.3744,5.3744,5.3744
41331,4,6.0714,5.9235,0.1479,5.4234,5.3578,5.3227,5.6553
41340,3,1.4478,1.388,0.0597,5.3622,5.3394,5.3301,5.417
41356,151,85.2855,81.9785,3.307,5.3838,5.3505,5.3142,5.8899
41357,364,243.6806,235.5168,8.1638,5.373,5.3508,5.3062,5.8466
41364,1,0.6399,0.6223,0.0176,5.3824,5.3824,5.3824,5.3824
41377,1,0.603,0.5865,0.0166,5.3182,5.3182,5.3182,5.3182
41403,1,1.8817,1.8497,0.032,5.463,5.463,5.463,5.463
41413,1,0.4909,0.4761,0.0148,5.3326,5.3326,5.3326,5.3326
41421,1,0.5754,0.5582,0.0172,5.3285,5.3285,5.3285,5.3285
41436,2,1.4165,1.3799,0.0366,5.3499,5.3499,5.3253,5.3744
41437,1,0.8982,0.8777,0.0204,5.3305,5.3305,5.3305,5.3305
41510,2,5.8942,5.8057,0.0884,5.5032,5.5032,5.4471,5.5594
41511,274,194.9361,189.1178,5.8183,5.35,5.3383,4.429,5.6824
41532,1,0.5123,0.496,0.0163,5.3034,5.3034,5.3034,5.3034
41537,1,0.4385,0.4233,0.0153,5.3267,5.3267,5.3267,5.3267
41566,4,6.5827,6.4685,0.1142,5.4729,5.3381,5.3289,5.8866
41587,1,0.4157,0.398,0.0177,5.3334,5.3334,5.3334,5.3334
41596,3,1.3424,1.2891,0.0533,5.3525,5.3432,5.3184,5.3959
41608,3,3.183,3.1213,0.0617,5.3558,5.3614,5.3404,5.3655
41609,1,0.502,0.4865,0.0156,5.3381,5.3381,5.3381,5.3381
41611,1,0.8914,0.8706,0.0208,5.3215,5.3215,5.3215,5.3215
41613,1,0.965,0.9416,0.0234,5.3793,5.3793,5.3793,5.3793
41614,1,0.4595,0.442,0.0176,5.3326,5.3326,5.3326,5.3326
41618,2,1.082,1.0481,0.0339,5.3346,5.3346,5.3314,5.3378
41637,1,1.6471,1.6308,0.0163,5.4114,5.4114,5.4114,5.4114
41655,1,0.5069,0.4895,0.0174,5.3396,5.3396,5.3396,5.3396
41701,5,2.5596,2.4745,0.0851,5.3517,5.3517,5.3341,5.3708
41720,1,0.4607,0.445,0.0157,5.3257,5.3257,5.3257,5.3257
41721,1,0.9932,0.9697,0.0234,5.3702,5.3702,5.3702,5.3702
41734,1,0.7865,0.7599,0.0266,5.316,5.316,5.316,5.316
41735,4,7.3574,7.1952,0.1622,5.4504,5.3308,5.3171,5.823
41737,1,0.4681,0.4493,0.0188,5.3737,5.3737,5.3737,5.3737
41750,1,0.7568,0.7353,0.0214,5.3378,5.3378,5.3378,5.3378
41784,1,0.6054,0.5848,0.0206,5.3252,5.3252,5.3252,5.3252
41791,1,0.4542,0.4375,0.0167,5.3849,5.3849,5.3849,5.3849
41827,1,0.5656,0.5473,0.0184,5.3408,5.3408,5.3408,5.3408
41828,79,60.0174,58.3322,1.6852,5.3609,5.337,5.3047,5.7675
41842,15,7.6231,7.3093,0.3138,5.369,5.3277,5.3211,5.8645
41846,297,142.3994,135.7926,6.6068,5.3969,5.3406,5.3049,6.7299
41847,87,38.4181,36.5895,1.8286,5.3574,5.3381,5.3116,5.8267
41865,195,82.3833,78.4438,3.9394,5.3515,5.3391,5.3054,6.006
41868,240,142.0216,137.4442,4.5774,5.3572,5.3364,5.3057,6.0365
41869,248,202.6257,197.0584,5.5673,5.3961,5.3405,5.3066,6.7699
41872,3,0.9686,0.9147,0.0539,5.4,5.432,5.3105,5.4575
41877,3,1.4908,1.4138,0.077,5.6902,5.6955,5.672,5.7029
41904,1,0.2078,0.1964,0.0114,5.3173,5.3173,5.3173,5.3173
41909,14,6.1482,5.8476,0.3006,5.4387,5.3903,5.3161,5.7747
41910,1,0.206,0.1965,0.0095,5.3269,5.3269,5.3269,5.3269
41954,1,0.2053,0.1967,0.0086,5.3402,5.3402,5.3402,5.3402
41966,50,18.5891,17.5694,1.0197,5.4229,5.3551,5.3148,6.1063
41974,6,2.4776,2.3587,0.1188,5.3459,5.3353,5.3242,5.3962
41989,1,0.5918,0.5687,0.023,5.3249,5.3249,5.3249,5.3249
41990,1,0.381,0.3611,0.0199,5.3402,5.3402,5.3402,5.3402
41995,1,0.6885,0.6659,0.0226,5.3357,5.3357,5.3357,5.3357
41996,1,0.2933,0.2769,0.0164,5.3335,5.3335,5.3335,5.3335
42024,1,0.6135,0.5884,0.0251,5.3475,5.3475,5.3475,5.3475
42091,10,4.9055,4.6973,0.2082,5.3366,5.3274,5.3172,5.3848
42098,1,0.4105,0.3878,0.0228,5.3193,5.3193,5.3193,5.3193
42100,1,0.3017,0.2833,0.0184,5.3704,5.3704,5.3704,5.3704
42101,1,0.5485,0.5244,0.0241,5.3324,5.3324,5.3324,5.3324
42103,1,0.3463,0.3301,0.0162,5.3397,5.3397,5.3397,5.3397
42116,17,6.252,5.9339,0.3181,5.3551,5.3301,5.3118,5.5416
42147,2,0.7533,0.7156,0.0377,5.3393,5.3393,5.3362,5.3424
42167,9,4.0457,3.8618,0.184,5.3631,5.3341,5.3123,5.5064
42170,14,13.5438,13.1622,0.3816,5.3731,5.336,5.3262,5.5789
42196,2,1.8139,1.7582,0.0557,5.7204,5.7204,5.7151,5.7256
42198,1,0.4154,0.3941,0.0214,5.3503,5.3503,5.3503,5.3503
42209,1,2.3323,2.2803,0.052,5.7814,5.7814,5.7814,5.7814
42219,1,0.3233,0.3033,0.02,5.3292,5.3292,5.3292,5.3292
42220,1,0.5741,0.5506,0.0235,5.3478,5.3478,5.3478,5.3478
42231,1,0.3877,0.3666,0.0211,5.3135,5.3135,5.3135,5.3135
42278,267,165.8523,159.7808,6.0715,5.4819,5.3382,5.3023,6.7233
42282,1,0.4645,0.4456,0.0189,5.3284,5.3284,5.3284,5.3284
42293,1,0.5366,0.5156,0.021,5.3239,5.3239,5.3239,5.3239
42294,1,0.4556,0.4329,0.0226,5.3244,5.3244,5.3244,5.3244
42295,2,1.139,1.0915,0.0475,5.3917,5.3917,5.3874,5.396
42296,1,0.3568,0.3357,0.0211,5.3439,5.3439,5.3439,5.3439
42340,2,0.7577,0.7132,0.0445,5.3346,5.3346,5.3179,5.3512
42341,9,3.6611,3.4681,0.193,5.3551,5.3395,5.3262,5.4485
42348,1,0.5581,0.5344,0.0237,5.3419,5.3419,5.3419,5.3419
42354,1,0.4202,0.3969,0.0233,5.3652,5.3652,5.3652,5.3652
42355,5,1.8217,1.73,0.0917,5.3401,5.3366,5.334,5.3491
42356,1,0.3838,0.3626,0.0212,5.348,5.348,5.348,5.348
42357,2,1.2158,1.1681,0.0477,5.3666,5.3666,5.3609,5.3723
42358,1,0.2621,0.2479,0.0143,5.3336,5.3336,5.3336,5.3336
42389,3,3.1259,3.0267,0.0992,5.4164,5.3528,5.3236,5.5727
42392,2,0.6924,0.6526,0.0398,5.342,5.342,5.3284,5.3556
42401,1,0.6512,0.6279,0.0234,5.4385,5.4385,5.4385,5.4385
42402,1,0.4692,0.4476,0.0216,5.3335,5.3335,5.3335,5.3335
42419,3,4.5168,4.4065,0.1103,5.4525,5.4472,5.3703,5.5401
42428,200,69.5951,65.5875,4.0076,5.3529,5.3349,5.3064,6.0038
42429,204,138.0994,134.1628,3.9366,5.378,5.334,5.3087,6.3495
42430,1,0.5626,0.54,0.0226,5.3433,5.3433,5.3433,5.3433
42437,1,0.3707,0.345,0.0257,5.319,5.319,5.319,5.319
42452,1,0.9649,0.9381,0.0268,5.4316,5.4316,5.4316,5.4316
42458,1,0.3557,0.3393,0.0164,5.3206,5.3206,5.3206,5.3206
42459,1,1.2226,1.193,0.0296,5.3545,5.3545,5.3545,5.3545
42468,1,0.7866,0.7617,0.0249,5.6605,5.6605,5.6605,5.6605
42478,1,0.3628,0.344,0.0187,5.3678,5.3678,5.3678,5.3678
42482,1,0.3206,0.3035,0.0171,5.3428,5.3428,5.3428,5.3428
42485,1,0.6285,0.6054,0.0232,5.3428,5.3428,5.3428,5.3428
42489,1,0.2912,0.282,0.0092,5.3381,5.3381,5.3381,5.3381
42493,1,0.3098,0.2947,0.0151,5.3283,5.3283,5.3283,5.3283
42494,1,1.159,1.1302,0.0287,5.4061,5.4061,5.4061,5.4061
42495,1,0.3628,0.3442,0.0185,5.3278,5.3278,5.3278,5.3278
42516,2,0.8837,0.84,0.0438,5.3291,5.3291,5.3236,5.3346
42519,1,0.4134,0.3952,0.0182,5.3555,5.3555,5.3555,5.3555
42545,1,0.378,0.3596,0.0184,5.3422,5.3422,5.3422,5.3422
42549,1,0.3266,0.3098,0.0168,5.3315,5.3315,5.3315,5.3315
42550,1,0.5855,0.564,0.0215,5.3299,5.3299,5.3299,5.3299
42554,75,32.2763,30.7924,1.4839,5.3531,5.3329,5.3131,5.6604
42559,38,14.4462,13.7202,0.726,5.3644,5.3347,5.3123,5.9892
42560,213,94.976,90.4199,4.5561,5.359,5.3449,5.3129,5.825
42574,1,0.6536,0.6389,0.0147,5.3341,5.3341,5.3341,5.3341
42598,59,71.7503,70.357,1.3933,5.3889,5.3505,5.313,5.8539
42605,1,0.7456,0.726,0.0197,5.3295,5.3295,5.3295,5.3295
42608,1,0.496,0.4768,0.0192,5.3407,5.3407,5.3407,5.3407
42620,5,4.1501,4.0528,0.0973,5.3389,5.3403,5.3167,5.3597
42621,4,2.7231,2.6475,0.0756,5.3369,5.3376,5.3216,5.3508
42647,1,0.4943,0.478,0.0163,5.3427,5.3427,5.3427,5.3427
42648,1,0.9608,0.936,0.0248,5.7369,5.7369,5.7369,5.7369
42660,1,0.5189,0.4991,0.0198,5.3389,5.3389,5.3389,5.3389
42671,218,157.7158,152.4646,5.2512,5.3897,5.3569,5.3089,5.8102
42672,1,1.2543,1.2408,0.0135,5.3182,5.3182,5.3182,5.3182
42715,1,1.6893,1.6636,0.0257,5.4358,5.4358,5.4358,5.4358
42718,1,0.6253,0.6079,0.0174,5.3806,5.3806,5.3806,5.3806
42720,3,3.4389,3.3828,0.0561,5.3709,5.384,5.3353,5.3933
42721,5,4.5902,4.4927,0.0975,5.3403,5.3323,5.3197,5.3703
42724,1,0.5515,0.535,0.0164,5.343,5.343,5.343,5.343
42731,9,7.186,7.0207,0.1652,5.3364,5.3294,5.3173,5.3797
42747,1,0.5162,0.5032,0.0131,5.3314,5.3314,5.3314,5.3314
42749,133,91.8368,89.0934,2.7434,5.3825,5.3344,5.3073,5.9157
42756,327,171.4631,164.4987,6.9644,5.3533,5.3505,4.6996,5.7187
42757,253,74.6844,70.1066,4.5778,5.3413,5.3364,5.3073,5.4022
42763,1,0.2427,0.2285,0.0142,5.4177,5.4177,5.4177,5.4177
42776,1,0.2151,0.2055,0.0096,5.3345,5.3345,5.3345,5.3345
42823,1,0.2377,0.2268,0.0109,5.3316,5.3316,5.3316,5.3316
42844,1,0.2125,0.2026,0.0099,5.3312,5.3312,5.3312,5.3312
42845,12,7.0681,6.7005,0.3676,5.4077,5.341,5.3181,5.7709
42881,6,1.5219,1.4273,0.0946,5.3522,5.3533,5.3313,5.3857
42902,3,1.4264,1.3465,0.0799,5.3896,5.3442,5.3276,5.4972
42935,1,0.239,0.2219,0.0171,5.3187,5.3187,5.3187,5.3187
42946,1,0.2164,0.2017,0.0147,5.3392,5.3392,5.3392,5.3392
42980,1,0.5298,0.5029,0.0268,5.356,5.356,5.356,5.356
43006,1,1.5557,1.5412,0.0145,5.5153,5.5153,5.5153,5.5153
43029,1,1.4592,1.4411,0.0182,5.3347,5.3347,5.3347,5.3347
43030,2,1.5364,1.5041,0.0323,5.351,5.351,5.3436,5.3583
43037,1,2.1024,2.0779,0.0245,5.4396,5.4396,5.4396,5.4396
43041,72,69.1117,67.6933,1.4185,5.32,5.3306,4.5149,5.7517
43042,3,2.8809,2.8159,0.0651,5.3313,5.3254,5.3126,5.356
43043,1,0.877,0.8549,0.022,5.3422,5.3422,5.3422,5.3422
43093,6,4.1634,4.041,0.1224,5.3495,5.344,5.3228,5.4032
43106,1,0.6921,0.6705,0.0216,5.3154,5.3154,5.3154,5.3154
43130,1,0.8477,0.8204,0.0273,5.3744,5.3744,5.3744,5.3744
43131,1,0.7083,0.6822,0.0261,5.5191,5.5191,5.5191,5.5191
43132,1,0.2767,0.2628,0.0139,5.3367,5.3367,5.3367,5.3367
43148,42,28.6201,27.5903,1.0298,5.3837,5.3411,5.3117,5.8133
43153,1,0.552,0.5359,0.016,5.3282,5.3282,5.3282,5.3282
43175,2,2.2511,2.2198,0.0313,5.3229,5.3229,5.3097,5.336
43176,2,1.7874,1.7596,0.0278,5.3406,5.3406,5.3305,5.3508
43221,2,1.4878,1.455,0.0328,5.4711,5.4711,5.3339,5.6084
43223,1,0.6175,0.6002,0.0173,5.3344,5.3344,5.3344,5.3344
43237,1,1.1299,1.1064,0.0235,5.445,5.445,5.445,5.445
43245,1,1.1347,1.1183,0.0164,5.354,5.354,5.354,5.354
43246,1,7.5125,7.4315,0.081,5.6755,5.6755,5.6755,5.6755
43247,1,0.5706,0.5526,0.018,5.3308,5.3308,5.3308,5.3308
43248,1,0.5246,0.5068,0.0178,5.3472,5.3472,5.3472,5.3472
43262,1,1.208,1.1835,0.0245,5.5115,5.5115,5.5115,5.5115
43363,1,0.4505,0.4357,0.0148,5.3254,5.3254,5.3254,5.3254
43370,1,0.9294,0.9076,0.0218,5.3388,5.3388,5.3388,5.3388
43374,1,0.475,0.4553,0.0197,5.3325,5.3325,5.3325,5.3325
43378,1,0.449,0.4323,0.0167,5.3287,5.3287,5.3287,5.3287
43379,1,1.531,1.5079,0.0231,5.4099,5.4099,5.4099,5.4099
43380,1,1.1581,1.1352,0.023,5.3166,5.3166,5.3166,5.3166
43382,54,44.815,43.6674,1.1477,5.3602,5.3397,5.3112,5.658
43383,56,36.9304,35.5583,1.3721,5.3893,5.3421,5.3147,5.9595
43411,2,0.5159,0.4845,0.0314,5.338,5.338,5.3352,5.3408
43455,9,3.1665,2.9875,0.1791,5.3282,5.3225,5.3153,5.3668
43456,11,3.6889,3.462,0.2269,5.359,5.3273,5.3142,5.6283
43463,5,1.8812,1.7638,0.1174,5.3816,5.3769,5.3539,5.4129
43467,1,0.3056,0.285,0.0206,5.3431,5.3431,5.3431,5.3431
43497,1,0.3793,0.3553,0.024,5.3254,5.3254,5.3254,5.3254
43498,1,0.3229,0.2986,0.0243,5.3358,5.3358,5.3358,5.3358
43499,1,1.2567,1.2134,0.0432,5.4811,5.4811,5.4811,5.4811
43500,1,0.2054,0.1949,0.0106,5.3661,5.3661,5.3661,5.3661
43520,1,0.2108,0.1992,0.0115,5.3354,5.3354,5.3354,5.3354
43523,1,0.2672,0.247,0.0201,5.3702,5.3702,5.3702,5.3702
43524,9,4.4113,4.1833,0.228,5.3687,5.3268,5.3203,5.6675
43541,238,72.0043,67.5299,4.4744,5.3527,5.3395,5.3107,5.6921
43549,2,0.6549,0.6124,0.0424,5.3276,5.3276,5.3237,5.3314
43562,1,0.8013,0.7922,0.0091,5.3332,5.3332,5.3332,5.3332
43564,1,1.5677,1.5545,0.0132,5.3499,5.3499,5.3499,5.3499
43572,1,0.8195,0.8118,0.0077,5.328,5.328,5.328,5.328
43588,2,3.4835,3.4537,0.0298,5.5616,5.5616,5.3862,5.737
43603,1,0.8029,0.7949,0.008,5.3317,5.3317,5.3317,5.3317
43649,1,2.7041,2.6888,0.0153,5.4128,5.4128,5.4128,5.4128
43661,1,0.932,0.9231,0.0089,5.3356,5.3356,5.3356,5.3356
43739,2,2.6188,2.5947,0.0242,5.3376,5.3376,5.3292,5.3459
43771,1,0.7921,0.7834,0.0087,5.3537,5.3537,5.3537,5.3537
43793,1,2.164,2.1473,0.0167,5.3584,5.3584,5.3584,5.3584
43807,1,7.2728,7.2474,0.0254,5.472,5.472,5.472,5.472
43808,3,5.815,5.7721,0.0429,5.5092,5.4101,5.3607,5.7568
43816,2,2.1001,2.0767,0.0233,5.4296,5.4296,5.3341,5.5252
43817,1,0.7346,0.7269,0.0078,5.325,5.325,5.325,5.325
43834,1,1.0669,1.0547,0.0122,5.3301,5.3301,5.3301,5.3301
43847,1,1.6853,1.6706,0.0146,5.7469,5.7469,5.7469,5.7469
43849,1,2.481,2.4653,0.0157,5.421,5.421,5.421,5.421
43866,1,2.072,2.056,0.016,5.3545,5.3545,5.3545,5.3545
43867,42,35.399,34.7817,0.6174,5.4078,5.3563,5.3161,6.0474
43874,3,0.9078,0.8581,0.0497,5.3363,5.323,5.3175,5.3685
43907,9,2.0994,1.9763,0.1232,5.3446,5.336,5.3222,5.3774
43915,1,0.2145,0.2046,0.0099,5.3601,5.3601,5.3601,5.3601
43916,1,0.2062,0.1966,0.0096,5.3342,5.3342,5.3342,5.3342
43923,2,1.8726,1.8083,0.0643,5.4314,5.4314,5.3434,5.5194
43924,3,1.8998,1.824,0.0758,5.3904,5.341,5.3328,5.4972
43950,1,0.1719,0.1601,0.0118,5.3237,5.3237,5.3237,5.3237
43971,2,0.4689,0.4367,0.0322,5.3244,5.3244,5.3218,5.327
43989,2,1.0047,0.9573,0.0474,5.3533,5.3533,5.3159,5.3907
44001,2,0.9241,0.8742,0.0499,5.6171,5.6171,5.4102,5.8241
44016,1,0.3499,0.326,0.0239,5.6901,5.6901,5.6901,5.6901
44019,37,12.8724,12.0673,0.8051,5.3257,5.3234,5.3074,5.3625
44020,103,46.0411,43.5964,2.4447,5.4662,5.3351,5.3135,6.3976
44051,1,0.2346,0.2203,0.0143,5.3696,5.3696,5.3696,5.3696
44085,1,0.25,0.2328,0.0172,5.3417,5.3417,5.3417,5.3417
44156,2,0.6097,0.5686,0.0411,5.3334,5.3334,5.3271,5.3397
44209,1,0.5575,0.5409,0.0165,5.3393,5.3393,5.3393,5.3393
44219,1,0.664,0.6483,0.0157,5.3267,5.3267,5.3267,5.3267
44233,1,0.5528,0.5369,0.0158,5.3685,5.3685,5.3685,5.3685
44235,1,0.668,0.6511,0.0169,5.32,5.32,5.32,5.32
44249,1,0.6056,0.5881,0.0176,5.3848,5.3848,5.3848,5.3848
44250,3,3.5657,3.4979,0.0678,5.3838,5.3302,5.325,5.4962
44270,1,0.5923,0.5772,0.0151,5.3276,5.3276,5.3276,5.3276
44288,1,0.9323,0.9163,0.016,5.3184,5.3184,5.3184,5.3184
44289,1,1.0863,1.0656,0.0207,5.39,5.39,5.39,5.39
44313,1,0.5688,0.552,0.0168,5.3366,5.3366,5.3366,5.3366
44348,2,2.6797,2.6481,0.0316,5.3713,5.3713,5.338,5.4046
44365,136,121.232,117.7562,3.4758,5.4125,5.3456,5.3113,5.9212
44366,2,1.0351,1.0068,0.0283,5.324,5.324,5.3227,5.3254
44374,1,0.5487,0.5323,0.0164,5.3321,5.3321,5.3321,5.3321
44376,1,1.558,1.5334,0.0246,5.3484,5.3484,5.3484,5.3484
44434,62,42.7692,41.5407,1.2284,5.3447,5.3333,5.3107,5.4198
44442,4,2.252,2.1626,0.0893,5.358,5.3568,5.3275,5.3911
44469,1,0.3386,0.3209,0.0177,5.3203,5.3203,5.3203,5.3203
44482,1,0.3462,0.3276,0.0186,5.3228,5.3228,5.3228,5.3228
44490,1,0.5441,0.5207,0.0234,5.3685,5.3685,5.3685,5.3685
44492,1,0.3358,0.3162,0.0196,5.3378,5.3378,5.3378,5.3378
44498,1,0.9859,0.9552,0.0308,5.5032,5.5032,5.5032,5.5032
44499,1,0.8224,0.7957,0.0267,5.3829,5.3829,5.3829,5.3829
44500,1,0.2942,0.2772,0.017,5.3341,5.3341,5.3341,5.3341
44501,1,0.3744,0.3537,0.0207,5.3458,5.3458,5.3458,5.3458
44503,1,0.381,0.3607,0.0204,5.3453,5.3453,5.3453,5.3453
44510,1,0.3175,0.2969,0.0206,5.3334,5.3334,5.3334,5.3334
44512,237,137.6666,132.6389,5.0277,5.356,5.338,5.2965,5.8146
44513,23,9.4006,8.915,0.4856,5.3642,5.3273,5.3084,5.6924
44541,131,147.1818,143.7586,3.4232,5.4492,5.3549,5.314,6.3758
44543,3,1.3468,1.2864,0.0603,5.5426,5.5995,5.3296,5.6987
44549,19,7.9474,7.5814,0.366,5.3479,5.3388,5.3201,5.4069
44592,1,0.9741,0.9445,0.0296,5.5146,5.5146,5.5146,5.5146
44593,1,0.7788,0.7517,0.0271,5.3897,5.3897,5.3897,5.3897
44615,1,0.2952,0.2803,0.0148,5.3316,5.3316,5.3316,5.3316
44624,1,0.2942,0.2777,0.0165,5.3395,5.3395,5.3395,5.3395
44625,1,0.3683,0.3496,0.0187,5.4031,5.4031,5.4031,5.4031
44626,1,0.3271,0.3072,0.0199,5.3412,5.3412,5.3412,5.3412
44627,1,0.3376,0.3183,0.0193,5.3332,5.3332,5.3332,5.3332
44628,1,0.8804,0.8527,0.0278,5.3979,5.3979,5.3979,5.3979
44629,1,0.2725,0.2554,0.0171,5.3886,5.3886,5.3886,5.3886
44650,51,41.9526,40.9541,0.9985,5.413,5.3407,5.3215,5.8884
44652,3,2.0023,1.9458,0.0565,5.4716,5.405,5.3207,5.6892
44661,149,108.6635,104.9442,3.7194,5.3994,5.3501,5.3177,5.8685
44662,15,4.885,4.652,0.233,5.3415,5.3333,5.3117,5.3993
44673,310,374.3661,364.8278,9.5383,5.7216,5.3698,5.2965,6.5306
44689,119,73.9772,71.4376,2.5396,5.3557,5.3361,5.3108,5.8297
44690,131,45.7225,43.2388,2.4838,5.3462,5.3316,5.3084,5.7847
44691,1,0.3033,0.2844,0.0189,5.3138,5.3138,5.3138,5.3138
44694,1,0.2498,0.2376,0.0122,5.3332,5.3332,5.3332,5.3332
44695,1,0.2937,0.2746,0.0191,5.3149,5.3149,5.3149,5.3149
44699,2,0.8739,0.8373,0.0366,5.4254,5.4254,5.335,5.5158
44703,1,0.2111,0.2013,0.0097,5.3319,5.3319,5.3319,5.3319
44706,10,3.8005,3.5971,0.2033,5.3327,5.3323,5.3063,5.3654
44722,6,3.4594,3.3147,0.1447,5.4123,5.3839,5.3351,5.6183
44729,226,164.5875,160.8612,3.7263,5.3458,5.3364,5.308,5.741
44759,1,0.5574,0.5424,0.015,5.3331,5.3331,5.3331,5.3331
44761,1,1.144,1.1248,0.0192,5.4453,5.4453,5.4453,5.4453
44762,1,0.8967,0.8745,0.0222,5.3325,5.3325,5.3325,5.3325
44779,1,0.5646,0.5498,0.0148,5.3533,5.3533,5.3533,5.3533
44793,1,1.129,1.1082,0.0207,5.3948,5.3948,5.3948,5.3948
44825,1,0.543,0.5251,0.0179,5.3241,5.3241,5.3241,5.3241
44826,1,0.724,0.7051,0.0189,5.326,5.326,5.326,5.326
44831,2,1.3686,1.3297,0.0389,5.3174,5.3174,5.3163,5.3185
44832,292,136.7586,130.621,6.1376,5.3551,5.3482,4.7472,5.7071
44836,14,12.1936,11.9189,0.2747,5.3535,5.3501,5.307,5.4089
44837,1,0.7721,0.7534,0.0187,5.3239,5.3239,5.3239,5.3239
44838,1,0.4343,0.4188,0.0155,5.3261,5.3261,5.3261,5.3261
44839,1,1.2666,1.2397,0.0269,5.8603,5.8603,5.8603,5.8603
44855,1,0.8824,0.8603,0.0221,5.3472,5.3472,5.3472,5.3472
44858,1,0.5518,0.5311,0.0207,5.4263,5.4263,5.4263,5.4263
44878,35,36.1685,35.3627,0.8058,5.3974,5.3402,5.3018,5.7772
44909,1,0.3709,0.3538,0.0171,5.3312,5.3312,5.3312,5.3312
44916,14,8.7459,8.4321,0.3138,5.3368,5.33,5.3146,5.3976
44917,6,3.5659,3.4274,0.1385,5.3404,5.3366,5.3105,5.3656
44919,1,0.8849,0.8583,0.0266,5.3456,5.3456,5.3456,5.3456
44978,2,0.8165,0.7779,0.0386,5.3318,5.3318,5.3315,5.3322
45011,5,3.7474,3.661,0.0864,5.4208,5.3378,5.3206,5.7744
45014,1,0.4909,0.4726,0.0182,5.3489,5.3489,5.3489,5.3489
45017,3,2.4316,2.3708,0.0608,5.3275,5.3231,5.3215,5.3379
45047,1,0.8027,0.7802,0.0225,5.3994,5.3994,5.3994,5.3994
45048,1,0.6566,0.6365,0.02,5.3195,5.3195,5.3195,5.3195
45049,1,0.5628,0.5438,0.019,5.3335,5.3335,5.3335,5.3335
45083,1,0.6855,0.6668,0.0187,5.3209,5.3209,5.3209,5.3209
45084,1,0.6479,0.6296,0.0183,5.3232,5.3232,5.3232,5.3232
45095,13,17.5931,17.2731,0.32,5.3792,5.345,5.313,5.4998
45096,4,3.609,3.5147,0.0943,5.3608,5.3589,5.3154,5.4099
45104,20,14.0377,13.6444,0.3933,5.3449,5.3422,5.3187,5.388
45107,1,0.4435,0.4275,0.016,5.3286,5.3286,5.3286,5.3286
45127,1,2.8281,2.8068,0.0213,5.4788,5.4788,5.4788,5.4788
45130,1,0.7642,0.7421,0.0221,5.4146,5.4146,5.4146,5.4146
45180,1,0.812,0.7918,0.0202,5.3409,5.3409,5.3409,5.3409
45188,1,1.3435,1.3178,0.0257,5.398,5.398,5.398,5.398
45189,1,0.4569,0.441,0.0159,5.3276,5.3276,5.3276,5.3276
45190,1,0.453,0.4373,0.0157,5.3289,5.3289,5.3289,5.3289
45197,256,216.1623,210.0266,6.1356,5.3803,5.3544,5.3065,5.847
45198,73,53.0988,51.5401,1.5587,5.3718,5.3446,5.3113,5.7055
45211,1,0.8213,0.7974,0.0238,5.4194,5.4194,5.4194,5.4194
45212,1,0.5228,0.5044,0.0184,5.3245,5.3245,5.3245,5.3245
45248,7,3.6994,3.5625,0.1369,5.3448,5.3299,5.3253,5.3865
45299,2,6.9982,6.9021,0.0961,5.5202,5.5202,5.3227,5.7177
45302,1,0.4175,0.4006,0.0168,5.3272,5.3272,5.3272,5.3272
45345,8,14.043,13.8027,0.2403,5.4522,5.399,5.3179,5.6795
45351,1,0.532,0.5087,0.0233,5.3729,5.3729,5.3729,5.3729
45357,1,0.3506,0.3329,0.0177,5.3309,5.3309,5.3309,5.3309
45358,1,0.4239,0.4025,0.0214,5.3439,5.3439,5.3439,5.3439
45359,1,0.3454,0.3256,0.0198,5.3391,5.3391,5.3391,5.3391
45360,1,0.5096,0.4867,0.0229,5.3603,5.3603,5.3603,5.3603
45378,1,0.8965,0.8683,0.0282,5.3853,5.3853,5.3853,5.3853
45389,5,1.9471,1.8455,0.1016,5.3352,5.3279,5.3134,5.36
45390,219,123.4919,118.7483,4.7436,5.3658,5.3359,5.3065,5.8329
45450,1,0.4411,0.4185,0.0225,5.3794,5.3794,5.3794,5.3794
45467,4,1.8666,1.7864,0.0801,5.3992,5.3479,5.329,5.5719
45498,4,5.8843,5.6809,0.2034,5.4777,5.3816,5.3553,5.7923
45499,1,0.8883,0.8593,0.029,5.383,5.383,5.383,5.383
45514,1,0.6104,0.5936,0.0168,5.3316,5.3316,5.3316,5.3316
45515,11,27.5618,27.1478,0.414,5.495,5.4416,5.3212,5.7034
45522,1,0.6018,0.5839,0.0179,5.4015,5.4015,5.4015,5.4015
45562,7,22.0252,21.7475,0.2777,5.5088,5.5441,5.3233,5.7183
45583,18,11.069,10.7214,0.3476,5.3941,5.3354,5.3262,5.8932
45595,1,0.2522,0.2338,0.0184,5.564,5.564,5.564,5.564
45597,1,0.3453,0.3241,0.0211,5.3486,5.3486,5.3486,5.3486
45607,1,0.8023,0.7667,0.0357,5.4669,5.4669,5.4669,5.4669
45619,11,3.8973,3.6764,0.221,5.3834,5.3462,5.3232,5.5549
45635,19,18.9833,18.3182,0.6651,5.4739,5.3755,5.3206,5.8365
45636,22,7.2942,6.8922,0.402,5.3749,5.3545,5.3273,5.5809
45639,1,0.5015,0.4781,0.0234,5.3643,5.3643,5.3643,5.3643
45658,1,0.2837,0.2672,0.0165,5.3253,5.3253,5.3253,5.3253
45676,1,0.4704,0.4498,0.0206,5.4006,5.4006,5.4006,5.4006
45733,1,0.312,0.2963,0.0157,5.3802,5.3802,5.3802,5.3802
45734,1,0.5957,0.5706,0.0251,5.649,5.649,5.649,5.649
45735,1,0.327,0.3057,0.0213,5.3854,5.3854,5.3854,5.3854
45736,1,0.477,0.4517,0.0254,5.3939,5.3939,5.3939,5.3939
45791,1,0.7396,0.7121,0.0274,5.4531,5.4531,5.4531,5.4531
45792,1,0.2823,0.264,0.0184,5.3238,5.3238,5.3238,5.3238
45793,1,0.3847,0.3617,0.023,5.4102,5.4102,5.4102,5.4102
45827,2,1.1699,1.1164,0.0535,5.7506,5.7506,5.571,5.9303
45851,1,0.3319,0.3099,0.0221,5.4418,5.4418,5.4418,5.4418
45900,1,0.3549,0.3324,0.0225,5.3236,5.3236,5.3236,5.3236
45902,1,0.2416,0.2252,0.0164,5.3197,5.3197,5.3197,5.3197
45903,45,22.9576,21.932,1.0255,5.4429,5.3532,5.319,6.0746
45913,1,0.8221,0.7953,0.0268,5.3901,5.3901,5.3901,5.3901
45953,1,0.3063,0.2899,0.0163,5.3284,5.3284,5.3284,5.3284
45954,2,0.6358,0.5988,0.037,5.3381,5.3381,5.3296,5.3466
45991,1,1.1125,1.0813,0.0311,5.363,5.363,5.363,5.363
45992,1,1.0736,1.0425,0.0311,5.3457,5.3457,5.3457,5.3457
46001,1,0.7896,0.7629,0.0267,5.3789,5.3789,5.3789,5.3789
46004,1,2.8321,2.7763,0.0558,5.5946,5.5946,5.5946,5.5946
46006,1,0.6301,0.6065,0.0236,5.3564,5.3564,5.3564,5.3564
46036,1,0.3198,0.3024,0.0173,5.3365,5.3365,5.3365,5.3365
46079,1,0.3929,0.3758,0.0171,5.3329,5.3329,5.3329,5.3329
46083,38,18.9398,18.1932,0.7465,5.3677,5.3405,5.3225,5.7706
46090,1,3.3948,3.3356,0.0593,5.5923,5.5923,5.5923,5.5923
46094,1,0.5584,0.5356,0.0227,5.3353,5.3353,5.3353,5.3353
46095,1,0.5847,0.56,0.0247,5.3411,5.3411,5.3411,5.3411
46096,1,0.5873,0.5639,0.0234,5.3529,5.3529,5.3529,5.3529
46099,1,0.2685,0.2522,0.0163,5.3393,5.3393,5.3393,5.3393
46117,1,0.6535,0.628,0.0255,5.3917,5.3917,5.3917,5.3917
46146,1,0.4962,0.4722,0.024,5.5982,5.5982,5.5982,5.5982
46152,2,0.7711,0.7308,0.0403,5.3284,5.3284,5.3196,5.3373
46158,2,0.8071,0.7614,0.0457,5.5323,5.5323,5.3362,5.7284
46159,3,2.6974,2.6136,0.0839,5.3394,5.3407,5.334,5.3433
46175,1,0.3609,0.3389,0.022,5.3735,5.3735,5.3735,5.3735
46184,1,0.3242,0.304,0.0202,5.3241,5.3241,5.3241,5.3241
46185,1,3.1534,3.0652,0.0882,5.7057,5.7057,5.7057,5.7057
46218,1,0.4256,0.4025,0.023,5.3221,5.3221,5.3221,5.3221
46228,1,0.339,0.3174,0.0216,5.3607,5.3607,5.3607,5.3607
46229,25,18.5678,17.9596,0.6082,5.3665,5.3322,5.3176,5.728
46279,1,0.4564,0.435,0.0214,5.3734,5.3734,5.3734,5.3734
46284,1,0.4098,0.3873,0.0224,5.6988,5.6988,5.6988,5.6988
46285,1,0.3492,0.3304,0.0188,5.3126,5.3126,5.3126,5.3126
46286,1,1.9256,1.8782,0.0473,5.7332,5.7332,5.7332,5.7332
46287,1,0.291,0.2732,0.0179,5.3317,5.3317,5.3317,5.3317
46288,1,0.2853,0.2675,0.0178,5.3332,5.3332,5.3332,5.3332
46289,1,0.3853,0.3633,0.022,5.3274,5.3274,5.3274,5.3274
46310,215,76.2171,71.7043,4.5128,5.3499,5.3469,5.2037,5.6014
46332,1,0.2846,0.261,0.0236,5.9656,5.9656,5.9656,5.9656
46362,250,108.3877,103.6701,4.7176,5.3455,5.3425,4.6858,5.433
46381,1,6.6497,6.6139,0.0358,5.5491,5.5491,5.5491,5.5491
46382,1,1.1286,1.1102,0.0184,5.3348,5.3348,5.3348,5.3348
46405,121,206.2181,203.3896,2.8285,5.4285,5.3749,5.3084,6.3881
46406,1,4.3091,4.2691,0.04,5.6587,5.6587,5.6587,5.6587
46425,6,4.047,3.9453,0.1017,5.3815,5.3507,5.3243,5.5545
46437,14,11.537,11.2801,0.2569,5.4422,5.3452,5.3075,6.0723
46448,30,25.7024,25.1606,0.5418,5.3781,5.3515,5.3102,5.6519
46449,13,10.3277,10.0616,0.2661,5.4311,5.3769,5.3246,5.9924
46458,2,1.4428,1.4049,0.0379,5.3569,5.3569,5.3291,5.3847
46464,1,0.562,0.5452,0.0169,5.3235,5.3235,5.3235,5.3235
46478,1,1.1344,1.1189,0.0155,5.3205,5.3205,5.3205,5.3205
46481,3,4.04,3.9864,0.0537,5.473,5.3822,5.3285,5.7083
46505,52,80.2098,78.9928,1.217,5.4348,5.3401,5.3091,6.0266
46514,1,0.8787,0.8634,0.0154,5.3616,5.3616,5.3616,5.3616
46520,1,1.1968,1.1786,0.0183,5.5225,5.5225,5.5225,5.5225
46523,1,4.5313,4.492,0.0393,5.6128,5.6128,5.6128,5.6128
46526,1,0.7404,0.7211,0.0193,5.4003,5.4003,5.4003,5.4003
46532,2,1.6249,1.5868,0.0381,5.3238,5.3238,5.3195,5.3282
46564,2,7.5581,7.4843,0.0738,5.6558,5.6558,5.4587,5.8528
46565,1,1.2911,1.2771,0.014,5.6792,5.6792,5.6792,5.6792
46569,1,0.7892,0.7694,0.0198,5.4974,5.4974,5.4974,5.4974
46622,1,0.5478,0.5304,0.0174,5.3198,5.3198,5.3198,5.3198
46626,1,1.449,1.4208,0.0282,5.3494,5.3494,5.3494,5.3494
46635,3,2.2673,2.2067,0.0605,5.4621,5.3797,5.3241,5.6826
46650,1,0.6425,0.6232,0.0193,5.3179,5.3179,5.3179,5.3179
46657,1,0.6497,0.632,0.0177,5.3659,5.3659,5.3659,5.3659
46663,1,0.5109,0.4931,0.0178,5.3263,5.3263,5.3263,5.3263
46664,1,0.4226,0.4075,0.0151,5.3402,5.3402,5.3402,5.3402
46699,1,0.6708,0.6553,0.0155,5.3206,5.3206,5.3206,5.3206
46755,7,6.3931,6.2654,0.1276,5.3462,5.3314,5.3222,5.3893
46789,1,0.6924,0.6736,0.0188,5.3361,5.3361,5.3361,5.3361
46792,1,1.8471,1.8302,0.0168,5.4217,5.4217,5.4217,5.4217
46797,1,0.7358,0.7153,0.0205,5.3827,5.3827,5.3827,5.3827
46799,1,1.188,1.1673,0.0207,5.3396,5.3396,5.3396,5.3396
46803,1,0.5318,0.5155,0.0163,5.331,5.331,5.331,5.331
46804,1,0.6826,0.6674,0.0153,5.3121,5.3121,5.3121,5.3121
46813,34,13.2159,12.5173,0.6986,5.4287,5.3378,5.3144,6.2131
46814,356,100.6488,94.6311,6.0176,5.3435,5.3323,5.3078,6.0443
46862,1,0.3844,0.36,0.0243,5.3463,5.3463,5.3463,5.3463
46863,1,0.224,0.2117,0.0123,5.319,5.319,5.319,5.319
46904,2,0.7051,0.6683,0.0367,5.3624,5.3624,5.3327,5.392
46918,68,53.1793,51.4825,1.6968,5.4387,5.3436,5.3181,6.0203
46922,1,0.8935,0.8681,0.0254,5.3575,5.3575,5.3575,5.3575
46926,1,0.3159,0.2973,0.0185,5.3231,5.3231,5.3231,5.3231
46942,1,0.26,0.2447,0.0154,5.3324,5.3324,5.3324,5.3324
46945,1,0.2811,0.264,0.0171,5.319,5.319,5.319,5.319
46946,1,0.4252,0.4021,0.0232,5.6162,5.6162,5.6162,5.6162
46947,1,0.2533,0.2373,0.016,5.3389,5.3389,5.3389,5.3389
46983,4,1.97,1.8742,0.0958,5.3429,5.3435,5.3342,5.3506
47019,16,6.0137,5.6955,0.3182,5.3452,5.3297,5.311,5.4508
47020,9,3.1039,2.9095,0.1944,5.3414,5.3381,5.3155,5.3757
47055,4,1.1356,1.0676,0.068,5.3323,5.3261,5.3209,5.3561
47069,1,0.3409,0.3111,0.0299,5.3325,5.3325,5.3325,5.3325
47076,1,0.2589,0.2421,0.0168,5.3177,5.3177,5.3177,5.3177
47077,1,0.2274,0.2177,0.0098,5.3378,5.3378,5.3378,5.3378
47091,1,0.3202,0.2994,0.0208,5.3778,5.3778,5.3778,5.3778
47092,2,2.1913,2.1253,0.066,5.4711,5.4711,5.3331,5.6092
47093,2,0.5082,0.4738,0.0344,5.3396,5.3396,5.3301,5.349
47097,10,4.8053,4.5694,0.236,5.4632,5.3437,5.3254,5.7509
47098,89,69.2359,67.1871,2.0488,5.4169,5.3471,5.3153,5.9919
47099,1,0.75,0.7306,0.0194,5.3889,5.3889,5.3889,5.3889
47100,3,2.244,2.1847,0.0592,5.3844,5.3984,5.3397,5.415
47101,2,1.27,1.232,0.038,5.3236,5.3236,5.3165,5.3308
47134,131,106.0303,102.9995,3.0308,5.4068,5.3493,5.3146,6.0294
47135,1,0.6773,0.6635,0.0138,5.315,5.315,5.315,5.315
47136,1,0.9451,0.9232,0.022,5.3794,5.3794,5.3794,5.3794
47174,1,2.0941,2.0536,0.0404,5.3729,5.3729,5.3729,5.3729
47181,1,0.6877,0.6723,0.0153,5.335,5.335,5.335,5.335
47182,9,12.7455,12.5795,0.166,5.4006,5.3608,5.3236,5.6295
47183,4,5.5945,5.5034,0.0911,5.4019,5.4054,5.3273,5.4697
47188,2,2.0045,1.968,0.0366,5.3454,5.3454,5.3181,5.3727
47192,1,0.6037,0.5901,0.0136,5.3288,5.3288,5.3288,5.3288
47240,1,0.6113,0.5944,0.0169,5.3304,5.3304,5.3304,5.3304
47241,1,3.7221,3.683,0.0391,5.6688,5.6688,5.6688,5.6688
47245,1,0.598,0.5831,0.0149,5.3246,5.3246,5.3246,5.3246
47246,1,0.9176,0.8968,0.0208,5.4033,5.4033,5.4033,5.4033
47286,1,0.6069,0.5906,0.0164,5.3331,5.3331,5.3331,5.3331
47287,1,1.2322,1.2092,0.0229,5.3628,5.3628,5.3628,5.3628
47327,1,0.6139,0.5985,0.0154,5.3351,5.3351,5.3351,5.3351
47373,1,0.7315,0.7148,0.0167,5.3611,5.3611,5.3611,5.3611
47378,1,1.1052,1.0908,0.0143,5.3458,5.3458,5.3458,5.3458
47391,1,0.8623,0.842,0.0203,5.3168,5.3168,5.3168,5.3168
47397,27,21.8452,21.348,0.4972,5.3396,5.3347,5.3114,5.3809
47398,25,22.1902,21.6438,0.5464,5.3408,5.336,5.3138,5.4017
47403,1,1.1142,1.0843,0.0299,5.3828,5.3828,5.3828,5.3828
47419,3,2.5118,2.4396,0.0722,5.3725,5.3938,5.3272,5.3966
47421,24,16.7393,16.2134,0.5259,5.4116,5.3545,5.318,5.7295
47430,5,4.5435,4.428,0.1154,5.3973,5.3389,5.3192,5.6065
47452,6,5.4669,5.3139,0.153,5.4137,5.3715,5.3397,5.5912
47453,6,7.4615,7.2716,0.1899,5.4776,5.4425,5.3235,5.7071
47462,149,83.1182,80.3772,2.7411,5.3506,5.3348,5.3116,5.729
47472,2,0.4236,0.3904,0.0332,5.3494,5.3494,5.3341,5.3648
47511,1,0.2091,0.1968,0.0123,5.3274,5.3274,5.3274,5.3274
47534,181,52.9725,49.7381,3.2344,5.342,5.3362,5.3102,5.4137
47537,1,0.4401,0.4223,0.0178,5.363,5.363,5.363,5.363
47538,1,0.9699,0.947,0.0229,5.3186,5.3186,5.3186,5.3186
47543,1,0.444,0.4233,0.0206,5.3291,5.3291,5.3291,5.3291
47552,9,7.6824,7.4828,0.1996,5.3497,5.3286,5.3181,5.412
47553,53,33.1277,31.9618,1.1658,5.4034,5.3395,5.313,5.9935
47558,1,1.0925,1.0715,0.021,5.3856,5.3856,5.3856,5.3856
47559,25,32.8979,32.2084,0.6896,5.7069,5.7091,5.6185,5.8243
47560,1,0.7536,0.7282,0.0254,5.3468,5.3468,5.3468,5.3468
47598,1,0.347,0.3324,0.0146,5.3328,5.3328,5.3328,5.3328
47599,2,1.6166,1.5713,0.0453,5.3885,5.3885,5.3503,5.4268
47611,1,0.4386,0.421,0.0176,5.3325,5.3325,5.3325,5.3325
47620,1,0.3693,0.3527,0.0166,5.4551,5.4551,5.4551,5.4551
47644,218,110.4842,105.955,4.5291,5.3485,5.3401,5.3109,5.7415
47645,104,44.6497,42.5154,2.1343,5.3434,5.3408,5.3096,5.3966
47657,1,0.4888,0.466,0.0228,5.334,5.334,5.334,5.334
47685,1,0.2871,0.2692,0.018,5.3355,5.3355,5.3355,5.3355
47693,1,0.6585,0.6322,0.0263,5.3811,5.3811,5.3811,5.3811
47779,1,0.3256,0.3057,0.0198,5.3565,5.3565,5.3565,5.3565
47780,1,0.3674,0.3452,0.0222,5.3871,5.3871,5.3871,5.3871
47789,3,1.5733,1.5022,0.0711,5.373,5.3413,5.3401,5.4375
47799,9,4.82,4.609,0.211,5.3562,5.3504,5.3387,5.4081
47800,10,8.2795,7.9704,0.3091,5.4116,5.3326,5.3142,5.7761
47817,1,0.3178,0.2948,0.023,5.3275,5.3275,5.3275,5.3275
47819,1,0.2932,0.2711,0.0222,5.3209,5.3209,5.3209,5.3209
47820,1,0.2829,0.2649,0.018,5.3281,5.3281,5.3281,5.3281
47888,2,1.3909,1.3346,0.0564,5.626,5.626,5.5921,5.6599
47904,1,0.5092,0.4852,0.024,5.3243,5.3243,5.3243,5.3243
47931,1,0.5353,0.5128,0.0225,5.4098,5.4098,5.4098,5.4098
47940,1,0.3812,0.3579,0.0233,5.3657,5.3657,5.3657,5.3657
47941,1,0.3848,0.3643,0.0205,5.3734,5.3734,5.3734,5.3734
47953,3,1.1539,1.1097,0.0441,5.3422,5.3381,5.3284,5.36
48000,2,1.0925,1.0351,0.0574,5.3685,5.3685,5.3671,5.3699
48021,1,0.3724,0.3485,0.0239,5.3426,5.3426,5.3426,5.3426
48029,1,0.3539,0.331,0.0229,5.3295,5.3295,5.3295,5.3295
48031,1,0.3041,0.2838,0.0202,5.3404,5.3404,5.3404,5.3404
48043,1,0.6617,0.6338,0.0279,5.3706,5.3706,5.3706,5.3706
48044,3,1.1234,1.0541,0.0693,5.3366,5.328,5.3133,5.3685
48045,1,0.2463,0.2352,0.0112,5.3301,5.3301,5.3301,5.3301
48140,1,0.3009,0.2749,0.026,5.3172,5.3172,5.3172,5.3172
48141,1,0.3184,0.2979,0.0205,5.358,5.358,5.358,5.358
48150,1,0.2474,0.2354,0.012,5.3402,5.3402,5.3402,5.3402
48159,23,7.8103,7.3258,0.4845,5.3586,5.3466,5.3285,5.4956
48163,1,0.2159,0.2006,0.0152,5.3261,5.3261,5.3261,5.3261
48164,1,0.2549,0.2344,0.0205,5.3196,5.3196,5.3196,5.3196
48209,1,0.4822,0.4553,0.0269,5.3498,5.3498,5.3498,5.3498
48210,1,0.5554,0.5289,0.0265,5.4409,5.4409,5.4409,5.4409
48236,1,0.3581,0.3353,0.0228,5.7508,5.7508,5.7508,5.7508
48248,1,0.3105,0.2885,0.022,5.3366,5.3366,5.3366,5.3366
48251,1,0.1771,0.1629,0.0142,5.3406,5.3406,5.3406,5.3406
48252,11,15.0785,14.9388,0.1398,5.3912,5.3395,5.3204,5.6345
48254,1,1.0528,1.0387,0.0141,5.3171,5.3171,5.3171,5.3171
48255,1,1.9092,1.89,0.0192,5.3473,5.3473,5.3473,5.3473
48338,351,237.9828,230.8774,7.1055,5.3514,5.3447,5.2965,5.5496
48339,12,4.1241,3.864,0.2601,5.3338,5.3268,5.3067,5.3655
48343,1,2.5415,2.446,0.0955,5.7889,5.7889,5.7889,5.7889
48350,1,0.4529,0.4294,0.0235,5.4295,5.4295,5.4295,5.4295
48384,1,0.4293,0.4045,0.0249,5.3209,5.3209,5.3209,5.3209
48388,1,0.3791,0.3572,0.0219,5.3441,5.3441,5.3441,5.3441
48389,1,0.2812,0.2632,0.018,5.3411,5.3411,5.3411,5.3411
48390,1,0.2934,0.2755,0.0179,5.3392,5.3392,5.3392,5.3392
48424,1,0.2874,0.2669,0.0205,5.3302,5.3302,5.3302,5.3302
48430,1,0.3598,0.3387,0.0211,5.3512,5.3512,5.3512,5.3512
48462,2,1.0013,0.9528,0.0485,5.3322,5.3322,5.3295,5.3349
48466,2,3.3502,3.2685,0.0817,5.5186,5.5186,5.3244,5.7129
48467,15,11.8188,11.4558,0.3631,5.3681,5.3773,5.3226,5.4043
48469,2,1.1556,1.1174,0.0382,5.342,5.342,5.341,5.343
48471,1,2.015,1.9856,0.0294,5.4407,5.4407,5.4407,5.4407
48481,1,1.1676,1.143,0.0246,5.3403,5.3403,5.3403,5.3403
48590,1,0.8772,0.8544,0.0228,5.3226,5.3226,5.3226,5.3226
48594,1,0.5368,0.5173,0.0195,5.3313,5.3313,5.3313,5.3313
48595,1,1.8044,1.7753,0.0291,5.3845,5.3845,5.3845,5.3845
48642,7,5.9145,5.7493,0.1652,5.3607,5.3595,5.3182,5.4279
48643,6,15.1576,14.8801,0.2775,5.4811,5.3407,5.3234,5.8441
48652,2,0.912,0.8681,0.0439,5.3323,5.3323,5.3274,5.3372
48657,1,0.3871,0.3666,0.0205,5.3524,5.3524,5.3524,5.3524
48658,2,0.9034,0.8569,0.0466,5.3299,5.3299,5.3269,5.3329
48679,1,0.3095,0.2913,0.0181,5.3239,5.3239,5.3239,5.3239
48680,1,0.3404,0.3197,0.0206,5.3279,5.3279,5.3279,5.3279
48687,1,0.6472,0.6231,0.0241,5.3141,5.3141,5.3141,5.3141
48689,1,0.9039,0.8758,0.0281,5.7197,5.7197,5.7197,5.7197
48742,1,0.4556,0.4318,0.0238,5.3451,5.3451,5.3451,5.3451
48752,4,2.0987,2.0015,0.0972,5.3627,5.3746,5.3091,5.3926
48769,33,38.0409,37.1102,0.9307,5.4531,5.3861,5.3153,5.782
48770,1,0.6228,0.6032,0.0196,5.3591,5.3591,5.3591,5.3591
48773,1,1.0295,1.0078,0.0216,5.3168,5.3168,5.3168,5.3168
48774,1,0.5302,0.5133,0.0169,5.3311,5.3311,5.3311,5.3311
48775,1,1.1923,1.1643,0.028,5.3712,5.3712,5.3712,5.3712
48778,40,28.1591,27.2175,0.9416,5.365,5.3486,5.3168,5.6946
48779,4,2.1464,2.0544,0.092,5.3501,5.346,5.3347,5.3735
48806,5,5.0386,4.8953,0.1432,5.4161,5.3376,5.3271,5.7184
48807,5,1.9786,1.872,0.1066,5.3557,5.3387,5.3342,5.3981
48814,2,1.1289,1.0874,0.0414,5.3504,5.3504,5.3249,5.3759
48820,196,209.4778,204.745,4.7328,5.4031,5.3556,5.3136,5.8873
48822,1,0.9123,0.8848,0.0275,5.4833,5.4833,5.4833,5.4833
48824,3,1.0536,1.0053,0.0483,5.3353,5.3305,5.3295,5.3459
48838,2,1.2515,1.2056,0.0458,5.4053,5.4053,5.3354,5.4753
48842,90,119.6854,117.4694,2.2159,5.4595,5.3616,5.3109,6.3696
48846,55,57.3614,56.3768,0.9845,5.3568,5.3411,5.3141,5.6108
48907,1,0.4366,0.4189,0.0177,5.4113,5.4113,5.4113,5.4113
48922,2,1.0073,0.9705,0.0368,5.3273,5.3273,5.3264,5.3282
48938,11,23.3807,23.0511,0.3296,5.471,5.3396,5.3201,5.8215
48942,1,0.5552,0.5413,0.0138,5.3211,5.3211,5.3211,5.3211
48943,1,0.5605,0.5459,0.0146,5.3255,5.3255,5.3255,5.3255
48973,2,2.2668,2.2333,0.0335,5.3623,5.3623,5.3251,5.3995
48974,1,0.8769,0.8593,0.0176,5.3346,5.3346,5.3346,5.3346
48978,2,1.5646,1.5313,0.0333,5.3521,5.3521,5.3225,5.3817
49063,16,15.1848,14.8919,0.2929,5.8632,5.8561,5.7847,6.0049
49069,1,1.1554,1.1407,0.0147,5.3532,5.3532,5.3532,5.3532
49076,1,0.6017,0.5858,0.0159,5.3288,5.3288,5.3288,5.3288
49091,9,9.6536,9.491,0.1626,5.336,5.3312,5.3181,5.3806
49174,1,0.6496,0.6252,0.0244,5.3768,5.3768,5.3768,5.3768
49180,2,2.0092,1.9566,0.0526,5.4069,5.4069,5.4063,5.4076
49298,1,0.9944,0.9718,0.0226,5.3874,5.3874,5.3874,5.3874
49299,1,0.5347,0.5207,0.0141,5.3238,5.3238,5.3238,5.3238
49365,14,11.2329,10.9704,0.2626,5.3844,5.3287,5.3194,5.7285
49375,29,52.3937,51.6421,0.7516,5.4376,5.3873,5.3135,5.7118
49390,1,1.6806,1.6646,0.016,5.4229,5.4229,5.4229,5.4229
49405,1,1.3702,1.3439,0.0263,5.4072,5.4072,5.4072,5.4072
49406,18,11.2202,10.8704,0.3498,5.3333,5.3315,5.3077,5.3675
49408,45,44.678,43.6241,1.0538,5.4033,5.3388,5.3147,6.0898
49415,1,0.4872,0.4668,0.0203,5.33,5.33,5.33,5.33
49416,1,1.6964,1.6668,0.0296,5.4133,5.4133,5.4133,5.4133
49426,1,1.4089,1.3861,0.0228,5.4176,5.4176,5.4176,5.4176
49427,1,1.3859,1.367,0.0189,5.4023,5.4023,5.4023,5.4023
49470,1,0.837,0.8179,0.0192,5.3466,5.3466,5.3466,5.3466
49471,21,16.9689,16.547,0.4218,5.3591,5.3373,5.3177,5.5613
49482,1,1.0599,1.0403,0.0196,5.3726,5.3726,5.3726,5.3726
49579,17,19.5851,19.1357,0.4493,5.4015,5.3455,5.3203,5.7535
49580,3,1.8637,1.7964,0.0672,5.5194,5.5844,5.3229,5.651
49588,1,0.8808,0.8514,0.0294,5.3706,5.3706,5.3706,5.3706
49617,1,1.1127,1.0862,0.0265,5.3737,5.3737,5.3737,5.3737
49618,1,0.5928,0.5694,0.0235,5.343,5.343,5.343,5.343
49632,107,133.5126,130.7953,2.7173,5.4204,5.3587,5.3167,5.8582
49665,1,1.1643,1.1425,0.0218,5.372,5.372,5.372,5.372
49706,1,0.8869,0.8625,0.0244,5.3399,5.3399,5.3399,5.3399
49708,1,1.5662,1.5392,0.027,5.3723,5.3723,5.3723,5.3723
49801,2,3.1338,3.0758,0.058,5.7977,5.7977,5.7804,5.8149
49805,1,1.1139,1.0888,0.0252,5.3459,5.3459,5.3459,5.3459
49807,1,0.744,0.7214,0.0226,5.3656,5.3656,5.3656,5.3656
49812,1,0.4447,0.4268,0.0179,5.3569,5.3569,5.3569,5.3569
49813,1,1.4086,1.3804,0.0282,5.3764,5.3764,5.3764,5.3764
49814,22,21.0996,20.593,0.5066,5.3704,5.3586,5.3296,5.4681
49875,20,19.1239,18.5705,0.5534,5.5063,5.3463,5.3193,6.0098
49899,1,0.5182,0.5005,0.0177,5.3558,5.3558,5.3558,5.3558
49900,1,0.3199,0.2975,0.0224,5.3359,5.3359,5.3359,5.3359
49922,1,0.3457,0.3217,0.024,5.3252,5.3252,5.3252,5.3252
49951,1,0.2885,0.2683,0.0202,5.3131,5.3131,5.3131,5.3131
49963,1,1.2554,1.2123,0.043,5.6453,5.6453,5.6453,5.6453
49967,1,0.5543,0.5263,0.028,5.7483,5.7483,5.7483,5.7483
49969,1,0.1819,0.1686,0.0133,5.344,5.344,5.344,5.344
50079,1,0.5394,0.5135,0.0259,5.7428,5.7428,5.7428,5.7428
50080,1,0.2866,0.2656,0.0211,5.3264,5.3264,5.3264,5.3264
50084,1,0.2086,0.1984,0.0102,5.3284,5.3284,5.3284,5.3284
50118,1,0.2384,0.222,0.0164,5.335,5.335,5.335,5.335
50119,3,1.1054,1.0476,0.0578,5.3387,5.3367,5.3284,5.351
50123,7,2.0029,1.8767,0.1262,5.3464,5.3361,5.3195,5.3916
50124,1,0.3025,0.2816,0.0209,5.3464,5.3464,5.3464,5.3464
50127,1,0.6929,0.662,0.0309,5.7352,5.7352,5.7352,5.7352
50128,1,0.3305,0.3133,0.0172,5.3319,5.3319,5.3319,5.3319
50131,1,0.3819,0.3574,0.0246,5.3444,5.3444,5.3444,5.3444
50144,1,0.3233,0.301,0.0224,5.3651,5.3651,5.3651,5.3651
50145,9,6.2853,6.0095,0.2757,5.406,5.3614,5.3226,5.7167
50153,4,3.3159,3.1979,0.118,5.7901,5.8125,5.7173,5.8183
50162,1,0.3365,0.3149,0.0215,5.3456,5.3456,5.3456,5.3456
50183,1,0.268,0.252,0.016,5.3283,5.3283,5.3283,5.3283
50186,2,1.2227,1.1728,0.0499,5.3598,5.3598,5.3157,5.4039
50190,6,2.2998,2.1784,0.1215,5.3402,5.3338,5.33,5.3665
50204,1,0.8607,0.8325,0.0283,5.379,5.379,5.379,5.379
50229,3,1.7725,1.7042,0.0684,5.3686,5.3625,5.331,5.4123
50283,8,3.1664,3.0129,0.1536,5.3415,5.3321,5.3206,5.3753
50284,1,0.4656,0.444,0.0216,5.3225,5.3225,5.3225,5.3225
50316,3,1.7752,1.6972,0.078,5.3802,5.3281,5.3273,5.4852
50321,1,0.3343,0.3176,0.0167,5.3286,5.3286,5.3286,5.3286
50322,1,0.6745,0.6495,0.0251,5.3485,5.3485,5.3485,5.3485
50412,1,1.7802,1.7513,0.0289,5.8187,5.8187,5.8187,5.8187
50421,1,0.7683,0.7461,0.0221,5.3272,5.3272,5.3272,5.3272
50429,1,0.7402,0.721,0.0192,5.3544,5.3544,5.3544,5.3544
50431,1,0.7346,0.7158,0.0188,5.3198,5.3198,5.3198,5.3198
50432,1,0.6237,0.6052,0.0184,5.3286,5.3286,5.3286,5.3286
50434,174,76.1041,72.5948,3.5093,5.3552,5.3385,5.3154,5.7608
50446,1,0.2566,0.2399,0.0167,5.3436,5.3436,5.3436,5.3436
50497,1,0.6743,0.6413,0.0331,5.809,5.809,5.809,5.809
50502,1,0.4831,0.4546,0.0284,5.4293,5.4293,5.4293,5.4293
50521,1,0.6114,0.5847,0.0267,5.4187,5.4187,5.4187,5.4187
50528,1,0.2324,0.2166,0.0157,5.3703,5.3703,5.3703,5.3703
50553,1,0.3764,0.3541,0.0222,5.377,5.377,5.377,5.377
50587,292,160.3532,154.8475,5.5057,5.3458,5.3348,5.3076,5.798
50588,327,105.0513,99.7409,5.3104,5.3746,5.3327,5.3029,6.4075
50615,1,0.3111,0.2909,0.0202,5.8417,5.8417,5.8417,5.8417
50623,1,0.309,0.2901,0.0189,5.321,5.321,5.321,5.321
50656,1,0.3155,0.2929,0.0226,5.3575,5.3575,5.3575,5.3575
50763,1,0.6844,0.6584,0.0259,5.3996,5.3996,5.3996,5.3996
50767,1,0.3121,0.2926,0.0195,5.3359,5.3359,5.3359,5.3359
50771,1,0.4318,0.4105,0.0213,5.3156,5.3156,5.3156,5.3156
50772,1,0.3886,0.3697,0.0188,5.3413,5.3413,5.3413,5.3413
50773,1,0.8153,0.7889,0.0264,5.3932,5.3932,5.3932,5.3932
50774,1,0.6694,0.645,0.0244,5.3435,5.3435,5.3435,5.3435
50806,1,3.026,2.9547,0.0713,5.7914,5.7914,5.7914,5.7914
50842,1,0.5187,0.4936,0.025,5.3322,5.3322,5.3322,5.3322
50847,72,25.2594,23.8204,1.439,5.3512,5.3482,5.3125,5.4129
50848,263,161.1931,155.5634,5.6297,5.3519,5.3441,5.3084,5.7072
50856,199,97.321,92.9458,4.3752,5.3586,5.3492,5.3122,5.6766
50873,1,2.1896,2.1743,0.0153,5.4005,5.4005,5.4005,5.4005
50879,1,1.2535,1.2417,0.0117,5.3649,5.3649,5.3649,5.3649
50909,87,183.8487,181.9242,1.9245,5.4469,5.3811,5.3266,5.7258
50922,1,0.1945,0.1818,0.0127,5.3319,5.3319,5.3319,5.3319
50943,1,0.3877,0.3657,0.022,5.3169,5.3169,5.3169,5.3169
50944,3,1.1518,1.0906,0.0612,5.4395,5.3272,5.3174,5.6739
50958,1,3.8484,3.7221,0.1263,5.9074,5.9074,5.9074,5.9074
50984,1,0.3302,0.3089,0.0214,5.3357,5.3357,5.3357,5.3357
50993,3,1.3176,1.2476,0.07,5.3647,5.3694,5.3354,5.3894
51008,1,0.5531,0.5278,0.0253,5.4273,5.4273,5.4273,5.4273
51018,1,0.4712,0.4445,0.0268,5.3078,5.3078,5.3078,5.3078
51037,1,1.0127,0.9765,0.0361,5.5553,5.5553,5.5553,5.5553
51041,1,0.3647,0.3412,0.0234,5.4599,5.4599,5.4599,5.4599
51042,1,0.1876,0.175,0.0127,5.3389,5.3389,5.3389,5.3389
51059,1,0.3311,0.3086,0.0225,5.3405,5.3405,5.3405,5.3405
51086,2,0.614,0.5775,0.0365,5.3697,5.3697,5.3247,5.4146
51105,1,0.183,0.1689,0.0141,5.3369,5.3369,5.3369,5.3369
51135,47,19.9986,19.0118,0.9868,5.4224,5.3349,5.3108,6.424
51137,5,2.4681,2.3671,0.1009,5.3362,5.3312,5.3208,5.3698
51156,1,0.5836,0.5594,0.0242,5.5131,5.5131,5.5131,5.5131
51157,1,0.3879,0.3666,0.0213,6.0404,6.0404,6.0404,6.0404
51162,30,20.0787,19.2,0.8788,5.4597,5.3376,5.314,6.0452
51163,1,0.2017,0.1886,0.0131,5.3304,5.3304,5.3304,5.3304
51168,1,0.5779,0.5513,0.0267,5.4139,5.4139,5.4139,5.4139
51247,8,3.5167,3.3365,0.1802,5.3805,5.3795,5.327,5.4455
51248,2,0.7769,0.7293,0.0476,5.3402,5.3402,5.3277,5.3528
51289,3,0.8403,0.7917,0.0486,5.34,5.3301,5.3192,5.3708
51310,1,0.3932,0.3708,0.0223,5.4181,5.4181,5.4181,5.4181
51312,1,0.6788,0.6523,0.0265,5.3985,5.3985,5.3985,5.3985
51327,1,0.3547,0.3313,0.0233,6.0235,6.0235,6.0235,6.0235
51333,1,0.2765,0.2564,0.02,5.3203,5.3203,5.3203,5.3203
51375,3,1.133,1.0733,0.0597,5.3512,5.3344,5.3336,5.3856
51389,1,0.5901,0.5656,0.0245,5.3249,5.3249,5.3249,5.3249
51390,6,4.5799,4.3854,0.1945,5.4361,5.338,5.3167,5.8619
51397,3,1.2776,1.2064,0.0713,5.3628,5.3696,5.3445,5.3742
51401,1,0.3571,0.3367,0.0203,5.3673,5.3673,5.3673,5.3673
51408,1,0.6368,0.6073,0.0295,5.3115,5.3115,5.3115,5.3115
51422,4,1.6048,1.5249,0.0799,5.3394,5.3418,5.3236,5.3502
51441,2,1.9876,1.9387,0.0489,5.3204,5.3204,5.3179,5.3229
51450,1,0.4035,0.3838,0.0197,5.3441,5.3441,5.3441,5.3441
51453,10,11.855,11.5817,0.2734,5.4199,5.3788,5.3311,5.7004
51463,1,0.3484,0.3338,0.0146,5.3272,5.3272,5.3272,5.3272
51465,1,0.5458,0.5243,0.0215,5.3372,5.3372,5.3372,5.3372
51466,1,1.0806,1.053,0.0276,5.3771,5.3771,5.3771,5.3771
51482,3,1.4826,1.4152,0.0673,5.3597,5.3608,5.3568,5.3614
51485,7,3.17,3.0347,0.1353,5.3327,5.3295,5.3173,5.3601
51495,202,113.079,109.2063,3.8727,5.4224,5.3344,5.3032,6.3621
51523,1,0.4356,0.4127,0.0229,5.3366,5.3366,5.3366,5.3366
51525,1,0.282,0.2633,0.0187,5.3256,5.3256,5.3256,5.3256
51530,1,0.7265,0.695,0.0315,5.4318,5.4318,5.4318,5.4318
51536,14,8.5415,8.2187,0.3229,5.354,5.3296,5.3152,5.4029
51567,1,0.5895,0.566,0.0235,5.3568,5.3568,5.3568,5.3568
51568,1,0.8504,0.8238,0.0266,5.3204,5.3204,5.3204,5.3204
51595,2,1.8429,1.792,0.0509,5.4709,5.4709,5.4087,5.5332
51600,1,0.3377,0.3202,0.0175,5.3325,5.3325,5.3325,5.3325
51601,1,4.8949,4.7883,0.1065,6.017,6.017,6.017,6.017
51637,1,0.5692,0.5478,0.0214,5.3661,5.3661,5.3661,5.3661
51651,4,4.8634,4.7895,0.0739,5.3886,5.3585,5.338,5.4995
51668,1,0.6567,0.6448,0.0119,5.337,5.337,5.337,5.337
51669,1,1.2177,1.2018,0.0159,5.4077,5.4077,5.4077,5.4077
51681,1,1.3669,1.3481,0.0188,5.354,5.354,5.354,5.354
51689,1,1.6281,1.6079,0.0202,5.3609,5.3609,5.3609,5.3609
51690,1,0.7383,0.7251,0.0131,5.3348,5.3348,5.3348,5.3348
51726,1,1.0035,0.9859,0.0176,5.3493,5.3493,5.3493,5.3493
51731,1,0.8696,0.8526,0.017,5.3279,5.3279,5.3279,5.3279
51736,1,1.9941,1.9699,0.0242,5.4186,5.4186,5.4186,5.4186
51737,1,3.7785,3.7464,0.0321,5.4728,5.4728,5.4728,5.4728
51738,1,0.6019,0.5875,0.0144,5.3404,5.3404,5.3404,5.3404
51739,1,9.3572,9.2647,0.0925,5.8895,5.8895,5.8895,5.8895
51840,2,1.3365,1.3163,0.0203,5.3385,5.3385,5.3305,5.3465
51864,19,24.1328,23.7883,0.3445,5.4369,5.3346,5.324,5.8849
51902,1,1.4997,1.4794,0.0203,5.3481,5.3481,5.3481,5.3481
51903,1,8.897,8.8004,0.0966,5.9577,5.9577,5.9577,5.9577
51912,2,3.745,3.7072,0.0378,5.5991,5.5991,5.3432,5.8549
51914,1,0.9773,0.9617,0.0156,5.3637,5.3637,5.3637,5.3637
51926,23,22.7105,22.2874,0.423,5.4307,5.344,5.3113,5.8127
51952,8,15.2769,14.9452,0.3317,5.6545,5.3521,5.3331,6.3229
51956,4,6.4288,6.3265,0.1022,5.6435,5.6413,5.3345,5.9572
51957,188,123.3457,119.1086,4.2372,5.3721,5.3513,5.3084,5.9764
51987,1,7.6698,7.6182,0.0516,5.6737,5.6737,5.6737,5.6737
51995,2,1.5375,1.5137,0.0238,5.3427,5.3427,5.3368,5.3486
51996,4,3.1279,3.0722,0.0558,5.3699,5.3751,5.3191,5.4104
52003,1,1.9657,1.9493,0.0165,5.4252,5.4252,5.4252,5.4252
52026,1,0.9155,0.8988,0.0167,5.3432,5.3432,5.3432,5.3432
52045,1,0.9441,0.9236,0.0205,5.3717,5.3717,5.3717,5.3717
52046,2,2.9434,2.8951,0.0483,5.4036,5.4036,5.378,5.4292
52047,6,13.1638,12.9375,0.2263,5.4802,5.3795,5.3468,5.7354
52048,6,4.7846,4.6542,0.1304,5.3497,5.3482,5.3132,5.3787
52050,1,0.4142,0.3994,0.0148,5.3187,5.3187,5.3187,5.3187
52051,1,0.5039,0.4849,0.0191,5.3275,5.3275,5.3275,5.3275
52065,2,2.7628,2.7178,0.045,5.3774,5.3774,5.3751,5.3798
52107,3,2.0257,1.9691,0.0566,5.3319,5.3283,5.3272,5.3403
52108,3,2.6545,2.5856,0.0689,5.3659,5.3397,5.3365,5.4215
52132,1,0.7491,0.725,0.0241,5.3532,5.3532,5.3532,5.3532
52156,1,1.2499,1.2258,0.0241,5.4087,5.4087,5.4087,5.4087
52178,1,0.5085,0.49,0.0185,5.4094,5.4094,5.4094,5.4094
52186,1,0.7988,0.7752,0.0236,5.4348,5.4348,5.4348,5.4348
52187,1,0.8235,0.7994,0.024,5.4033,5.4033,5.4033,5.4033
52188,1,0.382,0.3683,0.0137,5.3308,5.3308,5.3308,5.3308
52189,2,1.576,1.5323,0.0437,5.3438,5.3438,5.3311,5.3566
52190,1,0.6508,0.6302,0.0206,5.365,5.365,5.365,5.365
52191,27,24.5438,23.9385,0.6053,5.4006,5.3515,5.3146,5.6978
52194,1,4.9628,4.8804,0.0824,6.4364,6.4364,6.4364,6.4364
52200,1,0.4921,0.4747,0.0174,5.4279,5.4279,5.4279,5.4279
52206,1,1.2412,1.216,0.0252,5.4128,5.4128,5.4128,5.4128
52207,2,2.1514,2.0963,0.0551,5.6271,5.6271,5.4163,5.8379
52208,2,5.4541,5.372,0.0821,5.9287,5.9287,5.9034,5.9541
52209,1,0.3851,0.3668,0.0184,5.334,5.334,5.334,5.334
52210,1,0.3833,0.3653,0.018,5.3369,5.3369,5.3369,5.3369
52223,1,0.4793,0.4588,0.0205,5.3283,5.3283,5.3283,5.3283
52245,1,0.7184,0.6951,0.0233,5.3513,5.3513,5.3513,5.3513
52256,2,7.5307,7.4051,0.1256,5.5353,5.5353,5.5253,5.5452
52270,2,1.6767,1.626,0.0507,5.3813,5.3813,5.3307,5.4319
52271,1,1.1581,1.1269,0.0312,5.4386,5.4386,5.4386,5.4386
52315,2,1.2883,1.2434,0.045,5.3553,5.3553,5.3275,5.3832
52319,4,1.6983,1.6121,0.0862,5.3592,5.3508,5.3477,5.3876
52325,1,0.5376,0.5135,0.0241,5.3296,5.3296,5.3296,5.3296
52326,1,0.8044,0.7772,0.0272,5.7925,5.7925,5.7925,5.7925
52331,2,1.4747,1.4253,0.0494,5.3522,5.3522,5.3198,5.3846
52339,1,0.5287,0.5077,0.021,5.327,5.327,5.327,5.327
52351,2,0.9203,0.8801,0.0402,5.3278,5.3278,5.326,5.3296
52354,6,23.1049,22.9074,0.1975,5.5158,5.4895,5.3507,5.7324
52381,1,1.8719,1.8474,0.0245,5.394,5.394,5.394,5.394
52396,1,0.6372,0.623,0.0143,5.3318,5.3318,5.3318,5.3318
52397,2,3.1766,3.1357,0.0409,5.3585,5.3585,5.3483,5.3687
52399,2,1.2106,1.1794,0.0312,5.3349,5.3349,5.3318,5.338
52400,1,1.5076,1.4948,0.0128,5.9043,5.9043,5.9043,5.9043
52410,1,1.9908,1.9674,0.0234,5.4012,5.4012,5.4012,5.4012
52415,1,0.5823,0.5683,0.0141,5.3364,5.3364,5.3364,5.3364
52418,2,7.4218,7.357,0.0648,5.5878,5.5878,5.3889,5.7867
52419,2,1.7731,1.7349,0.0382,5.35,5.35,5.35,5.35
52424,1,1.215,1.1913,0.0236,5.7862,5.7862,5.7862,5.7862
52432,1,0.8957,0.8765,0.0192,5.3736,5.3736,5.3736,5.3736
52439,1,0.4931,0.4782,0.0149,5.3311,5.3311,5.3311,5.3311
52480,1,0.4073,0.3915,0.0158,5.3361,5.3361,5.3361,5.3361
52485,1,0.5697,0.5496,0.0201,5.3235,5.3235,5.3235,5.3235
52486,1,1.5352,1.5101,0.025,5.3794,5.3794,5.3794,5.3794
52489,1,1.5581,1.5348,0.0233,5.3814,5.3814,5.3814,5.3814
52493,1,0.7397,0.7198,0.0199,5.3492,5.3492,5.3492,5.3492
52494,4,3.1234,3.0294,0.0941,5.4322,5.409,5.3411,5.5697
52542,13,11.8233,11.4801,0.3431,5.3867,5.3628,5.3376,5.6246
52543,1,3.9534,3.8896,0.0638,5.8299,5.8299,5.8299,5.8299
52556,188,123.9789,119.8383,4.1406,5.373,5.3654,5.3148,5.6548
52557,112,39.2694,37.1525,2.117,5.3506,5.3341,5.3119,5.7956
52559,1,1.6776,1.6426,0.035,5.5137,5.5137,5.5137,5.5137
52560,2,1.4684,1.4295,0.0388,5.3313,5.3313,5.3257,5.3368
52568,1,0.4415,0.4238,0.0177,5.3339,5.3339,5.3339,5.3339
52578,1,1.1901,1.168,0.0221,5.6959,5.6959,5.6959,5.6959
52591,1,1.4993,1.4755,0.0238,5.396,5.396,5.396,5.396
52594,1,1.3995,1.3815,0.018,5.3969,5.3969,5.3969,5.3969
52595,1,0.5703,0.5506,0.0197,5.3157,5.3157,5.3157,5.3157
52596,1,2.621,2.5851,0.0358,5.6791,5.6791,5.6791,5.6791
52608,2,1.2773,1.2352,0.0421,5.336,5.336,5.3307,5.3414
52622,1,0.408,0.3905,0.0175,5.326,5.326,5.326,5.326
52654,1,0.379,0.3622,0.0168,5.3319,5.3319,5.3319,5.3319
52656,28,17.6632,17.0789,0.5843,5.4131,5.3382,5.3206,5.9203
52676,1,0.8603,0.8315,0.0288,5.3598,5.3598,5.3598,5.3598
52677,1,0.2739,0.2566,0.0172,5.3346,5.3346,5.3346,5.3346
52679,1,0.3641,0.3429,0.0213,5.3131,5.3131,5.3131,5.3131
52680,1,0.2823,0.2618,0.0205,5.3325,5.3325,5.3325,5.3325
52681,1,0.4281,0.4042,0.0239,5.3574,5.3574,5.3574,5.3574
52682,1,1.0063,0.9736,0.0326,5.4234,5.4234,5.4234,5.4234
52683,1,0.8676,0.8426,0.025,5.7939,5.7939,5.7939,5.7939
52694,1,0.3842,0.3634,0.0209,5.3089,5.3089,5.3089,5.3089
52701,1,0.3465,0.3265,0.02,5.331,5.331,5.331,5.331
52702,1,0.5636,0.54,0.0236,5.344,5.344,5.344,5.344
52706,37,20.324,19.4223,0.9016,5.3954,5.3482,5.3119,5.7397
52757,18,10.7756,10.2423,0.5333,5.4182,5.3471,5.3263,5.9109
52771,1,0.6688,0.6357,0.033,5.4518,5.4518,5.4518,5.4518
52772,1,0.2037,0.1893,0.0144,5.3255,5.3255,5.3255,5.3255
52785,1,0.1989,0.1875,0.0113,5.3263,5.3263,5.3263,5.3263
52787,1,0.2059,0.1921,0.0139,5.3344,5.3344,5.3344,5.3344
52799,1,0.9838,0.9618,0.022,5.701,5.701,5.701,5.701
52857,1,0.8435,0.8202,0.0233,5.3378,5.3378,5.3378,5.3378
52862,1,1.9129,1.8837,0.0292,5.3707,5.3707,5.3707,5.3707
52874,1,0.6765,0.6566,0.0199,5.3575,5.3575,5.3575,5.3575
52878,1,0.808,0.7879,0.02,5.3338,5.3338,5.3338,5.3338
52879,1,0.7785,0.7505,0.028,5.3436,5.3436,5.3436,5.3436
52880,1,0.4895,0.4708,0.0186,5.3301,5.3301,5.3301,5.3301
52886,2,11.2542,11.0838,0.1703,6.4638,6.4638,6.3485,6.579
52888,6,5.5672,5.4241,0.1431,5.3516,5.3552,5.3242,5.3773
52889,1,0.7725,0.7517,0.0208,5.3273,5.3273,5.3273,5.3273
52904,6,6.4847,6.3445,0.1401,5.3646,5.3504,5.3326,5.4236
52922,1,0.4855,0.4661,0.0194,5.3437,5.3437,5.3437,5.3437
52929,3,1.8697,1.809,0.0607,5.5145,5.3841,5.335,5.8244
52937,1,0.5658,0.5441,0.0217,5.351,5.351,5.351,5.351
52938,4,4.3305,4.2361,0.0944,5.3687,5.3662,5.343,5.3993
52950,4,2.7742,2.6894,0.0848,5.3498,5.3452,5.3289,5.3797
52973,42,24.4686,23.605,0.8635,5.3696,5.3318,5.307,5.6766
52974,46,34.7941,33.8312,0.9629,5.3691,5.3346,5.3135,5.6612
52988,1,0.3465,0.3241,0.0224,5.3304,5.3304,5.3304,5.3304
53010,11,6.5506,6.28,0.2706,5.4896,5.3576,5.3309,5.7178
53017,1,0.3742,0.3509,0.0234,5.3301,5.3301,5.3301,5.3301
53018,1,0.4428,0.4187,0.0241,5.324,5.324,5.324,5.324
53045,1,0.4059,0.3846,0.0213,5.3404,5.3404,5.3404,5.3404
53084,6,2.5821,2.4653,0.1168,5.3353,5.3296,5.3231,5.3692
53087,3,1.4687,1.3988,0.07,5.3341,5.3342,5.3226,5.3454
53091,1,0.5951,0.5707,0.0244,5.3547,5.3547,5.3547,5.3547
53098,1,1.0129,0.9848,0.0281,5.3708,5.3708,5.3708,5.3708
53099,12,23.8126,23.3928,0.4197,5.5781,5.6842,5.3228,5.8186
53108,1,0.528,0.5079,0.02,5.3144,5.3144,5.3144,5.3144
53129,1,0.616,0.596,0.02,5.3254,5.3254,5.3254,5.3254
53166,1,0.5292,0.5109,0.0183,5.3836,5.3836,5.3836,5.3836
53193,66,47.6318,46.097,1.5349,5.419,5.374,5.3203,6.4473
53194,1,2.1153,2.0602,0.055,5.6955,5.6955,5.6955,5.6955
53195,1,0.3632,0.3417,0.0215,5.3165,5.3165,5.3165,5.3165
53202,1,0.2407,0.2246,0.0161,5.3286,5.3286,5.3286,5.3286
53203,1,0.228,0.219,0.009,5.326,5.326,5.326,5.326
53213,1,0.397,0.3725,0.0245,5.341,5.341,5.341,5.341
53252,1,0.314,0.2931,0.0209,5.3164,5.3164,5.3164,5.3164
53269,2,1.2963,1.2393,0.057,5.4887,5.4887,5.3893,5.588
53279,3,1.9398,1.8754,0.0644,5.3601,5.3599,5.3223,5.398
53307,1,0.6866,0.6634,0.0232,5.3717,5.3717,5.3717,5.3717
53312,1,1.3695,1.3304,0.0391,5.3808,5.3808,5.3808,5.3808
53339,1,0.5481,0.5276,0.0205,5.3494,5.3494,5.3494,5.3494
53358,1,0.6435,0.6201,0.0234,5.3944,5.3944,5.3944,5.3944
53382,1,3.9223,3.8188,0.1035,6.4881,6.4881,6.4881,6.4881
53399,2,0.7132,0.6803,0.0329,5.3252,5.3252,5.3208,5.3296
53406,1,0.6137,0.5915,0.0222,5.3836,5.3836,5.3836,5.3836
53411,1,0.3337,0.3155,0.0182,5.3715,5.3715,5.3715,5.3715
53412,171,135.5835,131.473,4.1105,5.374,5.3567,5.3085,5.6353
53413,2,4.0936,4.0332,0.0605,5.4068,5.4068,5.3519,5.4617
53437,1,3.2209,3.1884,0.0325,5.4973,5.4973,5.4973,5.4973
53460,59,36.7722,35.573,1.1992,5.3458,5.3377,5.3162,5.3992
53461,55,23.0772,22.0077,1.0695,5.3682,5.3422,5.3145,6.0157
53503,1,0.434,0.4109,0.0231,5.3225,5.3225,5.3225,5.3225
53505,1,0.4462,0.4227,0.0236,5.3292,5.3292,5.3292,5.3292
53507,1,0.2798,0.2614,0.0184,5.3207,5.3207,5.3207,5.3207
53548,141,94.7595,91.6752,3.0842,5.3591,5.3445,5.3142,5.559
53556,1,3.3514,3.2812,0.0701,5.74,5.74,5.74,5.74
53574,1,0.3973,0.3787,0.0186,5.3192,5.3192,5.3192,5.3192
53575,1,0.3315,0.3184,0.0131,5.3386,5.3386,5.3386,5.3386
53579,1,0.3919,0.3722,0.0197,5.3297,5.3297,5.3297,5.3297
53580,3,0.672,0.6278,0.0442,5.3386,5.3353,5.3302,5.3502
53589,1,0.1969,0.1848,0.0121,5.3378,5.3378,5.3378,5.3378
53598,1,0.2758,0.2559,0.02,5.3273,5.3273,5.3273,5.3273
53599,1,0.2178,0.2035,0.0143,5.3379,5.3379,5.3379,5.3379
53602,1,0.2464,0.2289,0.0175,5.3446,5.3446,5.3446,5.3446
53618,3,0.9278,0.8703,0.0575,5.3339,5.3306,5.3213,5.3499
53619,3,0.8926,0.8419,0.0507,5.3455,5.3332,5.3277,5.3755
53620,1,0.9047,0.8666,0.0381,5.5265,5.5265,5.5265,5.5265
53693,1,0.4908,0.4678,0.023,5.4165,5.4165,5.4165,5.4165
53700,1,0.2746,0.2547,0.0199,5.3521,5.3521,5.3521,5.3521
53703,7,5.6927,5.4494,0.2434,5.8184,5.3369,5.3246,6.568
53704,5,1.6651,1.5675,0.0976,5.3519,5.3529,5.3269,5.3809
53714,134,43.2,40.5559,2.6441,5.3547,5.3448,5.3097,5.6951
53738,1,0.4925,0.4713,0.0212,5.4195,5.4195,5.4195,5.4195
53749,9,4.7687,4.5395,0.2291,5.4132,5.3607,5.3349,5.7042
53750,6,2.0194,1.9055,0.1139,5.4249,5.361,5.3215,5.5854
53754,2,1.6706,1.6086,0.0621,5.4656,5.4656,5.3889,5.5422
53763,1,0.2236,0.2132,0.0104,5.3304,5.3304,5.3304,5.3304
53767,1,0.2065,0.196,0.0105,5.3348,5.3348,5.3348,5.3348
53773,1,0.3195,0.2984,0.0211,5.3189,5.3189,5.3189,5.3189
53774,146,78.3125,75.5823,2.7302,5.3497,5.3384,5.3132,5.824
53788,1,0.4778,0.4604,0.0174,5.3345,5.3345,5.3345,5.3345
53791,1,0.3912,0.3747,0.0165,5.3358,5.3358,5.3358,5.3358
53794,1,1.3049,1.28,0.0249,5.4101,5.4101,5.4101,5.4101
53804,1,1.0734,1.0495,0.0239,5.3427,5.3427,5.3427,5.3427
53849,1,0.4807,0.464,0.0167,5.329,5.329,5.329,5.329
53852,2,1.6872,1.6457,0.0414,5.3932,5.3932,5.3745,5.4118
53926,1,0.4873,0.4689,0.0184,5.3936,5.3936,5.3936,5.3936
53927,1,1.7116,1.6832,0.0285,5.4147,5.4147,5.4147,5.4147
53932,1,0.6614,0.6363,0.0251,5.3175,5.3175,5.3175,5.3175
53936,6,5.1238,5.0047,0.1191,5.414,5.3329,5.3117,5.6123
53937,3,1.8983,1.8416,0.0567,5.32,5.3209,5.3177,5.3214
53962,1,0.5356,0.5174,0.0182,5.3328,5.3328,5.3328,5.3328
53968,6,10.0325,9.8875,0.145,5.4255,5.367,5.3201,5.5968
53969,6,5.4811,5.3703,0.1109,5.3488,5.341,5.3301,5.3725
53974,1,0.7748,0.756,0.0189,5.3649,5.3649,5.3649,5.3649
53978,2,1.7892,1.7449,0.0443,5.3325,5.3325,5.3299,5.3351
53979,3,4.2492,4.173,0.0762,5.3818,5.3967,5.3433,5.4055
53986,1,1.1798,1.1611,0.0187,5.3588,5.3588,5.3588,5.3588
53987,1,0.4848,0.4668,0.0179,5.3303,5.3303,5.3303,5.3303
53994,236,142.2608,137.2756,4.9852,5.3809,5.3458,5.3078,6.0126
53995,75,80.2958,78.7071,1.5887,5.3945,5.3539,5.3263,5.681
54001,1,1.8698,1.8494,0.0204,5.3877,5.3877,5.3877,5.3877
54002,1,0.6492,0.6318,0.0175,5.337,5.337,5.337,5.337
54006,1,0.7092,0.6907,0.0185,5.3168,5.3168,5.3168,5.3168
54021,5,8.9,8.7704,0.1296,5.4097,5.3388,5.3226,5.7166
54023,1,0.6046,0.5852,0.0194,5.3367,5.3367,5.3367,5.3367
54024,1,0.788,0.7664,0.0216,5.3327,5.3327,5.3327,5.3327
54031,1,1.5041,1.4811,0.023,5.37,5.37,5.37,5.37
54035,3,2.0361,1.9851,0.051,5.3389,5.3347,5.332,5.35
54067,1,0.5408,0.5235,0.0173,5.3433,5.3433,5.3433,5.3433
54068,1,0.6682,0.6469,0.0213,5.3615,5.3615,5.3615,5.3615
54076,1,0.6233,0.6046,0.0188,5.3173,5.3173,5.3173,5.3173
54089,3,3.8184,3.7399,0.0785,5.5551,5.6065,5.4112,5.6477
54117,9,4.1324,3.9576,0.1748,5.3556,5.3307,5.307,5.416
54146,1,0.3596,0.3429,0.0167,5.3325,5.3325,5.3325,5.3325
54171,1,0.9187,0.9007,0.0179,5.3344,5.3344,5.3344,5.3344
54180,1,0.3636,0.3474,0.0163,5.3317,5.3317,5.3317,5.3317
54190,1,0.473,0.4544,0.0186,5.314,5.314,5.314,5.314
54191,1,0.6496,0.6274,0.0222,5.3735,5.3735,5.3735,5.3735
54232,24,17.3265,16.8099,0.5166,5.4381,5.3589,5.3181,6.0161
54260,1,0.8015,0.774,0.0275,5.356,5.356,5.356,5.356
54261,1,0.5763,0.5513,0.025,5.3673,5.3673,5.3673,5.3673
54264,1,0.2619,0.245,0.0169,5.3371,5.3371,5.3371,5.3371
54265,1,0.4943,0.4712,0.0231,5.3418,5.3418,5.3418,5.3418
54266,1,0.3719,0.3493,0.0226,5.6626,5.6626,5.6626,5.6626
54309,3,2.303,2.22,0.0831,5.3857,5.4083,5.3401,5.4087
54310,2,1.3858,1.3422,0.0436,5.3779,5.3779,5.3386,5.4171
54333,1,0.3575,0.3362,0.0213,5.6171,5.6171,5.6171,5.6171
54339,1,0.354,0.3337,0.0203,5.3362,5.3362,5.3362,5.3362
54342,1,0.876,0.8492,0.0268,5.364,5.364,5.364,5.364
54345,1,0.4424,0.4221,0.0203,5.3587,5.3587,5.3587,5.3587
54354,5,4.6621,4.5258,0.1363,5.4154,5.394,5.3501,5.5402
54360,24,15.6302,15.031,0.5991,5.3936,5.3371,5.3115,5.72
54361,42,56.8667,55.9586,0.9081,5.3985,5.3406,5.3214,5.7542
54364,1,0.8599,0.8376,0.0222,5.3394,5.3394,5.3394,5.3394
54392,1,0.7252,0.7037,0.0215,5.3558,5.3558,5.3558,5.3558
54412,1,0.447,0.4282,0.0188,5.3292,5.3292,5.3292,5.3292
54416,1,0.3842,0.3636,0.0206,5.3374,5.3374,5.3374,5.3374
54419,1,0.4157,0.3947,0.0209,5.3188,5.3188,5.3188,5.3188
54421,71,37.4267,35.9664,1.4604,5.3479,5.3411,5.3146,5.567
54438,1,0.4331,0.4099,0.0232,5.3499,5.3499,5.3499,5.3499
54466,135,61.0372,58.1665,2.8707,5.3608,5.3478,5.3126,5.7103
54485,23,8.234,7.7476,0.4864,5.3411,5.3366,5.3146,5.3793
54486,210,68.276,64.2752,4.0008,5.3461,5.3384,5.3068,5.4241
54487,2,0.945,0.894,0.051,5.3454,5.3454,5.3376,5.3532
54511,3,0.8737,0.8156,0.0581,5.3421,5.3315,5.3314,5.3634
54518,2,0.4442,0.4192,0.025,5.3255,5.3255,5.3232,5.3277
54519,1,0.2091,0.1998,0.0093,5.3393,5.3393,5.3393,5.3393
54526,6,2.0951,1.9881,0.1071,5.4036,5.3451,5.3236,5.6038
54527,7,1.9062,1.7962,0.11,5.3365,5.3303,5.3264,5.3548
54559,1,0.2052,0.1947,0.0105,5.3376,5.3376,5.3376,5.3376
54580,1,0.6579,0.6287,0.0292,5.3803,5.3803,5.3803,5.3803
54581,1,0.6436,0.616,0.0276,5.4195,5.4195,5.4195,5.4195
54629,1,0.3226,0.3016,0.0211,5.3554,5.3554,5.3554,5.3554
54631,1,0.4231,0.4004,0.0227,5.344,5.344,5.344,5.344
54651,3,1.8594,1.7804,0.079,5.3686,5.377,5.3222,5.4066
54652,2,1.1681,1.117,0.0511,5.3542,5.3542,5.3223,5.3861
54669,1,0.2332,0.2231,0.0101,5.3279,5.3279,5.3279,5.3279
54672,1,0.238,0.228,0.01,5.3539,5.3539,5.3539,5.3539
54679,1,0.2696,0.2452,0.0244,5.3347,5.3347,5.3347,5.3347
54699,1,0.3232,0.3016,0.0215,5.322,5.322,5.322,5.322
54735,1,0.3011,0.2815,0.0196,5.3898,5.3898,5.3898,5.3898
54736,1,0.3721,0.3508,0.0213,5.3361,5.3361,5.3361,5.3361
54777,1,1.0305,1.0136,0.0169,5.3224,5.3224,5.3224,5.3224
54838,1,1.9164,1.8918,0.0246,5.3512,5.3512,5.3512,5.3512
54839,1,1.1618,1.1442,0.0176,5.3436,5.3436,5.3436,5.3436
54861,1,0.767,0.7524,0.0146,5.3261,5.3261,5.3261,5.3261
54868,1,0.6816,0.6701,0.0116,5.3264,5.3264,5.3264,5.3264
54881,6,8.9895,8.8834,0.1061,5.3758,5.3425,5.3282,5.5484
54882,1,1.1799,1.1605,0.0193,5.3292,5.3292,5.3292,5.3292
54932,1,0.6864,0.6745,0.0119,5.3311,5.3311,5.3311,5.3311
54942,1,0.6718,0.6584,0.0134,5.3336,5.3336,5.3336,5.3336
54950,8,5.4821,5.3471,0.135,5.3255,5.325,5.3143,5.3448
54952,1,0.5078,0.4944,0.0135,5.3385,5.3385,5.3385,5.3385
55017,1,0.5529,0.5368,0.016,5.3341,5.3341,5.3341,5.3341
55018,1,0.5278,0.5105,0.0173,5.3482,5.3482,5.3482,5.3482
55030,1,1.0422,1.0271,0.0151,5.3477,5.3477,5.3477,5.3477
55039,1,1.1413,1.1201,0.0211,5.3602,5.3602,5.3602,5.3602
55041,1,0.561,0.5461,0.0149,5.3377,5.3377,5.3377,5.3377
55042,1,0.5657,0.5499,0.0158,5.3339,5.3339,5.3339,5.3339
55043,1,1.9017,1.8785,0.0233,5.3699,5.3699,5.3699,5.3699
55045,4,4.602,4.5231,0.0789,5.3362,5.3389,5.3241,5.3431
55081,2,1.9894,1.9554,0.034,5.3439,5.3439,5.3419,5.3459
55083,1,0.9562,0.9358,0.0204,5.3191,5.3191,5.3191,5.3191
55084,1,0.6266,0.6097,0.017,5.3084,5.3084,5.3084,5.3084
55151,2,1.1403,1.1071,0.0332,5.3147,5.3147,5.308,5.3215
55161,7,5.9688,5.8348,0.1341,5.3398,5.332,5.329,5.3708
55162,1,1.2616,1.24,0.0216,5.3343,5.3343,5.3343,5.3343
55163,1,0.7169,0.697,0.0199,5.3676,5.3676,5.3676,5.3676
55171,1,0.4421,0.4274,0.0147,5.3283,5.3283,5.3283,5.3283
55172,10,11.8013,11.5786,0.2227,5.3526,5.3497,5.3236,5.4045
55173,7,9.6446,9.4927,0.1519,5.3872,5.343,5.3291,5.5736
55183,2,1.9166,1.8718,0.0448,5.3523,5.3523,5.3325,5.3721
55184,2,2.2647,2.2135,0.0512,5.3453,5.3453,5.3317,5.3588
55203,1,0.5341,0.5184,0.0157,5.3236,5.3236,5.3236,5.3236
55212,1,0.9836,0.9608,0.0229,5.3371,5.3371,5.3371,5.3371
55226,125,74.1422,71.6771,2.465,5.3417,5.3338,5.3074,5.424
55242,1,1.2211,1.2065,0.0146,5.3483,5.3483,5.3483,5.3483
55243,1,0.5874,0.5753,0.0121,5.3301,5.3301,5.3301,5.3301
55244,1,0.5822,0.5677,0.0145,5.3313,5.3313,5.3313,5.3313
55252,1,1.0922,1.0758,0.0163,5.329,5.329,5.329,5.329
55278,1,1.2507,1.2311,0.0196,5.3452,5.3452,5.3452,5.3452
55287,2,1.8716,1.8307,0.0409,5.3684,5.3684,5.3328,5.4039
55298,1,1.2613,1.24,0.0213,5.3518,5.3518,5.3518,5.3518
55309,1,0.6526,0.6329,0.0197,5.3376,5.3376,5.3376,5.3376
55311,31,40.1516,39.5568,0.5948,5.3625,5.357,5.3214,5.426
55312,39,34.465,33.6913,0.7738,5.3521,5.3489,5.3188,5.4158
55315,1,0.7022,0.6831,0.0191,5.3166,5.3166,5.3166,5.3166
55334,1,1.0875,1.0655,0.0219,5.3492,5.3492,5.3492,5.3492
55335,56,62.3207,60.9626,1.3581,5.4148,5.367,5.3258,5.7151
55341,1,0.4497,0.4292,0.0205,5.3143,5.3143,5.3143,5.3143
55345,1,0.8339,0.8059,0.028,5.3745,5.3745,5.3745,5.3745
55370,7,3.2783,3.134,0.1443,5.3378,5.3386,5.3153,5.3559
55371,6,2.9776,2.8591,0.1185,5.3285,5.3295,5.3154,5.3401
55423,2,0.7996,0.7691,0.0305,5.3236,5.3236,5.3214,5.3258
55428,1,0.5385,0.5177,0.0208,5.3578,5.3578,5.3578,5.3578
55430,1,0.6573,0.6352,0.0222,5.3829,5.3829,5.3829,5.3829
55446,2,1.5396,1.4949,0.0447,5.3435,5.3435,5.3174,5.3696
55471,2,1.4584,1.4116,0.0467,5.3665,5.3665,5.3492,5.3838
55474,1,0.3834,0.3661,0.0173,5.333,5.333,5.333,5.333
55479,1,1.2093,1.1811,0.0282,5.3922,5.3922,5.3922,5.3922
55481,1,1.1102,1.0821,0.028,5.402,5.402,5.402,5.402
55482,1,0.8151,0.7928,0.0223,5.346,5.346,5.346,5.346
55489,20,16.7193,16.2713,0.448,5.3776,5.3292,5.3172,5.6066
55500,2,0.6795,0.6478,0.0317,5.3305,5.3305,5.3286,5.3323
55501,2,0.8255,0.7881,0.0374,5.3483,5.3483,5.3473,5.3494
55504,3,1.6851,1.6127,0.0725,5.4161,5.3573,5.3516,5.5395
55508,1,0.3444,0.3273,0.017,5.3323,5.3323,5.3323,5.3323
55509,7,8.3092,8.0734,0.2358,5.4395,5.3667,5.3373,5.856
55617,55,82.4739,81.5146,0.9593,5.3834,5.3472,5.3072,5.9725
55626,32,35.1494,34.3978,0.7516,5.3872,5.355,5.328,5.6367
55627,9,6.1413,5.9621,0.1792,5.3655,5.3426,5.3242,5.5011
55634,1,0.4327,0.4159,0.0168,5.3347,5.3347,5.3347,5.3347
55638,1,0.7036,0.6797,0.024,5.3162,5.3162,5.3162,5.3162
55664,1,0.4346,0.4154,0.0192,5.327,5.327,5.327,5.327
55709,1,0.724,0.7017,0.0223,5.3376,5.3376,5.3376,5.3376
55720,1,1.2673,1.2419,0.0255,5.4073,5.4073,5.4073,5.4073
55721,1,0.4855,0.4664,0.0191,5.3901,5.3901,5.3901,5.3901
55736,165,84.4227,80.8567,3.566,5.348,5.3453,5.309,5.4046
55737,94,30.1725,28.4173,1.7553,5.3641,5.347,5.3045,5.6533
55763,1,0.2498,0.2313,0.0185,5.3149,5.3149,5.3149,5.3149
55766,141,39.3874,36.8942,2.4932,5.349,5.3466,5.3179,5.4221
55767,159,47.7672,44.6854,3.0818,5.3526,5.3435,5.3158,5.7899
55802,1,0.2864,0.266,0.0204,5.3487,5.3487,5.3487,5.3487
55803,1,0.185,0.1703,0.0147,5.3292,5.3292,5.3292,5.3292
55804,1,0.1803,0.1663,0.014,5.3343,5.3343,5.3343,5.3343
55855,1,0.1807,0.1669,0.0139,5.323,5.323,5.323,5.323
55856,1,0.2602,0.2404,0.0199,5.3544,5.3544,5.3544,5.3544
55860,158,142.099,138.8963,3.2026,5.3726,5.3578,5.3141,5.7339
55861,8,4.7895,4.6408,0.1487,5.3383,5.3345,5.3253,5.3667
55862,1,0.4354,0.4182,0.0172,5.3363,5.3363,5.3363,5.3363
55863,1,0.5786,0.5551,0.0235,5.342,5.342,5.342,5.342
55873,1,0.7613,0.7422,0.0192,5.3175,5.3175,5.3175,5.3175
55876,1,0.952,0.9306,0.0214,5.3182,5.3182,5.3182,5.3182
55894,5,4.908,4.8054,0.1026,5.3437,5.339,5.325,5.3863
55898,1,0.7787,0.7579,0.0208,5.3265,5.3265,5.3265,5.3265
55933,1,0.8787,0.858,0.0207,5.3227,5.3227,5.3227,5.3227
55935,1,1.6053,1.5779,0.0274,5.3971,5.3971,5.3971,5.3971
55936,2,2.1576,2.1245,0.0331,5.3499,5.3499,5.3315,5.3683
55962,1,1.5852,1.5681,0.0171,5.3551,5.3551,5.3551,5.3551
55983,2,1.9372,1.8925,0.0447,5.3548,5.3548,5.3353,5.3744
55984,1,0.5853,0.5676,0.0177,5.3073,5.3073,5.3073,5.3073
55992,1,0.6376,0.6182,0.0193,5.92,5.92,5.92,5.92
56011,1,5.466,5.3913,0.0747,5.8707,5.8707,5.8707,5.8707
56015,1,1.385,1.3674,0.0175,5.371,5.371,5.371,5.371
56016,1,1.3555,1.3392,0.0164,5.3755,5.3755,5.3755,5.3755
56064,1,0.6846,0.6644,0.0202,5.3241,5.3241,5.3241,5.3241
56065,1,0.6134,0.5938,0.0196,5.339,5.339,5.339,5.339
56066,1,0.4749,0.458,0.0169,5.3276,5.3276,5.3276,5.3276
56079,1,0.5277,0.5087,0.0191,5.3284,5.3284,5.3284,5.3284
56080,2,1.0541,1.0192,0.0349,5.3331,5.3331,5.3317,5.3345
56107,1,0.8138,0.7914,0.0224,5.3255,5.3255,5.3255,5.3255
56108,1,1.3159,1.2874,0.0285,5.3793,5.3793,5.3793,5.3793
56124,1,0.4884,0.4701,0.0183,5.4112,5.4112,5.4112,5.4112
56125,1,0.6339,0.6129,0.021,5.3529,5.3529,5.3529,5.3529
56126,1,0.9364,0.9162,0.0202,5.3381,5.3381,5.3381,5.3381
56133,1,0.4594,0.444,0.0154,5.3319,5.3319,5.3319,5.3319
56137,39,35.7163,34.9008,0.8155,5.3643,5.3634,5.3197,5.4274
56138,29,14.4933,13.8906,0.6027,5.3527,5.3375,5.3225,5.4661
56141,3,2.6841,2.595,0.089,5.533,5.5177,5.3842,5.697
56145,1,0.2858,0.2686,0.0172,5.351,5.351,5.351,5.351
56152,1,0.3761,0.355,0.0211,5.3476,5.3476,5.3476,5.3476
56153,3,1.0982,1.0352,0.0629,5.3498,5.3399,5.3368,5.3726
56157,190,93.6408,89.8845,3.7563,5.3474,5.3404,5.3083,5.8656
56158,212,127.7071,123.7545,3.9526,5.3453,5.3387,5.3063,5.4784
56170,1,0.2084,0.1991,0.0093,5.3324,5.3324,5.3324,5.3324
56171,1,0.3877,0.3653,0.0223,5.382,5.382,5.382,5.382
56172,1,0.2259,0.2153,0.0106,5.3443,5.3443,5.3443,5.3443
56203,1,0.4155,0.3927,0.0228,5.3907,5.3907,5.3907,5.3907
56205,1,0.3654,0.343,0.0223,5.324,5.324,5.324,5.324
56241,1,1.4825,1.4534,0.0291,5.5004,5.5004,5.5004,5.5004
56281,1,0.8038,0.7752,0.0286,5.3835,5.3835,5.3835,5.3835
56282,1,0.2432,0.234,0.0092,5.3304,5.3304,5.3304,5.3304
56314,2,0.5399,0.511,0.0289,5.3359,5.3359,5.3344,5.3373
56348,1,0.4577,0.4328,0.0249,5.3315,5.3315,5.3315,5.3315
56441,1,1.1632,1.1372,0.026,5.4267,5.4267,5.4267,5.4267
56443,1,1.1063,1.0794,0.0269,5.4034,5.4034,5.4034,5.4034
56444,1,1.114,1.0888,0.0252,5.392,5.392,5.392,5.392
56459,1,0.7724,0.7485,0.0239,5.3468,5.3468,5.3468,5.3468
56467,1,1.0985,1.0719,0.0266,5.4081,5.4081,5.4081,5.4081
56468,4,2.6373,2.5482,0.0891,5.4238,5.3452,5.3322,5.6727
56474,1,0.7547,0.7325,0.0223,5.3929,5.3929,5.3929,5.3929
56475,1,0.8908,0.8681,0.0226,5.365,5.365,5.365,5.365
56501,1,0.6134,0.5909,0.0226,5.8702,5.8702,5.8702,5.8702
56503,1,0.5623,0.5435,0.0188,5.3545,5.3545,5.3545,5.3545
56551,1,0.4736,0.4555,0.0182,5.3398,5.3398,5.3398,5.3398
56555,1,0.7707,0.7485,0.0222,5.3776,5.3776,5.3776,5.3776
56556,1,1.1949,1.1691,0.0259,5.4019,5.4019,5.4019,5.4019
56557,1,0.4748,0.4562,0.0186,5.3488,5.3488,5.3488,5.3488
56644,1,0.7296,0.7043,0.0253,5.814,5.814,5.814,5.814
56648,1,1.1031,1.0812,0.0219,5.4014,5.4014,5.4014,5.4014
56704,1,1.2284,1.2017,0.0267,5.3791,5.3791,5.3791,5.3791
56717,1,1.2428,1.2179,0.0249,5.379,5.379,5.379,5.379
56718,10,5.6105,5.3807,0.2298,5.5899,5.3992,5.3268,6.4358
56719,15,8.7577,8.3649,0.3928,5.37,5.3751,5.3299,5.3974
56754,2,1.3046,1.2634,0.0412,5.3497,5.3497,5.3346,5.3649
56755,1,0.415,0.3978,0.0171,5.325,5.325,5.325,5.325
56799,1,0.7042,0.6828,0.0213,5.3288,5.3288,5.3288,5.3288
56800,1,0.3899,0.3737,0.0162,5.3322,5.3322,5.3322,5.3322
56817,1,0.3835,0.3669,0.0166,5.3375,5.3375,5.3375,5.3375
56818,1,1.3328,1.3042,0.0287,5.3838,5.3838,5.3838,5.3838
56859,1,1.1312,1.1064,0.0247,5.3925,5.3925,5.3925,5.3925
56861,1,0.3836,0.3681,0.0154,5.3232,5.3232,5.3232,5.3232
56885,1,0.3908,0.3747,0.0161,5.3285,5.3285,5.3285,5.3285
56886,1,0.454,0.4362,0.0178,5.3362,5.3362,5.3362,5.3362
56889,1,0.3806,0.3629,0.0177,5.35,5.35,5.35,5.35
56899,1,0.5029,0.4836,0.0193,5.4877,5.4877,5.4877,5.4877
56931,4,2.1555,2.0701,0.0853,5.3224,5.3197,5.3162,5.3339
56936,1,0.3575,0.3369,0.0206,5.329,5.329,5.329,5.329
56941,1,0.4172,0.3989,0.0183,5.3254,5.3254,5.3254,5.3254
56944,83,38.6824,36.7962,1.8862,5.3713,5.356,5.3141,5.6196
56950,96,45.8428,43.77,2.0728,5.3744,5.3566,5.3209,5.7407
56955,1,0.5822,0.5652,0.017,5.3301,5.3301,5.3301,5.3301
56959,1,1.1497,1.1255,0.0242,5.3516,5.3516,5.3516,5.3516
56963,1,1.4288,1.4102,0.0187,5.3644,5.3644,5.3644,5.3644
56969,1,1.148,1.1367,0.0114,5.378,5.378,5.378,5.378
56976,16,14.5105,14.2465,0.264,5.3477,5.3374,5.3056,5.4152
56977,1,0.6088,0.595,0.0138,5.3348,5.3348,5.3348,5.3348
56980,1,1.2248,1.2112,0.0136,5.3529,5.3529,5.3529,5.3529
56987,31,35.1263,34.5447,0.5816,5.3681,5.3494,5.3094,5.5195
56988,6,6.0978,5.9824,0.1154,5.3549,5.3453,5.3196,5.4012
56990,1,0.9433,0.9206,0.0227,5.3205,5.3205,5.3205,5.3205
56994,2,1.39,1.3559,0.0341,5.3251,5.3251,5.3189,5.3314
56995,1,0.9178,0.8965,0.0213,5.317,5.317,5.317,5.317
57007,1,0.5408,0.5242,0.0166,5.329,5.329,5.329,5.329
57039,1,0.6405,0.6264,0.0141,5.3293,5.3293,5.3293,5.3293
57040,1,0.8795,0.8625,0.017,5.3418,5.3418,5.3418,5.3418
57109,1,0.917,0.8993,0.0177,5.3602,5.3602,5.3602,5.3602
57110,1,0.9144,0.8939,0.0205,5.4141,5.4141,5.4141,5.4141
57116,1,0.6525,0.6376,0.0148,5.3152,5.3152,5.3152,5.3152
57117,1,0.6563,0.6395,0.0168,5.3355,5.3355,5.3355,5.3355
57122,2,1.8134,1.774,0.0394,5.3527,5.3527,5.3503,5.3551
57229,1,1.1746,1.1592,0.0154,5.3441,5.3441,5.3441,5.3441
57234,1,0.7265,0.7092,0.0172,5.3318,5.3318,5.3318,5.3318
57244,1,0.6934,0.6737,0.0197,5.6201,5.6201,5.6201,5.6201
57271,8,6.1579,6.0215,0.1363,5.3441,5.3353,5.3144,5.4081
57295,1,0.7478,0.7274,0.0204,5.3374,5.3374,5.3374,5.3374
57296,1,1.1249,1.1077,0.0172,5.3405,5.3405,5.3405,5.3405
57324,2,2.9313,2.8878,0.0434,5.6231,5.6231,5.334,5.9122
57325,2,3.0154,2.9676,0.0477,5.6302,5.6302,5.3137,5.9467
57344,1,0.5951,0.5825,0.0126,5.3291,5.3291,5.3291,5.3291
57345,1,0.6394,0.6254,0.014,5.3227,5.3227,5.3227,5.3227
57372,4,3.4692,3.3997,0.0695,5.341,5.3427,5.3258,5.3528
57382,7,4.5008,4.3905,0.1103,5.3313,5.3306,5.3222,5.3405
57388,1,0.6728,0.6565,0.0163,5.3015,5.3015,5.3015,5.3015
57435,1,1.1705,1.1529,0.0176,5.3402,5.3402,5.3402,5.3402
57458,1,0.8588,0.8473,0.0115,5.3678,5.3678,5.3678,5.3678
57459,1,1.4668,1.4456,0.0211,5.3744,5.3744,5.3744,5.3744
57468,3,3.0447,2.9899,0.0547,5.3369,5.3261,5.3155,5.3691
57474,1,0.5456,0.5297,0.0159,5.3269,5.3269,5.3269,5.3269
57504,1,1.4423,1.4275,0.0147,5.3422,5.3422,5.3422,5.3422
57506,1,0.5935,0.5759,0.0176,5.3304,5.3304,5.3304,5.3304
57508,1,1.7002,1.6707,0.0296,5.3791,5.3791,5.3791,5.3791
57512,1,0.6447,0.6273,0.0174,5.3207,5.3207,5.3207,5.3207
57516,1,0.7461,0.7262,0.0199,5.3524,5.3524,5.3524,5.3524
57528,2,1.7877,1.7494,0.0383,5.3359,5.3359,5.3245,5.3474
57558,1,0.5586,0.5413,0.0173,5.3351,5.3351,5.3351,5.3351
57560,1,0.5615,0.5474,0.0142,5.3263,5.3263,5.3263,5.3263
57573,2,2.6637,2.618,0.0456,5.3565,5.3565,5.3382,5.3749
57574,3,3.9836,3.9247,0.059,5.3488,5.3514,5.3355,5.3594
57593,1,0.5356,0.5198,0.0158,5.3706,5.3706,5.3706,5.3706
57599,6,4.7744,4.6651,0.1093,5.342,5.3298,5.3219,5.3802
57620,1,0.5288,0.5124,0.0164,5.3273,5.3273,5.3273,5.3273
57630,1,0.612,0.5939,0.0181,5.3296,5.3296,5.3296,5.3296
57633,1,3.2113,3.1759,0.0354,6.3283,6.3283,6.3283,6.3283
57641,1,0.7731,0.7534,0.0198,5.3521,5.3521,5.3521,5.3521
57669,1,1.8955,1.8715,0.024,5.3704,5.3704,5.3704,5.3704
57670,2,1.5086,1.4699,0.0388,5.3377,5.3377,5.3252,5.3501
57678,2,1.3082,1.2735,0.0347,5.342,5.342,5.3247,5.3594
57679,1,7.4244,7.3414,0.083,5.7259,5.7259,5.7259,5.7259
57686,1,1.6923,1.6687,0.0237,5.4048,5.4048,5.4048,5.4048
57752,1,0.5333,0.5165,0.0168,5.332,5.332,5.332,5.332
57758,1,1.353,1.3271,0.0259,5.3811,5.3811,5.3811,5.3811
57765,1,0.7787,0.7623,0.0164,5.3302,5.3302,5.3302,5.3302
57766,1,0.7677,0.7449,0.0228,5.3594,5.3594,5.3594,5.3594
57771,1,0.61,0.5924,0.0175,5.3029,5.3029,5.3029,5.3029
57776,2,1.0759,1.0395,0.0364,5.3375,5.3375,5.3351,5.3399
57805,1,2.519,2.4827,0.0363,5.5932,5.5932,5.5932,5.5932
57812,1,0.84,0.8187,0.0213,5.3281,5.3281,5.3281,5.3281
57815,1,0.6397,0.6197,0.02,5.347,5.347,5.347,5.347
57816,1,0.9571,0.9333,0.0238,5.3869,5.3869,5.3869,5.3869
57822,1,3.6914,3.6537,0.0377,6.2777,6.2777,6.2777,6.2777
57823,1,0.9396,0.9194,0.0202,5.3252,5.3252,5.3252,5.3252
57827,1,0.8712,0.8571,0.0141,5.3489,5.3489,5.3489,5.3489
57861,9,8.6722,8.4984,0.1738,5.3359,5.3336,5.3161,5.3667
57862,76,68.9889,67.4832,1.5056,5.3486,5.3467,5.3161,5.4011
57875,192,186.3117,182.5757,3.7361,5.3558,5.3468,5.3141,5.6458
57876,3,1.5261,1.459,0.0672,5.3392,5.3356,5.3298,5.3521
57886,1,0.7471,0.7235,0.0236,5.3412,5.3412,5.3412,5.3412
57887,1,2.0622,2.0264,0.0359,5.6518,5.6518,5.6518,5.6518
57931,1,4.6336,4.5621,0.0715,5.7314,5.7314,5.7314,5.7314
57944,1,1.0298,1.0056,0.0242,5.3955,5.3955,5.3955,5.3955
57945,1,0.7906,0.765,0.0256,5.3761,5.3761,5.3761,5.3761
57949,1,0.3425,0.3256,0.0169,5.331,5.331,5.331,5.331
57980,1,0.9442,0.9157,0.0285,5.3685,5.3685,5.3685,5.3685
57991,1,0.996,0.9781,0.018,5.3972,5.3972,5.3972,5.3972
58008,1,1.4584,1.4408,0.0176,5.4152,5.4152,5.4152,5.4152
58011,163,396.0656,387.2202,8.8454,5.8853,5.7674,5.3093,6.4813
58013,1,0.5692,0.5453,0.0239,5.3786,5.3786,5.3786,5.3786
58014,1,0.9383,0.9119,0.0265,5.4374,5.4374,5.4374,5.4374
58057,2,0.9995,0.9523,0.0472,5.356,5.356,5.3503,5.3616
58058,1,0.3043,0.2841,0.0202,5.3355,5.3355,5.3355,5.3355
58063,1,0.448,0.4244,0.0235,5.3409,5.3409,5.3409,5.3409
58107,2,0.9411,0.8945,0.0467,5.3943,5.3943,5.3585,5.4301
58126,1,0.3733,0.3495,0.0238,5.347,5.347,5.347,5.347
58127,2,0.8227,0.7785,0.0443,5.3532,5.3532,5.3411,5.3654
58218,9,2.7137,2.5265,0.1872,5.3353,5.3267,5.3177,5.3615
58239,1,0.3476,0.3252,0.0224,5.3942,5.3942,5.3942,5.3942
58321,1,0.2065,0.1972,0.0093,5.3181,5.3181,5.3181,5.3181
58332,1,0.3857,0.3644,0.0214,5.3443,5.3443,5.3443,5.3443
58333,1,0.5391,0.5118,0.0273,5.4115,5.4115,5.4115,5.4115
58367,1,0.2839,0.2619,0.022,5.3597,5.3597,5.3597,5.3597
58368,1,0.2691,0.251,0.0181,5.3172,5.3172,5.3172,5.3172
58375,1,0.7978,0.7591,0.0387,5.5485,5.5485,5.5485,5.5485
58390,1,0.3231,0.303,0.0201,5.3686,5.3686,5.3686,5.3686
58407,1,0.977,0.9499,0.0271,5.3584,5.3584,5.3584,5.3584
58416,1,0.6517,0.6247,0.0269,5.3251,5.3251,5.3251,5.3251
58430,2,1.8297,1.7791,0.0506,5.3835,5.3835,5.3521,5.4148
58431,2,1.3872,1.3367,0.0506,5.3409,5.3409,5.3293,5.3526
58463,1,0.4295,0.4054,0.0241,5.3491,5.3491,5.3491,5.3491
58467,1,0.2793,0.2621,0.0172,5.3276,5.3276,5.3276,5.3276
58474,1,0.5335,0.5102,0.0233,5.3412,5.3412,5.3412,5.3412
58483,1,0.4598,0.4366,0.0232,5.3392,5.3392,5.3392,5.3392
58484,1,0.6118,0.5865,0.0253,5.3756,5.3756,5.3756,5.3756
58486,70,30.3038,28.8092,1.4947,5.358,5.3429,5.3124,5.6073
58487,15,9.766,9.3585,0.4075,5.4374,5.3824,5.3258,5.723
58491,2,1.0784,1.0313,0.0471,5.3438,5.3438,5.3223,5.3654
58492,2,0.8597,0.8193,0.0404,5.3441,5.3441,5.3218,5.3663
58504,1,0.4644,0.4437,0.0207,5.3494,5.3494,5.3494,5.3494
58505,1,0.6163,0.5935,0.0228,5.3401,5.3401,5.3401,5.3401
58511,4,1.8367,1.7596,0.0771,5.3261,5.326,5.3178,5.3344
58515,1,0.3568,0.3376,0.0192,5.3515,5.3515,5.3515,5.3515
58516,1,0.6322,0.6082,0.024,5.3313,5.3313,5.3313,5.3313
58535,1,0.9303,0.9138,0.0165,5.3465,5.3465,5.3465,5.3465
58538,1,0.8472,0.8296,0.0175,5.3213,5.3213,5.3213,5.3213
58561,22,14.7741,14.3359,0.4382,5.3512,5.3483,5.3254,5.3803
58562,1,1.1294,1.1013,0.0281,5.3944,5.3944,5.3944,5.3944
58564,44,22.1522,21.2346,0.9177,5.3473,5.3365,5.3176,5.4193
58565,37,18.3066,17.4971,0.8095,5.3534,5.3452,5.3096,5.5743
58584,1,0.4594,0.4361,0.0233,5.3443,5.3443,5.3443,5.3443
58585,1,0.7334,0.7061,0.0273,5.3665,5.3665,5.3665,5.3665
58586,1,0.2937,0.2779,0.0157,5.3298,5.3298,5.3298,5.3298
58587,1,0.625,0.6017,0.0233,5.344,5.344,5.344,5.344
58609,1,0.4812,0.4596,0.0215,5.3626,5.3626,5.3626,5.3626
58619,1,1.115,1.0868,0.0282,5.4131,5.4131,5.4131,5.4131
58625,11,10.5891,10.278,0.3111,5.4586,5.3996,5.3492,5.7293
58641,1,1.93,1.8892,0.0409,5.5377,5.5377,5.5377,5.5377
58642,1,0.3478,0.3319,0.016,5.3402,5.3402,5.3402,5.3402
58647,1,0.8227,0.7988,0.0239,5.3383,5.3383,5.3383,5.3383
58651,5,3.6749,3.5506,0.1243,5.3606,5.3593,5.3359,5.3903
58652,1,0.889,0.8648,0.0242,5.3701,5.3701,5.3701,5.3701
58660,7,6.9164,6.7593,0.157,5.349,5.3503,5.3308,5.3683
58679,1,1.3698,1.3412,0.0286,5.4049,5.4049,5.4049,5.4049
58695,1,0.7434,0.7192,0.0241,5.3775,5.3775,5.3775,5.3775
58696,1,0.7537,0.7313,0.0224,5.3495,5.3495,5.3495,5.3495
58700,1,0.7525,0.7304,0.0221,5.3444,5.3444,5.3444,5.3444
58713,1,0.4095,0.3901,0.0194,5.3379,5.3379,5.3379,5.3379
58720,1,1.256,1.2261,0.0299,5.3926,5.3926,5.3926,5.3926
58723,48,27.519,26.4563,1.0628,5.3551,5.3502,5.3148,5.4471
58729,6,3.8568,3.7057,0.1512,5.3881,5.3876,5.3311,5.4903
58732,108,54.4428,52.0459,2.3969,5.3591,5.3548,5.3114,5.6583
58738,2,4.3534,4.3159,0.0376,5.541,5.541,5.3675,5.7145
58743,1,1.4611,1.4441,0.0169,5.3381,5.3381,5.3381,5.3381
58747,1,0.9609,0.947,0.0139,5.3335,5.3335,5.3335,5.3335
58750,115,81.397,79.2532,2.1438,5.3508,5.3433,5.3135,5.56
58806,27,17.3256,16.755,0.5705,5.3427,5.3363,5.3176,5.3879
58807,13,8.4069,8.1269,0.28,5.3504,5.348,5.3227,5.3792
58841,1,0.541,0.5238,0.0171,5.3355,5.3355,5.3355,5.3355
58842,1,1.7891,1.7581,0.0311,5.3614,5.3614,5.3614,5.3614
58871,1,0.9672,0.9429,0.0243,5.3628,5.3628,5.3628,5.3628
58878,1,1.5524,1.5229,0.0295,5.3601,5.3601,5.3601,5.3601
58898,1,1.0207,0.9968,0.0239,5.344,5.344,5.344,5.344
58909,11,12.7851,12.5172,0.2679,5.3798,5.3785,5.3293,5.4265
58910,1,1.4002,1.3743,0.0259,5.6289,5.6289,5.6289,5.6289
58914,1,1.3171,1.2908,0.0263,5.3618,5.3618,5.3618,5.3618
58920,4,2.8308,2.7496,0.0812,5.3479,5.3322,5.3295,5.3975
58924,1,1.235,1.2084,0.0266,5.3563,5.3563,5.3563,5.3563
58945,1,1.2928,1.2661,0.0268,5.3485,5.3485,5.3485,5.3485
58955,1,1.3245,1.2976,0.0269,5.3541,5.3541,5.3541,5.3541
58956,1,1.8207,1.7755,0.0452,5.8567,5.8567,5.8567,5.8567
58982,1,1.3617,1.3331,0.0286,5.3695,5.3695,5.3695,5.3695
59002,1,1.3277,1.2988,0.0289,5.4087,5.4087,5.4087,5.4087
59012,12,13.2671,12.9451,0.322,5.437,5.3896,5.3483,5.7603
59014,150,75.6089,72.3719,3.237,5.3563,5.3527,5.3099,5.6715
59016,2,2.0169,1.9549,0.0619,5.8085,5.8085,5.7857,5.8313
59019,1,0.8333,0.8087,0.0246,5.4027,5.4027,5.4027,5.4027
59022,1,0.7563,0.7269,0.0294,5.4436,5.4436,5.4436,5.4436
59056,10,7.7777,7.4904,0.2873,5.4928,5.4286,5.3836,5.7661
59080,1,0.7919,0.7826,0.0093,5.3329,5.3329,5.3329,5.3329
59081,2,4.9091,4.8765,0.0326,5.4547,5.4547,5.4314,5.478
59084,1,2.4653,2.4459,0.0194,5.4984,5.4984,5.4984,5.4984
59093,1,1.4925,1.4785,0.0141,5.3592,5.3592,5.3592,5.3592
59096,3,4.1262,4.0823,0.0439,5.3645,5.3666,5.3563,5.3705
59121,1,1.3096,1.2961,0.0135,5.3367,5.3367,5.3367,5.3367
59123,1,2.6187,2.5983,0.0204,5.3891,5.3891,5.3891,5.3891
59125,5,5.7154,5.6475,0.0678,5.3331,5.3336,5.3222,5.3413
59126,5,5.3754,5.3187,0.0568,5.3511,5.3427,5.3205,5.3772
59153,1,0.8524,0.8432,0.0092,5.3276,5.3276,5.3276,5.3276
59155,7,3.506,3.412,0.0939,5.3323,5.3304,5.31,5.378
59157,32,9.6249,8.9903,0.6346,5.3487,5.3456,5.3267,5.3941
59163,1,0.1948,0.1818,0.013,5.3306,5.3306,5.3306,5.3306
59196,1,0.178,0.1646,0.0134,5.3295,5.3295,5.3295,5.3295
59231,1,0.2981,0.2785,0.0196,5.369,5.369,5.369,5.369
59280,1,0.2147,0.2006,0.0141,5.3296,5.3296,5.3296,5.3296
59300,2,0.5318,0.4964,0.0354,5.3502,5.3502,5.3211,5.3794
59304,1,0.2071,0.1959,0.0111,5.3344,5.3344,5.3344,5.3344
59311,2,0.4876,0.4528,0.0348,5.3464,5.3464,5.3399,5.3529
59312,5,1.5998,1.4977,0.1021,5.3478,5.3485,5.3331,5.3617
59314,1,0.3218,0.3023,0.0196,5.382,5.382,5.382,5.382
59315,12,3.5012,3.2687,0.2325,5.3419,5.338,5.3203,5.3878
59318,1,0.3568,0.3356,0.0211,5.351,5.351,5.351,5.351
59324,1,0.2997,0.2813,0.0183,5.3782,5.3782,5.3782,5.3782
59326,3,0.7354,0.6876,0.0478,5.3514,5.3535,5.3366,5.364
59327,3,0.8554,0.8011,0.0543,5.36,5.3625,5.3376,5.3798
59334,1,0.3309,0.3099,0.021,5.3526,5.3526,5.3526,5.3526
59335,1,0.427,0.4062,0.0208,5.3859,5.3859,5.3859,5.3859
59336,3,0.8223,0.7695,0.0528,5.3417,5.3473,5.3254,5.3525
59339,1,0.4249,0.4031,0.0218,5.3841,5.3841,5.3841,5.3841
59340,2,0.5084,0.4726,0.0358,5.3404,5.3404,5.327,5.3537
59346,2,0.608,0.5714,0.0365,5.3484,5.3484,5.3361,5.3606
59349,4,1.4521,1.3647,0.0874,5.3615,5.3649,5.3175,5.3986
59350,152,43.9668,41.3432,2.6235,5.3445,5.3282,5.3061,6.3646
59354,1,0.2373,0.2279,0.0095,5.3298,5.3298,5.3298,5.3298
59355,2,0.7875,0.7394,0.0481,5.3519,5.3519,5.3395,5.3643
59356,2,0.5013,0.469,0.0323,5.329,5.329,5.3241,5.3339
59374,1,0.6064,0.5793,0.0271,5.3685,5.3685,5.3685,5.3685
59384,1,0.5144,0.4893,0.0251,5.3436,5.3436,5.3436,5.3436
59388,1,0.2408,0.2311,0.0096,5.3265,5.3265,5.3265,5.3265
59389,1,0.2398,0.2241,0.0157,5.3413,5.3413,5.3413,5.3413
59392,1,0.5579,0.5314,0.0265,5.367,5.367,5.367,5.367
59397,74,17.3926,16.2957,1.0968,5.3393,5.3357,5.3029,5.3888
59405,2,0.5618,0.5306,0.0312,5.3333,5.3333,5.3264,5.3403
59406,1,0.2006,0.1891,0.0115,5.3309,5.3309,5.3309,5.3309
59407,1,0.403,0.3795,0.0235,5.3672,5.3672,5.3672,5.3672
59408,1,0.3536,0.3308,0.0228,5.3723,5.3723,5.3723,5.3723
59409,1,0.5973,0.5682,0.029,5.4783,5.4783,5.4783,5.4783
59418,67,21.1766,19.8512,1.3255,5.355,5.3402,5.3134,5.5762
59419,140,97.7834,94.5209,3.2625,5.3684,5.3585,5.3138,5.5954
59423,2,1.7892,1.744,0.0452,5.3598,5.3598,5.3591,5.3606
59424,1,0.5889,0.5672,0.0217,5.3257,5.3257,5.3257,5.3257
59425,2,1.8863,1.8454,0.0409,5.3934,5.3934,5.3786,5.4081
59430,2,1.6306,1.5914,0.0392,5.3443,5.3443,5.3294,5.3592
59431,2,1.7913,1.7512,0.04,5.3577,5.3577,5.3321,5.3833
59436,1,0.5678,0.5517,0.0161,5.3402,5.3402,5.3402,5.3402
59437,2,1.8846,1.8331,0.0515,5.368,5.368,5.3462,5.3897
59438,1,0.8145,0.7916,0.023,5.3865,5.3865,5.3865,5.3865
59444,2,1.1171,1.0787,0.0385,5.3331,5.3331,5.3307,5.3356
59445,1,0.8983,0.8769,0.0214,5.4206,5.4206,5.4206,5.4206
59446,1,0.8745,0.8529,0.0216,5.4168,5.4168,5.4168,5.4168
59447,2,0.9861,0.9537,0.0323,5.3241,5.3241,5.323,5.3252
59453,89,57.2404,55.2972,1.9431,5.3554,5.3522,5.3216,5.4022
59457,5,2.1163,2.0018,0.1145,5.3858,5.3785,5.3572,5.4462
59463,1,0.5361,0.5103,0.0258,5.3806,5.3806,5.3806,5.3806
59466,8,3.3454,3.1734,0.172,5.4136,5.3666,5.3336,5.6209
59467,3,0.7974,0.7501,0.0474,5.3521,5.3444,5.3305,5.3815
59474,2,0.9584,0.9046,0.0538,5.443,5.443,5.4114,5.4746
59477,3,1.3201,1.2487,0.0714,5.3767,5.3795,5.3323,5.4183
59478,2,1.41,1.3517,0.0583,5.42,5.42,5.4082,5.4319
59484,14,8.1942,7.8274,0.3669,5.381,5.3834,5.325,5.4081
59493,3,1.012,0.9481,0.0639,5.3508,5.3502,5.3443,5.3578
59496,1,0.5958,0.5701,0.0257,5.4003,5.4003,5.4003,5.4003
59527,1,0.3381,0.3176,0.0205,5.3532,5.3532,5.3532,5.3532
59606,1,0.3416,0.3182,0.0234,5.3545,5.3545,5.3545,5.3545
59630,15,5.3951,5.0674,0.3277,5.3482,5.3371,5.3196,5.4511
59678,1,0.3409,0.3193,0.0215,5.3247,5.3247,5.3247,5.3247
59702,1,0.32,0.2983,0.0217,5.3446,5.3446,5.3446,5.3446
59709,1,0.3334,0.3113,0.0221,5.3517,5.3517,5.3517,5.3517
59712,1,0.2487,0.2362,0.0125,5.3329,5.3329,5.3329,5.3329
59715,3,0.7689,0.7176,0.0513,5.3344,5.3366,5.321,5.3456
59716,1,0.2422,0.2225,0.0196,5.3553,5.3553,5.3553,5.3553
59723,2,0.9236,0.8721,0.0515,5.3949,5.3949,5.3536,5.4362
59724,1,0.4041,0.3796,0.0245,5.3848,5.3848,5.3848,5.3848
59725,13,4.7805,4.5103,0.2701,5.3636,5.3634,5.3232,5.4209
59726,1,0.274,0.2563,0.0177,5.3229,5.3229,5.3229,5.3229
59727,1,0.3032,0.286,0.0172,5.3236,5.3236,5.3236,5.3236
59731,1,0.1886,0.176,0.0126,5.3323,5.3323,5.3323,5.3323
59735,62,19.5649,18.4525,1.1124,5.3632,5.3452,5.3159,5.5811
59736,1,0.7937,0.7747,0.019,5.3183,5.3183,5.3183,5.3183
59740,1,0.8591,0.845,0.0141,5.3852,5.3852,5.3852,5.3852
59741,1,3.2724,3.239,0.0334,5.5342,5.5342,5.5342,5.5342
59745,1,3.2035,3.1721,0.0314,5.5458,5.5458,5.5458,5.5458
59748,84,63.1733,61.5689,1.6044,5.3555,5.3403,5.3175,5.632
59752,1,2.5751,2.5401,0.0351,5.561,5.561,5.561,5.561
59772,1,0.9215,0.9051,0.0164,5.3365,5.3365,5.3365,5.3365
59784,16,15.3547,15.0358,0.3189,5.3521,5.3453,5.3128,5.4158
59792,1,0.5034,0.4853,0.018,5.3312,5.3312,5.3312,5.3312
59795,1,0.8526,0.8342,0.0184,5.3599,5.3599,5.3599,5.3599
59834,1,0.8146,0.7919,0.0227,5.339,5.339,5.339,5.339
59853,1,0.6678,0.6486,0.0192,5.3497,5.3497,5.3497,5.3497
59863,1,0.5297,0.5135,0.0161,5.331,5.331,5.331,5.331
59881,1,0.5072,0.4909,0.0164,5.3234,5.3234,5.3234,5.3234
59917,1,1.069,1.0514,0.0176,5.3478,5.3478,5.3478,5.3478
59918,1,0.6253,0.6085,0.0169,5.3256,5.3256,5.3256,5.3256
59971,1,0.5994,0.5825,0.0169,5.3126,5.3126,5.3126,5.3126
59974,1,0.6043,0.5868,0.0175,5.3275,5.3275,5.3275,5.3275
60057,1,0.8703,0.8513,0.0191,5.3776,5.3776,5.3776,5.3776
60058,1,0.9846,0.9645,0.02,5.3402,5.3402,5.3402,5.3402
60066,2,1.703,1.663,0.04,5.3487,5.3487,5.3482,5.3492
60094,1,0.963,0.9437,0.0192,5.3347,5.3347,5.3347,5.3347
60106,1,0.7612,0.7434,0.0177,5.3446,5.3446,5.3446,5.3446
60108,2,1.783,1.7411,0.0419,5.3347,5.3347,5.332,5.3374
60127,2,1.9802,1.9367,0.0435,5.3391,5.3391,5.3338,5.3445
60141,1,0.868,0.8394,0.0286,5.3648,5.3648,5.3648,5.3648
60142,1,0.5803,0.5642,0.0161,5.3336,5.3336,5.3336,5.3336
60193,1,0.6424,0.6238,0.0186,5.3466,5.3466,5.3466,5.3466
60194,1,0.758,0.7373,0.0207,5.3454,5.3454,5.3454,5.3454
60228,25,28.437,27.944,0.493,5.3686,5.3555,5.3215,5.5373
60246,1,0.8313,0.812,0.0193,5.3613,5.3613,5.3613,5.3613
60247,1,0.7681,0.7476,0.0205,5.3468,5.3468,5.3468,5.3468
60271,7,4.9658,4.8355,0.1303,5.3997,5.3689,5.3301,5.5403
60272,11,7.9696,7.7606,0.209,5.3494,5.3322,5.3157,5.444
60281,1,0.4402,0.4176,0.0225,5.3592,5.3592,5.3592,5.3592
60306,1,0.4285,0.4053,0.0232,5.352,5.352,5.352,5.352
60309,1,0.4281,0.4062,0.0219,5.3478,5.3478,5.3478,5.3478
60310,1,0.3441,0.3221,0.022,5.3375,5.3375,5.3375,5.3375
60323,1,0.7333,0.7054,0.028,5.4935,5.4935,5.4935,5.4935
60329,1,0.7302,0.698,0.0322,5.4902,5.4902,5.4902,5.4902
60330,1,0.337,0.3179,0.0191,5.3441,5.3441,5.3441,5.3441
60337,1,0.4367,0.4145,0.0222,5.3924,5.3924,5.3924,5.3924
60350,1,0.4358,0.4121,0.0237,5.3638,5.3638,5.3638,5.3638
60394,3,0.9334,0.8817,0.0518,5.3628,5.3672,5.3395,5.3816
60396,1,1.0278,0.969,0.0588,5.5123,5.5123,5.5123,5.5123
60436,1,0.526,0.5,0.026,5.3741,5.3741,5.3741,5.3741
60449,7,3.015,2.8458,0.1692,5.3614,5.3618,5.3296,5.392
60455,2,0.7917,0.7496,0.0421,5.3692,5.3692,5.335,5.4034
60456,1,0.1957,0.1817,0.0141,5.3301,5.3301,5.3301,5.3301
60473,1,0.4035,0.3778,0.0257,5.3616,5.3616,5.3616,5.3616
60505,1,0.3868,0.364,0.0228,5.3453,5.3453,5.3453,5.3453
60506,1,0.3828,0.3593,0.0234,5.3367,5.3367,5.3367,5.3367
60544,1,0.5393,0.5138,0.0255,5.388,5.388,5.388,5.388
60602,2,1.1141,1.0631,0.051,5.384,5.384,5.3701,5.3979
60616,80,22.5928,21.123,1.4697,5.3529,5.3422,5.3127,5.6572
60617,12,5.1085,4.8469,0.2616,5.3597,5.3552,5.3187,5.42
60635,1,0.7421,0.7147,0.0275,5.3961,5.3961,5.3961,5.3961
60658,1,0.3137,0.2941,0.0196,5.3486,5.3486,5.3486,5.3486
60689,1,0.5279,0.5031,0.0248,5.3799,5.3799,5.3799,5.3799
60705,1,0.2118,0.2022,0.0096,5.3348,5.3348,5.3348,5.3348
60712,1,0.6872,0.6617,0.0255,5.4123,5.4123,5.4123,5.4123
60724,2,0.9735,0.9238,0.0497,5.381,5.381,5.3454,5.4166
60729,1,0.1995,0.1881,0.0114,5.3287,5.3287,5.3287,5.3287
60730,1,1.3521,1.3154,0.0367,5.4077,5.4077,5.4077,5.4077
60732,1,1.254,1.2329,0.0211,5.4128,5.4128,5.4128,5.4128
60742,1,0.6364,0.6074,0.029,5.4031,5.4031,5.4031,5.4031
60746,1,0.3851,0.3637,0.0214,5.3319,5.3319,5.3319,5.3319
60747,2,1.0516,1.0059,0.0457,5.3697,5.3697,5.3608,5.3786
60751,1,0.7807,0.7578,0.0229,5.3426,5.3426,5.3426,5.3426
60779,1,1.3099,1.2841,0.0258,5.4009,5.4009,5.4009,5.4009
60784,44,35.8652,34.8992,0.966,5.3763,5.3704,5.3214,5.4372
60786,1,0.512,0.4906,0.0214,5.3573,5.3573,5.3573,5.3573
60804,1,0.7404,0.7146,0.0257,5.358,5.358,5.358,5.358
60876,1,0.4214,0.4037,0.0177,5.3368,5.3368,5.3368,5.3368
60892,1,0.5812,0.5614,0.0198,5.3521,5.3521,5.3521,5.3521
60932,1,1.0462,1.0215,0.0247,5.4023,5.4023,5.4023,5.4023
60933,1,0.4308,0.4165,0.0143,5.3722,5.3722,5.3722,5.3722
60949,1,0.5108,0.4921,0.0187,5.3414,5.3414,5.3414,5.3414
60991,1,0.9987,0.9733,0.0254,5.3836,5.3836,5.3836,5.3836
61049,1,1.113,1.0868,0.0263,5.3861,5.3861,5.3861,5.3861
61088,1,0.9591,0.9344,0.0248,5.3861,5.3861,5.3861,5.3861
61089,1,0.3814,0.3648,0.0166,5.3364,5.3364,5.3364,5.3364
61100,1,0.7194,0.6968,0.0227,5.3449,5.3449,5.3449,5.3449
61101,1,0.3559,0.3405,0.0154,5.3785,5.3785,5.3785,5.3785
61131,1,0.3898,0.3725,0.0173,5.3392,5.3392,5.3392,5.3392
61137,1,0.3815,0.364,0.0176,5.3426,5.3426,5.3426,5.3426
61141,1,0.3931,0.3757,0.0174,5.3302,5.3302,5.3302,5.3302
61148,1,0.3963,0.3773,0.019,5.3953,5.3953,5.3953,5.3953
61161,2,1.1784,1.1427,0.0357,5.3261,5.3261,5.3242,5.3279
61162,3,3.1667,3.103,0.0638,5.3386,5.3387,5.3359,5.3411
61169,2,1.4416,1.4095,0.0321,5.3574,5.3574,5.3321,5.3828
61180,1,1.3665,1.3537,0.0128,5.3655,5.3655,5.3655,5.3655
61191,1,0.5858,0.5709,0.0149,5.324,5.324,5.324,5.324
61210,1,1.0669,1.0521,0.0149,5.3464,5.3464,5.3464,5.3464
61221,1,0.6174,0.6044,0.013,5.3324,5.3324,5.3324,5.3324
61235,2,1.7614,1.7289,0.0325,5.3597,5.3597,5.3396,5.3799
61242,1,0.6038,0.5908,0.013,5.3254,5.3254,5.3254,5.3254
61283,1,0.6512,0.6356,0.0155,5.3316,5.3316,5.3316,5.3316
61284,32,25.5064,24.915,0.5914,5.3469,5.3403,5.2965,5.4182
61309,1,0.4714,0.4553,0.0161,5.3369,5.3369,5.3369,5.3369
61346,1,0.5757,0.5589,0.0168,5.3332,5.3332,5.3332,5.3332
61360,4,3.3781,3.3132,0.0649,5.3273,5.3269,5.3201,5.3354
61364,1,0.6655,0.646,0.0195,5.3367,5.3367,5.3367,5.3367
61370,1,0.613,0.5952,0.0178,5.3444,5.3444,5.3444,5.3444
61371,2,1.4836,1.4457,0.0379,5.3545,5.3545,5.3401,5.3688
61372,1,0.476,0.4606,0.0154,5.3328,5.3328,5.3328,5.3328
61375,1,1.2047,1.1838,0.0209,5.3794,5.3794,5.3794,5.3794
61376,1,0.6524,0.6326,0.0197,5.3373,5.3373,5.3373,5.3373
61377,1,0.6157,0.5974,0.0183,5.3417,5.3417,5.3417,5.3417
61382,3,1.8874,1.8384,0.0489,5.3319,5.3309,5.3273,5.3374
61384,1,1.1358,1.112,0.0238,5.377,5.377,5.377,5.377
61391,1,0.6855,0.6703,0.0152,5.3661,5.3661,5.3661,5.3661
61394,1,0.492,0.4773,0.0147,5.3276,5.3276,5.3276,5.3276
61397,1,1.1168,1.0936,0.0232,5.3722,5.3722,5.3722,5.3722
61400,3,2.334,2.2838,0.0502,5.3604,5.3401,5.3362,5.4049
61401,2,1.7755,1.7353,0.0402,5.3674,5.3674,5.3665,5.3683
61402,1,1.1482,1.1242,0.024,5.3805,5.3805,5.3805,5.3805
61403,1,1.1568,1.1398,0.017,5.3763,5.3763,5.3763,5.3763
61405,1,0.9778,0.9582,0.0196,5.3434,5.3434,5.3434,5.3434
61407,1,0.5405,0.5211,0.0194,5.3508,5.3508,5.3508,5.3508
61419,1,1.423,1.4082,0.0148,5.4252,5.4252,5.4252,5.4252
61423,1,0.6197,0.6004,0.0193,5.332,5.332,5.332,5.332
61425,1,1.4589,1.4409,0.018,5.4231,5.4231,5.4231,5.4231
61443,1,0.3827,0.3682,0.0146,5.3509,5.3509,5.3509,5.3509
61449,1,1.1388,1.1209,0.0179,5.4112,5.4112,5.4112,5.4112
61458,1,0.9032,0.8759,0.0273,5.3437,5.3437,5.3437,5.3437
61512,1,0.5213,0.5041,0.0172,5.3435,5.3435,5.3435,5.3435
61524,1,0.512,0.4935,0.0185,5.3507,5.3507,5.3507,5.3507
61561,1,0.3934,0.3775,0.0158,5.3242,5.3242,5.3242,5.3242
61573,1,0.382,0.3662,0.0158,5.3233,5.3233,5.3233,5.3233
61596,1,0.4616,0.4435,0.018,5.3659,5.3659,5.3659,5.3659
61602,1,0.627,0.6089,0.018,5.3559,5.3559,5.3559,5.3559
61651,3,1.6592,1.6057,0.0536,5.3589,5.3413,5.3356,5.3998
61671,4,3.2586,3.1741,0.0845,5.3403,5.3399,5.3336,5.3476
61672,2,0.8913,0.857,0.0343,5.3399,5.3399,5.3379,5.3419
61676,1,0.5905,0.5691,0.0213,5.3435,5.3435,5.3435,5.3435
61680,1,0.7045,0.6831,0.0214,5.3281,5.3281,5.3281,5.3281
61706,2,1.2524,1.2106,0.0418,5.3243,5.3243,5.3178,5.3309
61726,1,0.5559,0.5345,0.0215,5.3238,5.3238,5.3238,5.3238
61748,1,0.5088,0.4882,0.0206,5.3478,5.3478,5.3478,5.3478
61751,1,0.7475,0.7246,0.0228,5.348,5.348,5.348,5.348
61840,9,3.7535,3.5886,0.1649,5.3404,5.3354,5.3284,5.3693
61872,1,0.5736,0.5536,0.02,5.3617,5.3617,5.3617,5.3617
61910,1,0.6253,0.6033,0.0221,5.3378,5.3378,5.3378,5.3378
61929,5,3.4304,3.3151,0.1153,5.3579,5.3516,5.3399,5.3743
61930,33,18.4603,17.8346,0.6257,5.3356,5.3305,5.309,5.3872
61931,1,0.7975,0.778,0.0194,5.3802,5.3802,5.3802,5.3802
61999,1,0.5438,0.5245,0.0193,5.3403,5.3403,5.3403,5.3403
62058,1,0.4691,0.4508,0.0183,5.326,5.326,5.326,5.326
62065,1,1.0244,1.0002,0.0242,5.3713,5.3713,5.3713,5.3713
62070,1,0.8419,0.8181,0.0239,5.3543,5.3543,5.3543,5.3543
62079,1,0.4495,0.4316,0.0179,5.3339,5.3339,5.3339,5.3339
62080,1,0.414,0.3959,0.0181,5.3788,5.3788,5.3788,5.3788
62090,1,0.3802,0.3649,0.0152,5.327,5.327,5.327,5.327
62092,1,0.5516,0.5305,0.0211,5.3214,5.3214,5.3214,5.3214
62102,1,0.5427,0.5226,0.0202,5.3419,5.3419,5.3419,5.3419
62107,13,6.8398,6.5859,0.2539,5.3306,5.3308,5.3127,5.3507
62109,2,0.9735,0.9342,0.0393,5.3395,5.3395,5.3281,5.3508
62110,4,1.8856,1.8013,0.0843,5.332,5.3339,5.3199,5.3401
62114,7,3.133,2.9928,0.1402,5.3375,5.3457,5.3117,5.3549
62124,6,2.2552,2.1438,0.1114,5.3244,5.3224,5.3124,5.3385
62131,18,6.9237,6.5884,0.3352,5.4818,5.3312,5.3258,5.9218
62208,4,1.4085,1.3371,0.0714,5.3406,5.339,5.333,5.3512
62297,1,0.6907,0.6663,0.0244,5.3459,5.3459,5.3459,5.3459
62432,1,0.4454,0.4256,0.0197,5.3273,5.3273,5.3273,5.3273
62450,1,0.5159,0.4973,0.0186,5.3139,5.3139,5.3139,5.3139
62461,1,0.5153,0.4953,0.02,5.3354,5.3354,5.3354,5.3354
